{"type":"FeatureCollection","name":"Honduras municipalities","source":"geoBoundaries gbOpen HND ADM2; source ICF Honduras; CC BY 4.0","features":[{"type":"Feature","id":"27666195B1306465468635","properties":{"admin_level":2,"municipality_code":"27666195B1306465468635","municipality":"Arizona","municipality_key":"arizona","department_code":"10453824B27728388827872","department":"Atlántida","department_key":"atlantida","join_key":"atlantida|arizona","centroid_lat":15.64346,"centroid_lon":-87.36101},"geometry":{"type":"Polygon","coordinates":[[[-87.37575,15.84584],[-87.31489,15.82774],[-87.32075,15.82353],[-87.32076,15.81237],[-87.31534,15.8103],[-87.31659,15.80174],[-87.31539,15.79688],[-87.31226,15.79647],[-87.31391,15.79456],[-87.31108,15.79061],[-87.30462,15.79357],[-87.29964,15.79],[-87.30184,15.78032],[-87.29485,15.77756],[-87.29471,15.77273],[-87.28864,15.77327],[-87.29001,15.7687],[-87.2873,15.77092],[-87.2864,15.76574],[-87.28115,15.76794],[-87.28103,15.76378],[-87.27545,15.75724],[-87.28079,15.75828],[-87.28012,15.75339],[-87.27243,15.75515],[-87.27897,15.7515],[-87.27679,15.73823],[-87.28008,15.73638],[-87.2808,15.74033],[-87.28555,15.73349],[-87.27979,15.73365],[-87.28153,15.72691],[-87.28468,15.73026],[-87.28573,15.72525],[-87.29184,15.72713],[-87.28915,15.72141],[-87.29403,15.71553],[-87.30394,15.71159],[-87.29563,15.70427],[-87.29828,15.70152],[-87.29732,15.6889],[-87.30225,15.688],[-87.30992,15.66157],[-87.31523,15.65946],[-87.31631,15.656],[-87.31323,15.65144],[-87.31765,15.64827],[-87.32052,15.65325],[-87.32564,15.64661],[-87.32391,15.64032],[-87.31355,15.63422],[-87.29021,15.63743],[-87.28759,15.63332],[-87.27634,15.6302],[-87.27584,15.62634],[-87.27198,15.62723],[-87.26712,15.6232],[-87.28673,15.60911],[-87.285,15.44678],[-87.2919,15.44904],[-87.31237,15.4407],[-87.32259,15.45278],[-87.33408,15.45189],[-87.34443,15.45719],[-87.36137,15.44374],[-87.3802,15.437],[-87.38169,15.4403],[-87.38393,15.43873],[-87.38653,15.44627],[-87.39189,15.44415],[-87.39047,15.45094],[-87.39425,15.45154],[-87.39849,15.44741],[-87.39869,15.45196],[-87.40311,15.4507],[-87.39942,15.45509],[-87.40579,15.45795],[-87.40646,15.45484],[-87.41015,15.45434],[-87.41013,15.45918],[-87.41696,15.45835],[-87.4189,15.4652],[-87.423,15.46265],[-87.42179,15.47072],[-87.42552,15.47898],[-87.43777,15.48404],[-87.43122,15.4898],[-87.44032,15.49699],[-87.43815,15.50574],[-87.44038,15.50953],[-87.43497,15.51343],[-87.4379,15.51658],[-87.43424,15.51773],[-87.43703,15.5217],[-87.43449,15.53055],[-87.44144,15.52853],[-87.44864,15.53012],[-87.46043,15.54534],[-87.45521,15.55115],[-87.45091,15.5491],[-87.4436,15.55605],[-87.43259,15.56028],[-87.4329,15.56317],[-87.4249,15.56943],[-87.41793,15.58083],[-87.41469,15.5836],[-87.41038,15.5816],[-87.40028,15.59514],[-87.40907,15.61586],[-87.38681,15.66785],[-87.3971,15.71076],[-87.40504,15.69785],[-87.41341,15.69332],[-87.42371,15.73074],[-87.40453,15.74455],[-87.39684,15.7628],[-87.39309,15.76662],[-87.38116,15.77033],[-87.38062,15.77887],[-87.36722,15.78783],[-87.3743,15.81845],[-87.38082,15.82283],[-87.38279,15.82969],[-87.376,15.83908],[-87.37575,15.84584]]]}},{"type":"Feature","id":"27666195B30019857874789","properties":{"admin_level":2,"municipality_code":"27666195B30019857874789","municipality":"El Porvenir","municipality_key":"elporvenir","department_code":"10453824B27728388827872","department":"Atlántida","department_key":"atlantida","join_key":"atlantida|elporvenir","centroid_lat":15.65882,"centroid_lon":-86.90502},"geometry":{"type":"Polygon","coordinates":[[[-86.88309,15.76144],[-86.88387,15.75396],[-86.86918,15.74301],[-86.86242,15.71306],[-86.85401,15.69706],[-86.85353,15.69096],[-86.84668,15.68313],[-86.8495,15.67752],[-86.84763,15.67422],[-86.85029,15.65703],[-86.8822,15.63405],[-86.86387,15.61817],[-86.86902,15.61206],[-86.8834,15.60819],[-86.87866,15.60308],[-86.87887,15.59507],[-86.8751,15.59349],[-86.87628,15.58774],[-86.8649,15.57427],[-86.86547,15.56093],[-86.87553,15.55671],[-86.88246,15.55907],[-86.89799,15.55432],[-86.90714,15.5599],[-86.92687,15.5455],[-86.94403,15.54906],[-86.9726,15.54657],[-86.98117,15.54968],[-86.96509,15.56994],[-86.95956,15.57121],[-86.95382,15.57862],[-86.9547,15.58984],[-86.96107,15.59796],[-86.96682,15.59954],[-86.95994,15.60775],[-86.96083,15.61331],[-86.96567,15.61655],[-86.96413,15.62379],[-86.9684,15.62934],[-86.96301,15.63729],[-86.96984,15.64038],[-86.96195,15.64604],[-86.96362,15.65316],[-86.95832,15.65498],[-86.96083,15.66061],[-86.96778,15.66256],[-86.96066,15.66708],[-86.961,15.67948],[-86.95685,15.68398],[-86.95495,15.69468],[-86.95953,15.69884],[-86.97238,15.69355],[-87.00414,15.69225],[-87.00337,15.70259],[-87.00921,15.70092],[-87.00784,15.71147],[-87.0129,15.71085],[-87.0144,15.71564],[-87.01078,15.7339],[-87.01398,15.73343],[-87.02065,15.74587],[-87.01132,15.75291],[-87.01213,15.75731],[-86.99931,15.76236],[-87.00339,15.77002],[-86.96568,15.76134],[-86.91185,15.75464],[-86.88309,15.76144]]]}},{"type":"Feature","id":"27666195B38540325718950","properties":{"admin_level":2,"municipality_code":"27666195B38540325718950","municipality":"Esparta","municipality_key":"esparta","department_code":"10453824B27728388827872","department":"Atlántida","department_key":"atlantida","join_key":"atlantida|esparta","centroid_lat":15.62872,"centroid_lon":-87.24688},"geometry":{"type":"Polygon","coordinates":[[[-87.22216,15.42663],[-87.24572,15.43661],[-87.25252,15.43718],[-87.25886,15.43384],[-87.26277,15.43816],[-87.27448,15.43817],[-87.27948,15.44603],[-87.285,15.44678],[-87.28673,15.60911],[-87.26712,15.6232],[-87.27198,15.62723],[-87.27584,15.62634],[-87.27634,15.6302],[-87.28759,15.63332],[-87.29021,15.63743],[-87.31355,15.63422],[-87.32391,15.64032],[-87.32564,15.64661],[-87.32052,15.65325],[-87.31765,15.64827],[-87.31323,15.65144],[-87.31631,15.656],[-87.31523,15.65946],[-87.30992,15.66157],[-87.30225,15.688],[-87.29732,15.6889],[-87.29828,15.70152],[-87.29563,15.70427],[-87.30394,15.71159],[-87.29403,15.71553],[-87.28915,15.72141],[-87.29184,15.72713],[-87.28573,15.72525],[-87.28468,15.73026],[-87.28153,15.72691],[-87.27979,15.73365],[-87.28555,15.73349],[-87.2808,15.74033],[-87.28008,15.73638],[-87.27679,15.73823],[-87.27897,15.7515],[-87.27243,15.75515],[-87.28012,15.75339],[-87.28079,15.75828],[-87.27545,15.75724],[-87.28103,15.76378],[-87.28115,15.76794],[-87.2864,15.76574],[-87.2873,15.77092],[-87.29001,15.7687],[-87.28864,15.77327],[-87.29471,15.77273],[-87.29485,15.77756],[-87.30184,15.78032],[-87.29964,15.79],[-87.30462,15.79357],[-87.31108,15.79061],[-87.31391,15.79456],[-87.31226,15.79647],[-87.31539,15.79688],[-87.31659,15.80174],[-87.31534,15.8103],[-87.32076,15.81237],[-87.32075,15.82353],[-87.31489,15.82774],[-87.32153,15.83112],[-87.21911,15.80196],[-87.14557,15.78856],[-87.12734,15.78085],[-87.128,15.77108],[-87.13337,15.76281],[-87.13228,15.7576],[-87.13664,15.75317],[-87.13426,15.75021],[-87.1384,15.74752],[-87.13012,15.73172],[-87.13699,15.69875],[-87.14396,15.69562],[-87.14504,15.68831],[-87.1514,15.68497],[-87.15041,15.68195],[-87.15356,15.68149],[-87.15724,15.67485],[-87.16232,15.67493],[-87.15988,15.6726],[-87.16083,15.66792],[-87.17719,15.6666],[-87.18366,15.65689],[-87.18795,15.65704],[-87.18885,15.6623],[-87.18999,15.65975],[-87.19206,15.6625],[-87.19883,15.66012],[-87.19957,15.65261],[-87.20592,15.65306],[-87.20914,15.65022],[-87.20889,15.64631],[-87.21109,15.64882],[-87.21559,15.64705],[-87.2204,15.6415],[-87.21577,15.63348],[-87.21821,15.6272],[-87.20979,15.62423],[-87.20665,15.61536],[-87.2123,15.61343],[-87.21144,15.60526],[-87.21612,15.60093],[-87.21753,15.59473],[-87.21055,15.59001],[-87.20903,15.57491],[-87.21909,15.56609],[-87.22001,15.5629],[-87.21705,15.5595],[-87.22138,15.5556],[-87.21816,15.54666],[-87.21488,15.54731],[-87.21568,15.5374],[-87.21227,15.52238],[-87.214,15.51536],[-87.21141,15.51502],[-87.21103,15.51067],[-87.21561,15.50841],[-87.21955,15.50052],[-87.21769,15.48962],[-87.22527,15.48391],[-87.22465,15.47384],[-87.2283,15.47217],[-87.22476,15.46425],[-87.22892,15.46061],[-87.23157,15.44755],[-87.22913,15.43617],[-87.22093,15.43053],[-87.22216,15.42663]]]}},{"type":"Feature","id":"27666195B3977655085649","properties":{"admin_level":2,"municipality_code":"27666195B3977655085649","municipality":"Jutiapa","municipality_key":"jutiapa","department_code":"10453824B27728388827872","department":"Atlántida","department_key":"atlantida","join_key":"atlantida|jutiapa","centroid_lat":15.69559,"centroid_lon":-86.50386},"geometry":{"type":"Polygon","coordinates":[[[-86.63713,15.60274],[-86.63057,15.60933],[-86.61585,15.61289],[-86.61071,15.6453],[-86.6166,15.66144],[-86.61833,15.68715],[-86.60849,15.69768],[-86.62611,15.72555],[-86.61178,15.73619],[-86.60052,15.75294],[-86.59947,15.77691],[-86.60207,15.78235],[-86.60125,15.78804],[-86.59818,15.78918],[-86.59901,15.79718],[-86.52222,15.80655],[-86.50006,15.81577],[-86.48082,15.80984],[-86.43407,15.77983],[-86.44594,15.78245],[-86.45112,15.78019],[-86.44599,15.77219],[-86.44375,15.76126],[-86.44333,15.7558],[-86.4487,15.74513],[-86.44753,15.73723],[-86.44339,15.73359],[-86.44204,15.72272],[-86.40644,15.71842],[-86.40439,15.71298],[-86.39705,15.70699],[-86.39427,15.69874],[-86.39927,15.69349],[-86.39648,15.6924],[-86.39831,15.68541],[-86.39532,15.67823],[-86.38918,15.68263],[-86.38535,15.6816],[-86.38226,15.6746],[-86.37518,15.67801],[-86.36229,15.67503],[-86.36485,15.66215],[-86.36236,15.6581],[-86.36343,15.60477],[-86.38219,15.59523],[-86.40759,15.59252],[-86.40118,15.57288],[-86.4409,15.58686],[-86.45254,15.58832],[-86.47206,15.59692],[-86.48062,15.59654],[-86.48516,15.59094],[-86.50187,15.59013],[-86.51077,15.58417],[-86.51763,15.58604],[-86.51835,15.58191],[-86.52289,15.58074],[-86.53892,15.5914],[-86.55656,15.59097],[-86.5773,15.58586],[-86.63713,15.60274]]]}},{"type":"Feature","id":"27666195B56820248384798","properties":{"admin_level":2,"municipality_code":"27666195B56820248384798","municipality":"La Ceiba","municipality_key":"laceiba","department_code":"10453824B27728388827872","department":"Atlántida","department_key":"atlantida","join_key":"atlantida|laceiba","centroid_lat":15.66783,"centroid_lon":-86.73282},"geometry":{"type":"Polygon","coordinates":[[[-86.59901,15.79718],[-86.59818,15.78918],[-86.60125,15.78804],[-86.60207,15.78235],[-86.59947,15.77691],[-86.60052,15.75294],[-86.61178,15.73619],[-86.62611,15.72555],[-86.60849,15.69768],[-86.61833,15.68715],[-86.6166,15.66144],[-86.61071,15.6453],[-86.61585,15.61289],[-86.63057,15.60933],[-86.63713,15.60274],[-86.64207,15.60333],[-86.69605,15.58213],[-86.73232,15.55725],[-86.76428,15.54821],[-86.76411,15.54489],[-86.76931,15.54351],[-86.7758,15.54236],[-86.80231,15.54757],[-86.80827,15.55475],[-86.81357,15.55505],[-86.83104,15.54267],[-86.83926,15.54856],[-86.84886,15.54718],[-86.85067,15.56441],[-86.85842,15.56581],[-86.86547,15.56093],[-86.8649,15.57427],[-86.87628,15.58774],[-86.8751,15.59349],[-86.87887,15.59507],[-86.87866,15.60308],[-86.8834,15.60819],[-86.86902,15.61206],[-86.86387,15.61817],[-86.8822,15.63405],[-86.85029,15.65703],[-86.84763,15.67422],[-86.8495,15.67752],[-86.84668,15.68313],[-86.85353,15.69096],[-86.85401,15.69706],[-86.86242,15.71306],[-86.86918,15.74301],[-86.88387,15.75396],[-86.88309,15.76144],[-86.82996,15.76785],[-86.80486,15.78026],[-86.77888,15.79862],[-86.70091,15.78668],[-86.66675,15.78797],[-86.63694,15.79654],[-86.59901,15.79718]]]}},{"type":"Feature","id":"27666195B29134923600773","properties":{"admin_level":2,"municipality_code":"27666195B29134923600773","municipality":"La Masica","municipality_key":"lamasica","department_code":"10453824B27728388827872","department":"Atlántida","department_key":"atlantida","join_key":"atlantida|lamasica","centroid_lat":15.60452,"centroid_lon":-87.13776},"geometry":{"type":"Polygon","coordinates":[[[-87.22216,15.42663],[-87.22093,15.43053],[-87.22913,15.43617],[-87.23157,15.44755],[-87.22892,15.46061],[-87.22476,15.46425],[-87.2283,15.47217],[-87.22465,15.47384],[-87.22527,15.48391],[-87.21769,15.48962],[-87.21955,15.50052],[-87.21561,15.50841],[-87.21103,15.51067],[-87.21141,15.51502],[-87.214,15.51536],[-87.21227,15.52238],[-87.21568,15.5374],[-87.21488,15.54731],[-87.21816,15.54666],[-87.22138,15.5556],[-87.21705,15.5595],[-87.22001,15.5629],[-87.21909,15.56609],[-87.20903,15.57491],[-87.21055,15.59001],[-87.21753,15.59473],[-87.21612,15.60093],[-87.21144,15.60526],[-87.2123,15.61343],[-87.20665,15.61536],[-87.20979,15.62423],[-87.21821,15.6272],[-87.21577,15.63348],[-87.2204,15.6415],[-87.21559,15.64705],[-87.21109,15.64882],[-87.20889,15.64631],[-87.20914,15.65022],[-87.20592,15.65306],[-87.19957,15.65261],[-87.19883,15.66012],[-87.19206,15.6625],[-87.18999,15.65975],[-87.18885,15.6623],[-87.18795,15.65704],[-87.18366,15.65689],[-87.17719,15.6666],[-87.16083,15.66792],[-87.15988,15.6726],[-87.16232,15.67493],[-87.15724,15.67485],[-87.15356,15.68149],[-87.15041,15.68195],[-87.1514,15.68497],[-87.14504,15.68831],[-87.14396,15.69562],[-87.13699,15.69875],[-87.13012,15.73172],[-87.1384,15.74752],[-87.13426,15.75021],[-87.13664,15.75317],[-87.13228,15.7576],[-87.13337,15.76281],[-87.128,15.77108],[-87.12734,15.78085],[-87.14557,15.78856],[-87.09167,15.7853],[-87.08979,15.78145],[-87.07078,15.77239],[-87.07908,15.76897],[-87.09802,15.74146],[-87.09655,15.73497],[-87.10267,15.71491],[-87.10838,15.70953],[-87.10374,15.70335],[-87.10767,15.69079],[-87.10538,15.68811],[-87.09511,15.68871],[-87.09183,15.68493],[-87.09421,15.68121],[-87.09271,15.67612],[-87.08508,15.68222],[-87.08219,15.68128],[-87.08435,15.67735],[-87.07656,15.66905],[-87.07762,15.66205],[-87.07137,15.64797],[-87.07373,15.64429],[-87.06932,15.64133],[-87.06853,15.63157],[-87.06419,15.6269],[-87.06213,15.6187],[-87.06335,15.60378],[-87.06805,15.59688],[-87.065,15.59188],[-87.06724,15.58509],[-87.05806,15.57959],[-87.06408,15.57436],[-87.06336,15.57213],[-87.05563,15.57484],[-87.06131,15.56071],[-87.05019,15.54984],[-87.04962,15.54671],[-87.05407,15.54187],[-87.05256,15.53489],[-87.04573,15.53053],[-87.04264,15.53148],[-87.0424,15.50271],[-87.04972,15.49824],[-87.04898,15.48698],[-87.07351,15.47267],[-87.09129,15.47233],[-87.10814,15.45509],[-87.13097,15.45479],[-87.15139,15.45879],[-87.16931,15.44006],[-87.17467,15.42351],[-87.17898,15.42],[-87.18827,15.42191],[-87.19129,15.427],[-87.20145,15.42305],[-87.21494,15.42352],[-87.22216,15.42663]]]}},{"type":"Feature","id":"27666195B12880656557631","properties":{"admin_level":2,"municipality_code":"27666195B12880656557631","municipality":"San Francisco","municipality_key":"sanfrancisco","department_code":"10453824B27728388827872","department":"Atlántida","department_key":"atlantida","join_key":"atlantida|sanfrancisco","centroid_lat":15.65057,"centroid_lon":-87.01777},"geometry":{"type":"Polygon","coordinates":[[[-87.0407,15.51085],[-87.04341,15.51562],[-87.04087,15.52305],[-87.04264,15.53148],[-87.04573,15.53053],[-87.05256,15.53489],[-87.05407,15.54187],[-87.04962,15.54671],[-87.05019,15.54984],[-87.06131,15.56071],[-87.05563,15.57484],[-87.06336,15.57213],[-87.06408,15.57436],[-87.05806,15.57959],[-87.06724,15.58509],[-87.065,15.59188],[-87.06805,15.59688],[-87.06335,15.60378],[-87.06213,15.6187],[-87.06419,15.6269],[-87.06853,15.63157],[-87.06932,15.64133],[-87.07373,15.64429],[-87.07137,15.64797],[-87.07762,15.66205],[-87.07656,15.66905],[-87.08435,15.67735],[-87.08219,15.68128],[-87.08508,15.68222],[-87.09271,15.67612],[-87.09421,15.68121],[-87.09183,15.68493],[-87.09511,15.68871],[-87.10538,15.68811],[-87.10767,15.69079],[-87.10374,15.70335],[-87.10838,15.70953],[-87.10267,15.71491],[-87.09655,15.73497],[-87.09802,15.74146],[-87.07908,15.76897],[-87.07078,15.77239],[-87.08979,15.78145],[-87.09167,15.7853],[-87.04691,15.77492],[-87.01888,15.77617],[-87.00339,15.77002],[-86.99931,15.76236],[-87.01213,15.75731],[-87.01132,15.75291],[-87.02065,15.74587],[-87.01398,15.73343],[-87.01078,15.7339],[-87.0144,15.71564],[-87.0129,15.71085],[-87.00784,15.71147],[-87.00921,15.70092],[-87.00337,15.70259],[-87.00414,15.69225],[-86.97238,15.69355],[-86.95953,15.69884],[-86.95495,15.69468],[-86.95685,15.68398],[-86.961,15.67948],[-86.96066,15.66708],[-86.96778,15.66256],[-86.96083,15.66061],[-86.95832,15.65498],[-86.96362,15.65316],[-86.96195,15.64604],[-86.96984,15.64038],[-86.96301,15.63729],[-86.9684,15.62934],[-86.96413,15.62379],[-86.96567,15.61655],[-86.96083,15.61331],[-86.95994,15.60775],[-86.96682,15.59954],[-86.96107,15.59796],[-86.9547,15.58984],[-86.95452,15.57556],[-86.96509,15.56994],[-86.98117,15.54968],[-86.98442,15.55535],[-86.9926,15.54954],[-87.00663,15.53123],[-87.02648,15.51798],[-87.02841,15.51284],[-87.0407,15.51085]]]}},{"type":"Feature","id":"27666195B55788691524887","properties":{"admin_level":2,"municipality_code":"27666195B55788691524887","municipality":"Tela","municipality_key":"tela","department_code":"10453824B27728388827872","department":"Atlántida","department_key":"atlantida","join_key":"atlantida|tela","centroid_lat":15.7146,"centroid_lon":-87.59672},"geometry":{"type":"Polygon","coordinates":[[[-87.38221,15.82807],[-87.38082,15.82283],[-87.3743,15.81845],[-87.36722,15.78783],[-87.38062,15.77887],[-87.38116,15.77033],[-87.39309,15.76662],[-87.39684,15.7628],[-87.40453,15.74455],[-87.42371,15.73074],[-87.41341,15.69332],[-87.40504,15.69785],[-87.3971,15.71076],[-87.38681,15.66785],[-87.40907,15.61586],[-87.40028,15.59514],[-87.40172,15.59078],[-87.41038,15.5816],[-87.41469,15.5836],[-87.41793,15.58083],[-87.4249,15.56943],[-87.4329,15.56317],[-87.43259,15.56028],[-87.4436,15.55605],[-87.45091,15.5491],[-87.45521,15.55115],[-87.46244,15.54193],[-87.47933,15.53621],[-87.494,15.52014],[-87.50991,15.51722],[-87.51489,15.51476],[-87.5141,15.51213],[-87.52627,15.52052],[-87.54017,15.51688],[-87.54593,15.51196],[-87.55077,15.51465],[-87.56139,15.51133],[-87.56082,15.50939],[-87.56919,15.50992],[-87.57194,15.50682],[-87.59222,15.50492],[-87.62199,15.50691],[-87.59834,15.55246],[-87.62153,15.55573],[-87.62678,15.56579],[-87.64186,15.57354],[-87.66328,15.57533],[-87.67363,15.57954],[-87.68048,15.59199],[-87.68035,15.59917],[-87.67692,15.60237],[-87.68252,15.61423],[-87.68131,15.64591],[-87.68792,15.64858],[-87.70224,15.66549],[-87.70585,15.6657],[-87.70603,15.66983],[-87.71815,15.671],[-87.72743,15.68053],[-87.73589,15.68305],[-87.74209,15.69561],[-87.74614,15.69628],[-87.74715,15.69953],[-87.77216,15.70501],[-87.77605,15.71115],[-87.7723,15.71805],[-87.77635,15.73069],[-87.77036,15.73343],[-87.75605,15.73206],[-87.76622,15.74816],[-87.76458,15.7598],[-87.77618,15.77382],[-87.77967,15.77072],[-87.7818,15.75946],[-87.78478,15.75821],[-87.78677,15.75988],[-87.78133,15.77516],[-87.78901,15.78323],[-87.78993,15.78889],[-87.79814,15.78624],[-87.80173,15.78831],[-87.80101,15.79297],[-87.7939,15.79655],[-87.79833,15.80871],[-87.79418,15.81136],[-87.78528,15.80505],[-87.78057,15.80715],[-87.77952,15.8123],[-87.78612,15.82277],[-87.78391,15.8264],[-87.77473,15.81888],[-87.76986,15.81951],[-87.77349,15.82521],[-87.77225,15.83988],[-87.76566,15.84279],[-87.77338,15.84949],[-87.77302,15.85501],[-87.76194,15.86343],[-87.74875,15.8793],[-87.74673,15.87348],[-87.73022,15.87759],[-87.72819,15.88615],[-87.73182,15.89321],[-87.7295,15.90595],[-87.72613,15.91385],[-87.71918,15.91948],[-87.66577,15.89096],[-87.65503,15.8879],[-87.65234,15.89245],[-87.64706,15.89386],[-87.65279,15.88269],[-87.64957,15.87765],[-87.64203,15.87402],[-87.6345,15.8767],[-87.63471,15.88972],[-87.63793,15.89225],[-87.63609,15.89532],[-87.64049,15.90528],[-87.64416,15.89722],[-87.64733,15.89569],[-87.6445,15.90508],[-87.6372,15.90907],[-87.63894,15.90561],[-87.63349,15.90452],[-87.63091,15.909],[-87.63362,15.91007],[-87.627,15.91681],[-87.62733,15.91281],[-87.62394,15.91306],[-87.62113,15.92011],[-87.61591,15.91887],[-87.60136,15.92721],[-87.60476,15.92119],[-87.60953,15.91971],[-87.61944,15.90889],[-87.62837,15.90733],[-87.62858,15.90102],[-87.61616,15.87459],[-87.58885,15.84441],[-87.60008,15.85441],[-87.59271,15.84283],[-87.612,15.83794],[-87.61234,15.84189],[-87.61696,15.82966],[-87.62888,15.81569],[-87.63062,15.80755],[-87.6264,15.79545],[-87.63736,15.77329],[-87.63007,15.76601],[-87.63167,15.77],[-87.62179,15.77144],[-87.61734,15.7769],[-87.60287,15.7744],[-87.59186,15.77585],[-87.59444,15.77702],[-87.59048,15.78485],[-87.58799,15.77457],[-87.5833,15.77285],[-87.58394,15.76983],[-87.55954,15.76843],[-87.54029,15.77195],[-87.52663,15.7643],[-87.51377,15.76408],[-87.50384,15.76749],[-87.50302,15.77546],[-87.51949,15.78585],[-87.52038,15.7923],[-87.52411,15.79065],[-87.52383,15.7871],[-87.51395,15.77803],[-87.50576,15.77678],[-87.50539,15.76808],[-87.52403,15.76734],[-87.53964,15.77489],[-87.54953,15.77577],[-87.57299,15.80287],[-87.60103,15.82585],[-87.59684,15.83222],[-87.58908,15.83644],[-87.5816,15.82281],[-87.57277,15.82207],[-87.56772,15.81538],[-87.5626,15.81404],[-87.56505,15.82163],[-87.57787,15.8309],[-87.58848,15.84351],[-87.54355,15.80602],[-87.5213,15.79292],[-87.49767,15.784],[-87.47604,15.77995],[-87.45433,15.78201],[-87.44532,15.78788],[-87.43855,15.79773],[-87.43465,15.79391],[-87.42896,15.79226],[-87.42473,15.79798],[-87.42582,15.80504],[-87.4344,15.79536],[-87.43809,15.79819],[-87.43131,15.80624],[-87.43144,15.81298],[-87.40122,15.81488],[-87.38221,15.82807]]]}},{"type":"Feature","id":"27666195B63359869130293","properties":{"admin_level":2,"municipality_code":"27666195B63359869130293","municipality":"Guanaja","municipality_key":"guanaja","department_code":"10453824B39335940856231","department":"Bay Islands","department_key":"bayislands","join_key":"bayislands|guanaja","centroid_lat":16.46053,"centroid_lon":-85.88427},"geometry":{"type":"MultiPolygon","coordinates":[[[[-85.84751,16.50612],[-85.8315,16.50251],[-85.82475,16.50869],[-85.82221,16.50808],[-85.82291,16.50201],[-85.81611,16.49775],[-85.81811,16.49224],[-85.8321,16.48492],[-85.84565,16.48324],[-85.85229,16.48549],[-85.84867,16.47988],[-85.85044,16.47238],[-85.84761,16.46789],[-85.8607,16.45155],[-85.86764,16.45188],[-85.86456,16.45299],[-85.8741,16.45661],[-85.8904,16.44824],[-85.89273,16.44341],[-85.90376,16.44164],[-85.89747,16.43737],[-85.9167,16.42614],[-85.92073,16.42036],[-85.92944,16.41729],[-85.93351,16.41016],[-85.95154,16.40188],[-85.94607,16.41691],[-85.93686,16.4305],[-85.93842,16.43595],[-85.93096,16.45335],[-85.92472,16.45506],[-85.91754,16.45076],[-85.91472,16.45194],[-85.9152,16.46446],[-85.9064,16.47625],[-85.90769,16.4815],[-85.89902,16.48266],[-85.89104,16.49711],[-85.88366,16.50281],[-85.87802,16.50423],[-85.86816,16.49927],[-85.86695,16.50876],[-85.86313,16.51417],[-85.84428,16.5148],[-85.84122,16.50907],[-85.84751,16.50612]]],[[[-85.82142,16.47926],[-85.82218,16.48012],[-85.82098,16.48044],[-85.82142,16.47926]]],[[[-85.82718,16.46644],[-85.82684,16.46795],[-85.82568,16.46746],[-85.82718,16.46644]]],[[[-85.83055,16.45768],[-85.8314,16.45809],[-85.82927,16.45884],[-85.83055,16.45768]]],[[[-85.85097,16.43898],[-85.84781,16.44301],[-85.84902,16.43974],[-85.85097,16.43898]]],[[[-85.88537,16.40311],[-85.8837,16.40717],[-85.88163,16.40744],[-85.88242,16.40495],[-85.88537,16.40311]]],[[[-85.88642,16.43909],[-85.88887,16.44221],[-85.88629,16.4421],[-85.88642,16.43909]]]]}},{"type":"Feature","id":"27666195B83736805727119","properties":{"admin_level":2,"municipality_code":"27666195B83736805727119","municipality":"Jose Santos Guardiola","municipality_key":"josesantosguardiola","department_code":"10453824B39335940856231","department":"Bay Islands","department_key":"bayislands","join_key":"bayislands|josesantosguardiola","centroid_lat":16.39371,"centroid_lon":-86.39079},"geometry":{"type":"MultiPolygon","coordinates":[[[[-86.15896,16.44061],[-86.14413,16.44658],[-86.12255,16.44451],[-86.1257,16.43928],[-86.14129,16.42899],[-86.14951,16.43483],[-86.16713,16.42785],[-86.16487,16.43538],[-86.15896,16.44061]]],[[[-86.18515,16.4268],[-86.1915,16.42815],[-86.19075,16.43222],[-86.18476,16.43531],[-86.18515,16.4268]]],[[[-86.22788,16.42519],[-86.19722,16.43001],[-86.1906,16.42297],[-86.20247,16.42338],[-86.20868,16.41781],[-86.21288,16.41793],[-86.21838,16.4112],[-86.22682,16.40809],[-86.23165,16.41809],[-86.23031,16.42002],[-86.22511,16.41944],[-86.22463,16.41956],[-86.22432,16.41996],[-86.22383,16.42223],[-86.22417,16.42362],[-86.22493,16.42437],[-86.22788,16.42519]]],[[[-86.20446,16.4111],[-86.20765,16.41297],[-86.20697,16.41641],[-86.20165,16.41351],[-86.20446,16.4111]]],[[[-86.43365,16.3622],[-86.4338,16.38292],[-86.42727,16.38952],[-86.42045,16.38954],[-86.41497,16.39443],[-86.40743,16.39533],[-86.40486,16.39855],[-86.40773,16.39957],[-86.39872,16.40423],[-86.39808,16.40167],[-86.39382,16.40191],[-86.38923,16.40712],[-86.35732,16.41676],[-86.35219,16.42085],[-86.34877,16.41678],[-86.34053,16.42146],[-86.31583,16.42589],[-86.31569,16.42923],[-86.30931,16.42648],[-86.27625,16.43044],[-86.25988,16.42466],[-86.23222,16.42678],[-86.22415,16.42267],[-86.22477,16.41965],[-86.23056,16.42017],[-86.23216,16.41826],[-86.23856,16.42023],[-86.25823,16.41723],[-86.26159,16.41321],[-86.26007,16.42008],[-86.26279,16.41669],[-86.26807,16.41896],[-86.27478,16.40973],[-86.2718,16.40723],[-86.28384,16.41291],[-86.29678,16.41405],[-86.29921,16.40652],[-86.31734,16.40306],[-86.31945,16.39444],[-86.32368,16.3925],[-86.33599,16.39298],[-86.33741,16.40839],[-86.3414,16.40313],[-86.33731,16.39105],[-86.34157,16.39536],[-86.34303,16.39204],[-86.35161,16.39167],[-86.35426,16.3981],[-86.354,16.3904],[-86.3577,16.38769],[-86.35345,16.38897],[-86.357,16.38662],[-86.36398,16.38768],[-86.36553,16.39518],[-86.36673,16.38839],[-86.37275,16.38547],[-86.3758,16.39218],[-86.37629,16.3891],[-86.37996,16.39166],[-86.38501,16.38772],[-86.37689,16.38624],[-86.37535,16.38171],[-86.38142,16.37748],[-86.38733,16.38386],[-86.38897,16.3802],[-86.38564,16.37569],[-86.39229,16.36603],[-86.40304,16.36983],[-86.39985,16.36646],[-86.40861,16.36498],[-86.41072,16.36884],[-86.41326,16.36787],[-86.4117,16.36465],[-86.41479,16.35959],[-86.41944,16.36068],[-86.41705,16.36582],[-86.41946,16.3689],[-86.42038,16.35871],[-86.43224,16.35792],[-86.43448,16.35898],[-86.43094,16.36176],[-86.43365,16.3622]]],[[[-86.26304,16.41097],[-86.26455,16.41295],[-86.26253,16.41368],[-86.26304,16.41097]]],[[[-86.28538,16.40128],[-86.28941,16.40311],[-86.28861,16.40493],[-86.28149,16.40332],[-86.28538,16.40128]]],[[[-86.3494,16.38905],[-86.35178,16.39048],[-86.34728,16.39082],[-86.3494,16.38905]]],[[[-86.37085,16.38277],[-86.37332,16.38425],[-86.37143,16.38495],[-86.37085,16.38277]]]]}},{"type":"Feature","id":"27666195B61672641857391","properties":{"admin_level":2,"municipality_code":"27666195B61672641857391","municipality":"Roatan","municipality_key":"roatan","department_code":"10453824B39335940856231","department":"Bay Islands","department_key":"bayislands","join_key":"bayislands|roatan","centroid_lat":16.32572,"centroid_lon":-86.53731},"geometry":{"type":"MultiPolygon","coordinates":[[[[-86.4338,16.38292],[-86.43499,16.3602],[-86.4411,16.35819],[-86.4405,16.3562],[-86.4548,16.35346],[-86.45286,16.3494],[-86.45977,16.34726],[-86.46023,16.35261],[-86.47516,16.33889],[-86.47545,16.33557],[-86.4857,16.33511],[-86.48646,16.33132],[-86.48237,16.33036],[-86.48709,16.3223],[-86.49373,16.32127],[-86.49759,16.32915],[-86.50711,16.31943],[-86.51284,16.32122],[-86.51285,16.319],[-86.52904,16.31313],[-86.54179,16.31458],[-86.55108,16.3123],[-86.56529,16.29467],[-86.5976,16.26864],[-86.60325,16.26768],[-86.59527,16.29078],[-86.59555,16.30503],[-86.59282,16.30578],[-86.59488,16.30847],[-86.59245,16.31122],[-86.5889,16.30709],[-86.59018,16.31321],[-86.58689,16.31689],[-86.58562,16.31275],[-86.58227,16.31386],[-86.58399,16.31789],[-86.56143,16.33503],[-86.52534,16.353],[-86.51978,16.34811],[-86.51881,16.35537],[-86.51228,16.35861],[-86.51448,16.35288],[-86.50715,16.35493],[-86.49663,16.36113],[-86.49514,16.36603],[-86.48639,16.36441],[-86.46286,16.37779],[-86.45234,16.37433],[-86.4338,16.38292]]],[[[-86.43617,16.35655],[-86.43893,16.3571],[-86.43612,16.3592],[-86.43617,16.35655]]],[[[-86.44209,16.35064],[-86.44333,16.35158],[-86.44185,16.35185],[-86.44209,16.35064]]],[[[-86.44521,16.34945],[-86.44582,16.35133],[-86.44379,16.35146],[-86.44521,16.34945]]],[[[-86.46382,16.34504],[-86.46314,16.34747],[-86.46168,16.34688],[-86.46382,16.34504]]],[[[-86.47019,16.33842],[-86.47172,16.33921],[-86.46792,16.34155],[-86.47019,16.33842]]],[[[-86.48573,15.97474],[-86.48014,15.97596],[-86.47837,15.97974],[-86.47148,15.97819],[-86.46982,15.97476],[-86.47672,15.96313],[-86.48083,15.96589],[-86.48117,15.97249],[-86.48596,15.97216],[-86.48573,15.97474]]],[[[-86.47592,16.33306],[-86.47823,16.33464],[-86.47425,16.33425],[-86.47592,16.33306]]],[[[-86.49395,16.31967],[-86.49636,16.32037],[-86.49713,16.32385],[-86.49552,16.32387],[-86.49395,16.31967]]],[[[-86.50706,15.95804],[-86.50026,15.9602],[-86.49909,15.9648],[-86.49816,15.95186],[-86.5071,15.95552],[-86.50706,15.95804]]],[[[-86.51789,15.9511],[-86.51987,15.95206],[-86.5182,15.95243],[-86.51789,15.9511]]],[[[-86.53595,16.30992],[-86.53832,16.30971],[-86.53636,16.31163],[-86.53595,16.30992]]]]}},{"type":"Feature","id":"27666195B66203278575702","properties":{"admin_level":2,"municipality_code":"27666195B66203278575702","municipality":"Utila","municipality_key":"utila","department_code":"10453824B39335940856231","department":"Bay Islands","department_key":"bayislands","join_key":"bayislands|utila","centroid_lat":16.09534,"centroid_lon":-86.94867},"geometry":{"type":"MultiPolygon","coordinates":[[[[-86.9037,16.11997],[-86.88331,16.12288],[-86.87283,16.117],[-86.8727,16.10821],[-86.88188,16.10212],[-86.88254,16.09158],[-86.88864,16.08636],[-86.89418,16.08666],[-86.88794,16.08957],[-86.89106,16.09237],[-86.89151,16.08964],[-86.89722,16.09639],[-86.91281,16.08833],[-86.90925,16.09095],[-86.91029,16.09455],[-86.90273,16.09613],[-86.91256,16.09792],[-86.91165,16.09251],[-86.92388,16.08622],[-86.91562,16.08621],[-86.91382,16.08896],[-86.91665,16.08237],[-86.93634,16.07494],[-86.94162,16.07541],[-86.95582,16.06812],[-86.96689,16.06845],[-86.97084,16.07564],[-86.99051,16.08078],[-86.98945,16.09124],[-86.98031,16.10008],[-86.97378,16.10013],[-86.97034,16.10397],[-86.95666,16.10823],[-86.95274,16.10463],[-86.94755,16.10566],[-86.94218,16.10941],[-86.94429,16.11454],[-86.93616,16.12125],[-86.92941,16.12166],[-86.92299,16.1165],[-86.91148,16.11456],[-86.907,16.11875],[-86.90381,16.11611],[-86.9037,16.11997]]],[[[-86.9643,16.06231],[-86.96606,16.06355],[-86.96408,16.06389],[-86.9643,16.06231]]],[[[-86.96805,16.06197],[-86.9689,16.06284],[-86.96728,16.06351],[-86.96805,16.06197]]],[[[-86.97337,16.05998],[-86.97444,16.06041],[-86.97365,16.06157],[-86.97337,16.05998]]],[[[-86.97518,16.05792],[-86.97791,16.05819],[-86.9752,16.05906],[-86.97518,16.05792]]]]}},{"type":"Feature","id":"27666195B80375114467909","properties":{"admin_level":2,"municipality_code":"27666195B80375114467909","municipality":"Apacilagua","municipality_key":"apacilagua","department_code":"10453824B23263650177640","department":"Choluteca","department_key":"choluteca","join_key":"choluteca|apacilagua","centroid_lat":13.46089,"centroid_lon":-87.00678},"geometry":{"type":"Polygon","coordinates":[[[-87.03936,13.39499],[-87.05084,13.40385],[-87.0581,13.39764],[-87.06553,13.40014],[-87.07324,13.39729],[-87.07719,13.40011],[-87.08625,13.39929],[-87.09401,13.39643],[-87.0922,13.39424],[-87.11016,13.38051],[-87.12131,13.37994],[-87.12001,13.39073],[-87.10882,13.39812],[-87.11428,13.41495],[-87.10516,13.42094],[-87.10494,13.42941],[-87.09776,13.43962],[-87.08884,13.44432],[-87.09301,13.45407],[-87.08892,13.46959],[-87.06934,13.49293],[-87.0811,13.50122],[-87.08039,13.51016],[-87.06666,13.50063],[-87.05702,13.50597],[-87.05101,13.52034],[-87.02623,13.52345],[-87.02575,13.53798],[-87.02145,13.53866],[-86.93,13.49051],[-86.92032,13.4677],[-86.92936,13.43736],[-86.96342,13.3968],[-86.96983,13.40288],[-86.97547,13.39625],[-87.00539,13.39609],[-87.01044,13.38923],[-87.01481,13.38886],[-87.03936,13.39499]]]}},{"type":"Feature","id":"27666195B45009798989727","properties":{"admin_level":2,"municipality_code":"27666195B45009798989727","municipality":"Choluteca","municipality_key":"choluteca","department_code":"10453824B23263650177640","department":"Choluteca","department_key":"choluteca","join_key":"choluteca|choluteca","centroid_lat":13.25309,"centroid_lon":-87.21272},"geometry":{"type":"Polygon","coordinates":[[[-87.03936,13.39499],[-87.04418,13.37311],[-87.06308,13.36773],[-87.0716,13.37333],[-87.08544,13.3567],[-87.09042,13.35815],[-87.10059,13.35485],[-87.11366,13.34741],[-87.11458,13.34473],[-87.11056,13.33919],[-87.1215,13.33722],[-87.13288,13.32537],[-87.14181,13.30999],[-87.1418,13.30267],[-87.1348,13.30356],[-87.13291,13.3003],[-87.134,13.28893],[-87.12962,13.27477],[-87.11052,13.26212],[-87.14757,13.24836],[-87.1561,13.23688],[-87.17908,13.21982],[-87.19373,13.218],[-87.19831,13.2112],[-87.19328,13.20809],[-87.19746,13.20387],[-87.18876,13.19518],[-87.18927,13.18502],[-87.20139,13.17112],[-87.21012,13.16838],[-87.2138,13.1516],[-87.22013,13.14918],[-87.20844,13.13925],[-87.20792,13.13392],[-87.20418,13.13721],[-87.19394,13.13827],[-87.18849,13.13582],[-87.18885,13.13022],[-87.1858,13.13009],[-87.18788,13.12871],[-87.18519,13.12663],[-87.19459,13.12193],[-87.18459,13.12228],[-87.18135,13.12637],[-87.17641,13.12093],[-87.17213,13.12165],[-87.15935,13.11481],[-87.15537,13.10408],[-87.1707,13.09536],[-87.16494,13.09448],[-87.16375,13.08583],[-87.15905,13.08358],[-87.15247,13.07359],[-87.1496,13.07366],[-87.14733,13.0663],[-87.13969,13.06896],[-87.13505,13.06638],[-87.13593,13.04682],[-87.12879,13.0383],[-87.12696,13.02705],[-87.12895,13.02211],[-87.12624,13.01667],[-87.1059,12.99851],[-87.30829,12.98619],[-87.30597,12.99714],[-87.30064,12.99553],[-87.30498,13.00473],[-87.29467,13.01773],[-87.27679,13.02376],[-87.26657,13.01605],[-87.26689,13.01305],[-87.2662,13.01611],[-87.26922,13.01834],[-87.26134,13.02136],[-87.24095,13.03931],[-87.23689,13.04132],[-87.23031,13.04119],[-87.22456,13.04358],[-87.21956,13.03216],[-87.22369,13.02504],[-87.23059,13.02551],[-87.23254,13.02236],[-87.23295,13.01977],[-87.22948,12.99831],[-87.22723,12.99131],[-87.2322,13.02221],[-87.22972,13.02535],[-87.22329,13.02471],[-87.21936,13.0314],[-87.21967,13.03644],[-87.22348,13.04389],[-87.21927,13.04987],[-87.21645,13.05915],[-87.2063,13.06401],[-87.20042,13.06031],[-87.19806,13.05448],[-87.19848,13.0579],[-87.2018,13.06237],[-87.2074,13.06448],[-87.21361,13.06232],[-87.21747,13.05819],[-87.22362,13.04443],[-87.23026,13.04175],[-87.23584,13.04212],[-87.24083,13.04035],[-87.26657,13.02032],[-87.27637,13.02579],[-87.27535,13.03394],[-87.27138,13.03543],[-87.27537,13.0345],[-87.27506,13.03672],[-87.27028,13.04034],[-87.23821,13.04492],[-87.2299,13.06353],[-87.21339,13.07105],[-87.20398,13.07786],[-87.19161,13.07745],[-87.18403,13.06666],[-87.18371,13.06093],[-87.1899,13.04945],[-87.1873,13.04287],[-87.18185,13.04077],[-87.17592,13.04268],[-87.17021,13.05876],[-87.16433,13.06245],[-87.15442,13.05266],[-87.1601,13.04068],[-87.15911,13.0355],[-87.15434,13.0338],[-87.14685,13.03648],[-87.13998,13.03147],[-87.13501,13.03223],[-87.13269,13.02989],[-87.1361,13.02838],[-87.13416,13.02373],[-87.13569,13.02838],[-87.13233,13.02997],[-87.13443,13.03221],[-87.13582,13.0329],[-87.13972,13.03185],[-87.14569,13.03663],[-87.15852,13.03552],[-87.15977,13.04039],[-87.15383,13.0533],[-87.16457,13.06311],[-87.17113,13.05855],[-87.17625,13.04289],[-87.18664,13.04308],[-87.18916,13.04875],[-87.1828,13.06115],[-87.183,13.06651],[-87.19029,13.07756],[-87.19919,13.07933],[-87.20632,13.07802],[-87.23053,13.064],[-87.23871,13.04578],[-87.27092,13.04354],[-87.26953,13.04215],[-87.27681,13.03927],[-87.28039,13.04051],[-87.2767,13.03868],[-87.27988,13.02754],[-87.31195,13.02153],[-87.31386,13.02722],[-87.32088,13.02814],[-87.33263,13.03443],[-87.33217,13.03797],[-87.3423,13.04146],[-87.36852,13.08],[-87.35204,13.08821],[-87.34313,13.08794],[-87.32474,13.0932],[-87.29614,13.0851],[-87.28339,13.09453],[-87.27622,13.11749],[-87.28037,13.12803],[-87.27846,13.11672],[-87.28062,13.10889],[-87.29264,13.08978],[-87.30232,13.08939],[-87.31609,13.09684],[-87.33271,13.10098],[-87.32941,13.10814],[-87.32161,13.11144],[-87.31809,13.11722],[-87.31037,13.11621],[-87.30813,13.11974],[-87.31409,13.12574],[-87.31602,13.13318],[-87.32149,13.1332],[-87.32695,13.1293],[-87.32637,13.14303],[-87.31695,13.14859],[-87.31783,13.15122],[-87.32434,13.15226],[-87.32623,13.15667],[-87.31687,13.15654],[-87.31514,13.1616],[-87.31691,13.16408],[-87.31917,13.16169],[-87.32656,13.16469],[-87.32773,13.17316],[-87.32414,13.17693],[-87.33208,13.18303],[-87.33358,13.19478],[-87.34071,13.20076],[-87.32496,13.21793],[-87.30644,13.22232],[-87.30004,13.23654],[-87.30065,13.24429],[-87.29051,13.246],[-87.28625,13.25055],[-87.29498,13.25564],[-87.2944,13.26276],[-87.26792,13.27413],[-87.28052,13.29574],[-87.26979,13.3031],[-87.26627,13.31553],[-87.25962,13.31754],[-87.25768,13.32417],[-87.25778,13.3336],[-87.26157,13.34235],[-87.27185,13.34093],[-87.27921,13.34563],[-87.28576,13.35641],[-87.28696,13.36442],[-87.29679,13.36229],[-87.30607,13.36557],[-87.31808,13.36275],[-87.32193,13.3682],[-87.33126,13.36942],[-87.33545,13.3785],[-87.34479,13.37856],[-87.34472,13.38162],[-87.34753,13.38008],[-87.35179,13.38621],[-87.3541,13.38335],[-87.35861,13.38813],[-87.36695,13.38951],[-87.36981,13.39202],[-87.36577,13.3942],[-87.37172,13.39392],[-87.37524,13.3992],[-87.3677,13.39901],[-87.35556,13.40527],[-87.35093,13.41177],[-87.34842,13.4263],[-87.34267,13.43011],[-87.34597,13.43902],[-87.34092,13.44392],[-87.36697,13.48359],[-87.36687,13.494],[-87.36071,13.5061],[-87.36005,13.52159],[-87.35081,13.51097],[-87.29824,13.48793],[-87.24702,13.50882],[-87.18704,13.50067],[-87.16052,13.46872],[-87.13203,13.46514],[-87.13122,13.45938],[-87.14091,13.45283],[-87.13513,13.43297],[-87.13613,13.40907],[-87.11318,13.40857],[-87.10984,13.40578],[-87.10882,13.39812],[-87.12001,13.39073],[-87.12131,13.37994],[-87.11016,13.38051],[-87.0922,13.39424],[-87.09401,13.39643],[-87.08625,13.39929],[-87.07719,13.40011],[-87.07324,13.39729],[-87.06553,13.40014],[-87.0581,13.39764],[-87.05084,13.40385],[-87.03936,13.39499]]]}},{"type":"Feature","id":"27666195B30241757511056","properties":{"admin_level":2,"municipality_code":"27666195B30241757511056","municipality":"Concepcion de Maria","municipality_key":"concepciondemaria","department_code":"10453824B23263650177640","department":"Choluteca","department_key":"choluteca","join_key":"choluteca|concepciondemaria","centroid_lat":13.21851,"centroid_lon":-86.97001},"geometry":{"type":"Polygon","coordinates":[[[-86.93384,13.12611],[-86.93092,13.13317],[-86.94465,13.14454],[-86.93932,13.14829],[-86.94781,13.15404],[-86.95629,13.15188],[-86.95879,13.15768],[-86.96619,13.15946],[-86.96745,13.15632],[-86.97211,13.15686],[-86.97209,13.16261],[-86.98108,13.16274],[-86.98687,13.16624],[-87.0,13.15781],[-87.02039,13.15413],[-87.02362,13.16851],[-87.03739,13.17932],[-87.03912,13.18374],[-87.03795,13.19213],[-87.02095,13.21405],[-87.01909,13.24343],[-86.98876,13.26228],[-86.96898,13.26911],[-86.94835,13.29964],[-86.94409,13.2995],[-86.94365,13.29653],[-86.94113,13.29866],[-86.93931,13.3077],[-86.91601,13.31602],[-86.91296,13.31383],[-86.90601,13.28874],[-86.89303,13.27181],[-86.90333,13.26721],[-86.90881,13.26772],[-86.91541,13.26],[-86.90592,13.25172],[-86.9079,13.24448],[-86.91303,13.24201],[-86.91124,13.2369],[-86.91375,13.23259],[-86.9095,13.22297],[-86.92228,13.223],[-86.91537,13.21244],[-86.91729,13.20726],[-86.92131,13.2067],[-86.92,13.19896],[-86.92527,13.18948],[-86.93169,13.18858],[-86.93311,13.17881],[-86.91451,13.15764],[-86.91317,13.15034],[-86.923,13.1481],[-86.92497,13.14415],[-86.92201,13.13879],[-86.92329,13.13275],[-86.93384,13.12611]]]}},{"type":"Feature","id":"27666195B17818037881186","properties":{"admin_level":2,"municipality_code":"27666195B17818037881186","municipality":"Duyure","municipality_key":"duyure","department_code":"10453824B23263650177640","department":"Choluteca","department_key":"choluteca","join_key":"choluteca|duyure","centroid_lat":13.62982,"centroid_lon":-86.81938},"geometry":{"type":"Polygon","coordinates":[[[-86.75071,13.56396],[-86.78498,13.56043],[-86.80532,13.60249],[-86.82136,13.61862],[-86.83214,13.62302],[-86.83668,13.62065],[-86.84299,13.62348],[-86.85473,13.62196],[-86.8659,13.60794],[-86.87497,13.61669],[-86.87655,13.6248],[-86.88482,13.62493],[-86.88797,13.62773],[-86.88515,13.63191],[-86.88745,13.63859],[-86.88328,13.64047],[-86.88219,13.64648],[-86.86771,13.6529],[-86.86179,13.65905],[-86.84792,13.66331],[-86.83801,13.67837],[-86.8184,13.68014],[-86.81292,13.67344],[-86.80383,13.6712],[-86.80074,13.68762],[-86.78911,13.70175],[-86.78314,13.69487],[-86.77694,13.70006],[-86.76883,13.69852],[-86.78631,13.66145],[-86.76818,13.65026],[-86.75535,13.65064],[-86.74915,13.63862],[-86.77011,13.57797],[-86.76512,13.57026],[-86.75714,13.57038],[-86.75071,13.56396]]]}},{"type":"Feature","id":"27666195B38689641379995","properties":{"admin_level":2,"municipality_code":"27666195B38689641379995","municipality":"El Corpus","municipality_key":"elcorpus","department_code":"10453824B23263650177640","department":"Choluteca","department_key":"choluteca","join_key":"choluteca|elcorpus","centroid_lat":13.29025,"centroid_lon":-87.01706},"geometry":{"type":"Polygon","coordinates":[[[-87.05598,13.36845],[-87.04418,13.37311],[-87.03936,13.39499],[-87.01044,13.38923],[-87.00539,13.39609],[-86.97547,13.39625],[-86.96983,13.40288],[-86.94843,13.38957],[-86.95239,13.38442],[-86.96161,13.38243],[-86.9637,13.37267],[-86.95728,13.36766],[-86.94923,13.36738],[-86.94342,13.36347],[-86.93811,13.3525],[-86.92808,13.34308],[-86.92853,13.32286],[-86.91601,13.31602],[-86.93931,13.3077],[-86.94113,13.29866],[-86.94365,13.29653],[-86.94409,13.2995],[-86.94835,13.29964],[-86.96898,13.26911],[-86.98876,13.26228],[-87.01909,13.24343],[-87.02095,13.21405],[-87.03795,13.19213],[-87.07292,13.17279],[-87.08007,13.21119],[-87.09194,13.21434],[-87.09821,13.21148],[-87.10162,13.22786],[-87.09899,13.23382],[-87.08574,13.2367],[-87.08187,13.23477],[-87.07292,13.24028],[-87.06533,13.25266],[-87.06891,13.25611],[-87.07104,13.27134],[-87.0827,13.28397],[-87.07391,13.30091],[-87.07696,13.30769],[-87.07494,13.30996],[-87.0779,13.31118],[-87.07666,13.32477],[-87.08009,13.33102],[-87.07413,13.34166],[-87.06116,13.34868],[-87.05478,13.36343],[-87.05598,13.36845]]]}},{"type":"Feature","id":"27666195B77536199573353","properties":{"admin_level":2,"municipality_code":"27666195B77536199573353","municipality":"El Triunfo","municipality_key":"eltriunfo","department_code":"10453824B23263650177640","department":"Choluteca","department_key":"choluteca","join_key":"choluteca|eltriunfo","centroid_lat":13.08537,"centroid_lon":-87.00651},"geometry":{"type":"Polygon","coordinates":[[[-87.1059,12.99851],[-87.12624,13.01667],[-87.12895,13.02211],[-87.12696,13.02705],[-87.12879,13.0383],[-87.11764,13.06039],[-87.10733,13.06019],[-87.10402,13.06769],[-87.10111,13.0695],[-87.09662,13.06669],[-87.09081,13.07303],[-87.08846,13.0881],[-87.09055,13.09572],[-87.08249,13.10444],[-87.0799,13.11239],[-87.081,13.14515],[-87.09513,13.15159],[-87.07292,13.17279],[-87.03795,13.19213],[-87.03739,13.17932],[-87.02362,13.16851],[-87.02039,13.15413],[-87.0,13.15781],[-86.98687,13.16624],[-86.98108,13.16274],[-86.97209,13.16261],[-86.97211,13.15686],[-86.96745,13.15632],[-86.96619,13.15946],[-86.95879,13.15768],[-86.95629,13.15188],[-86.94781,13.15404],[-86.93932,13.14829],[-86.94465,13.14454],[-86.93092,13.13317],[-86.93373,13.12294],[-86.9295,13.12205],[-86.92703,13.11676],[-86.92748,13.10155],[-86.91842,13.10137],[-86.91566,13.09748],[-86.91836,13.09125],[-86.92361,13.08797],[-86.92464,13.08277],[-86.93434,13.0776],[-86.94418,13.06747],[-86.9535,13.06471],[-86.95471,13.05403],[-86.95851,13.0508],[-86.95625,13.03678],[-86.96361,13.0333],[-86.96402,13.02908],[-86.97122,13.02788],[-86.98116,13.01975],[-86.98789,13.02279],[-86.99392,13.02031],[-87.00629,13.01152],[-87.00999,13.00187],[-87.01743,12.99843],[-87.02011,12.99949],[-87.01792,13.00527],[-87.02307,13.00694],[-87.02741,13.00054],[-87.02164,12.99292],[-87.02793,12.98485],[-87.04651,12.98693],[-87.05058,12.98225],[-87.05334,12.98473],[-87.05002,12.99132],[-87.06027,12.99201],[-87.06502,13.001],[-87.1059,12.99851]]]}},{"type":"Feature","id":"27666195B6766243724539","properties":{"admin_level":2,"municipality_code":"27666195B6766243724539","municipality":"Marcovia","municipality_key":"marcovia","department_code":"10453824B23263650177640","department":"Choluteca","department_key":"choluteca","join_key":"choluteca|marcovia","centroid_lat":13.24827,"centroid_lon":-87.38066},"geometry":{"type":"MultiPolygon","coordinates":[[[[-87.37524,13.3992],[-87.37172,13.39392],[-87.36577,13.3942],[-87.36981,13.39202],[-87.36695,13.38951],[-87.35861,13.38813],[-87.3541,13.38335],[-87.35179,13.38621],[-87.34753,13.38008],[-87.34472,13.38162],[-87.34479,13.37856],[-87.33545,13.3785],[-87.33126,13.36942],[-87.32193,13.3682],[-87.31808,13.36275],[-87.30607,13.36557],[-87.29679,13.36229],[-87.28696,13.36442],[-87.28576,13.35641],[-87.27921,13.34563],[-87.27185,13.34093],[-87.26157,13.34235],[-87.25778,13.3336],[-87.25768,13.32417],[-87.25962,13.31754],[-87.26627,13.31553],[-87.26979,13.3031],[-87.28052,13.29574],[-87.26792,13.27413],[-87.2944,13.26276],[-87.29498,13.25564],[-87.28625,13.25055],[-87.29051,13.246],[-87.30065,13.24429],[-87.30004,13.23654],[-87.30644,13.22232],[-87.32496,13.21793],[-87.34071,13.20076],[-87.33358,13.19478],[-87.33208,13.18303],[-87.32414,13.17693],[-87.32773,13.17316],[-87.32656,13.16469],[-87.31917,13.16169],[-87.31691,13.16408],[-87.31514,13.1616],[-87.31687,13.15654],[-87.32623,13.15667],[-87.32434,13.15226],[-87.31783,13.15122],[-87.31695,13.14859],[-87.32637,13.14303],[-87.32695,13.1293],[-87.32149,13.1332],[-87.31602,13.13318],[-87.3084,13.11742],[-87.31809,13.11722],[-87.33746,13.09866],[-87.35112,13.10284],[-87.35421,13.10751],[-87.35984,13.10606],[-87.37022,13.11082],[-87.3824,13.11046],[-87.38902,13.11358],[-87.39327,13.11035],[-87.39606,13.11056],[-87.39539,13.11265],[-87.39989,13.10809],[-87.40299,13.1093],[-87.40132,13.11317],[-87.40671,13.1099],[-87.40806,13.11336],[-87.41633,13.11619],[-87.41586,13.11224],[-87.42485,13.11264],[-87.42485,13.11498],[-87.42573,13.10904],[-87.4301,13.1078],[-87.43093,13.10061],[-87.43207,13.10489],[-87.42675,13.12689],[-87.42895,13.13949],[-87.43261,13.13992],[-87.43409,13.16491],[-87.44969,13.20467],[-87.44793,13.20248],[-87.44482,13.20229],[-87.45464,13.2109],[-87.44869,13.22865],[-87.44233,13.22831],[-87.4385,13.22383],[-87.43509,13.22514],[-87.44481,13.23323],[-87.45769,13.23011],[-87.46817,13.24434],[-87.48411,13.25746],[-87.4812,13.26412],[-87.4875,13.26191],[-87.49899,13.26792],[-87.49799,13.27036],[-87.50055,13.2707],[-87.50009,13.26777],[-87.51042,13.27379],[-87.50542,13.28153],[-87.51127,13.2742],[-87.50685,13.26871],[-87.5165,13.2643],[-87.51558,13.27369],[-87.50904,13.29057],[-87.50213,13.29771],[-87.49344,13.29613],[-87.4885,13.30145],[-87.48497,13.30094],[-87.49176,13.29541],[-87.48811,13.28723],[-87.4892,13.28411],[-87.49269,13.28447],[-87.49163,13.28056],[-87.49248,13.28398],[-87.48902,13.28344],[-87.48624,13.29174],[-87.4886,13.29097],[-87.49096,13.29521],[-87.48451,13.29954],[-87.48314,13.30273],[-87.47573,13.28695],[-87.4775,13.28206],[-87.48189,13.28136],[-87.47992,13.27987],[-87.47658,13.2821],[-87.47556,13.28434],[-87.46977,13.2731],[-87.4604,13.27532],[-87.45433,13.28498],[-87.4514,13.28239],[-87.45039,13.28647],[-87.45501,13.28552],[-87.45485,13.28917],[-87.44525,13.29918],[-87.44216,13.29237],[-87.44512,13.29032],[-87.44615,13.28565],[-87.44422,13.28232],[-87.44468,13.28778],[-87.44126,13.28186],[-87.43555,13.28066],[-87.44085,13.28268],[-87.44479,13.28889],[-87.43902,13.29191],[-87.4409,13.29136],[-87.4445,13.30008],[-87.44915,13.29758],[-87.44761,13.30201],[-87.44184,13.30619],[-87.43818,13.30124],[-87.43271,13.29948],[-87.43036,13.29618],[-87.42813,13.29586],[-87.43199,13.29948],[-87.43821,13.30233],[-87.44041,13.30667],[-87.44446,13.30777],[-87.44168,13.31093],[-87.4363,13.308],[-87.44113,13.31119],[-87.43779,13.31472],[-87.43209,13.30768],[-87.42386,13.30727],[-87.42355,13.31238],[-87.42072,13.31048],[-87.42122,13.31702],[-87.42634,13.31918],[-87.42971,13.31586],[-87.43032,13.31961],[-87.42543,13.32057],[-87.42351,13.32552],[-87.42256,13.32033],[-87.42039,13.31991],[-87.41848,13.32164],[-87.41531,13.31795],[-87.41836,13.31622],[-87.41846,13.3138],[-87.41481,13.3158],[-87.41426,13.3179],[-87.41692,13.32027],[-87.41496,13.32347],[-87.4194,13.32527],[-87.42114,13.32049],[-87.42355,13.32736],[-87.4311,13.32447],[-87.43265,13.31834],[-87.43687,13.32052],[-87.44543,13.3193],[-87.44536,13.32602],[-87.4357,13.32623],[-87.44759,13.32677],[-87.44944,13.3332],[-87.44707,13.33781],[-87.44097,13.3375],[-87.43547,13.33103],[-87.42735,13.33757],[-87.42669,13.33581],[-87.42502,13.33952],[-87.4156,13.32883],[-87.41748,13.33419],[-87.41107,13.33762],[-87.40849,13.32806],[-87.40442,13.3269],[-87.4035,13.32062],[-87.40052,13.31887],[-87.40716,13.31765],[-87.40647,13.31611],[-87.40095,13.31767],[-87.40015,13.31914],[-87.4035,13.32746],[-87.4078,13.33184],[-87.40491,13.33144],[-87.40328,13.33413],[-87.40184,13.33225],[-87.40209,13.33725],[-87.39466,13.34035],[-87.39405,13.34245],[-87.38738,13.34163],[-87.39322,13.34321],[-87.40092,13.3392],[-87.40505,13.3328],[-87.40733,13.33244],[-87.40501,13.33326],[-87.40985,13.34006],[-87.41759,13.3357],[-87.42544,13.34239],[-87.43004,13.3377],[-87.43007,13.34488],[-87.43256,13.3423],[-87.43063,13.33609],[-87.43366,13.33366],[-87.43662,13.33595],[-87.43504,13.33741],[-87.4412,13.34058],[-87.45071,13.33839],[-87.45111,13.34273],[-87.45626,13.34628],[-87.45156,13.34209],[-87.45254,13.3353],[-87.45784,13.34291],[-87.45824,13.35386],[-87.44035,13.35697],[-87.42452,13.35075],[-87.4112,13.36743],[-87.39091,13.36593],[-87.38459,13.37302],[-87.38561,13.38479],[-87.3782,13.39023],[-87.38171,13.39361],[-87.38,13.39841],[-87.37524,13.3992]]],[[[-87.43348,13.31613],[-87.44402,13.31749],[-87.4379,13.31915],[-87.43535,13.31746],[-87.43124,13.31815],[-87.42994,13.3153],[-87.42582,13.31523],[-87.42992,13.31038],[-87.43348,13.31613]]],[[[-87.46797,13.31976],[-87.46635,13.34161],[-87.45856,13.33816],[-87.45636,13.33163],[-87.45248,13.32742],[-87.45746,13.33027],[-87.45912,13.32976],[-87.45299,13.32651],[-87.45201,13.32751],[-87.452,13.32928],[-87.45578,13.33216],[-87.4493,13.33152],[-87.44932,13.3272],[-87.45442,13.32464],[-87.44893,13.3268],[-87.44579,13.3227],[-87.44608,13.31336],[-87.45068,13.31092],[-87.45261,13.3168],[-87.45207,13.31187],[-87.45692,13.31136],[-87.45103,13.30824],[-87.45359,13.30268],[-87.4618,13.29912],[-87.45937,13.29794],[-87.46049,13.27974],[-87.465,13.27706],[-87.47039,13.28159],[-87.46972,13.28744],[-87.47707,13.31026],[-87.46901,13.31184],[-87.4683,13.30929],[-87.46381,13.30749],[-87.46617,13.30598],[-87.46191,13.30627],[-87.46134,13.30847],[-87.46816,13.30977],[-87.4683,13.31283],[-87.46327,13.3166],[-87.46603,13.31945],[-87.4653,13.31614],[-87.47255,13.31372],[-87.46797,13.31976]]]]}},{"type":"Feature","id":"27666195B91678508389935","properties":{"admin_level":2,"municipality_code":"27666195B91678508389935","municipality":"Morolica","municipality_key":"morolica","department_code":"10453824B23263650177640","department":"Choluteca","department_key":"choluteca","join_key":"choluteca|morolica","centroid_lat":13.56433,"centroid_lon":-86.89829},"geometry":{"type":"Polygon","coordinates":[[[-86.92032,13.4677],[-86.93,13.49051],[-87.02145,13.53866],[-87.01028,13.54713],[-87.00828,13.55863],[-87.0107,13.56822],[-87.00524,13.5748],[-86.99982,13.57553],[-86.99138,13.58498],[-86.97464,13.58502],[-86.97142,13.5903],[-86.95996,13.59611],[-86.94007,13.61796],[-86.93178,13.63576],[-86.93398,13.64197],[-86.93133,13.66026],[-86.92668,13.65844],[-86.92328,13.64937],[-86.90479,13.64901],[-86.88616,13.65359],[-86.88758,13.64974],[-86.88219,13.64648],[-86.88328,13.64047],[-86.88745,13.63859],[-86.88515,13.63191],[-86.88797,13.62773],[-86.88482,13.62493],[-86.87655,13.6248],[-86.87497,13.61669],[-86.8659,13.60794],[-86.85473,13.62196],[-86.84299,13.62348],[-86.83668,13.62065],[-86.83214,13.62302],[-86.82136,13.61862],[-86.80532,13.60249],[-86.78498,13.56043],[-86.79286,13.55918],[-86.80099,13.54942],[-86.82299,13.54361],[-86.82606,13.53757],[-86.82245,13.52252],[-86.84119,13.5284],[-86.85799,13.51237],[-86.86405,13.50262],[-86.86238,13.48821],[-86.88458,13.48867],[-86.90166,13.48568],[-86.92032,13.4677]]]}},{"type":"Feature","id":"27666195B26128912402199","properties":{"admin_level":2,"municipality_code":"27666195B26128912402199","municipality":"Namasigue","municipality_key":"namasigue","department_code":"10453824B23263650177640","department":"Choluteca","department_key":"choluteca","join_key":"choluteca|namasigue","centroid_lat":13.15039,"centroid_lon":-87.15473},"geometry":{"type":"Polygon","coordinates":[[[-87.12879,13.0383],[-87.13593,13.04682],[-87.13505,13.06638],[-87.13969,13.06896],[-87.14733,13.0663],[-87.1496,13.07366],[-87.15247,13.07359],[-87.15905,13.08358],[-87.16375,13.08583],[-87.16494,13.09448],[-87.1707,13.09536],[-87.15537,13.10408],[-87.15935,13.11481],[-87.17213,13.12165],[-87.17641,13.12093],[-87.18135,13.12637],[-87.18459,13.12228],[-87.19459,13.12193],[-87.18519,13.12663],[-87.18788,13.12871],[-87.1858,13.13009],[-87.18885,13.13022],[-87.18849,13.13582],[-87.19394,13.13827],[-87.20418,13.13721],[-87.20792,13.13392],[-87.20844,13.13925],[-87.22013,13.14918],[-87.2138,13.1516],[-87.21012,13.16838],[-87.20139,13.17112],[-87.18927,13.18502],[-87.18876,13.19518],[-87.19746,13.20387],[-87.19328,13.20809],[-87.19831,13.2112],[-87.19373,13.218],[-87.17908,13.21982],[-87.1561,13.23688],[-87.14757,13.24836],[-87.11052,13.26212],[-87.08574,13.2367],[-87.09899,13.23382],[-87.1013,13.22439],[-87.09821,13.21148],[-87.09194,13.21434],[-87.08007,13.21119],[-87.07292,13.17279],[-87.09513,13.15159],[-87.081,13.14515],[-87.0799,13.11239],[-87.08249,13.10444],[-87.09055,13.09572],[-87.08846,13.0881],[-87.09081,13.07303],[-87.09662,13.06669],[-87.10111,13.0695],[-87.10402,13.06769],[-87.10733,13.06019],[-87.11764,13.06039],[-87.12879,13.0383]]]}},{"type":"Feature","id":"27666195B30737546448878","properties":{"admin_level":2,"municipality_code":"27666195B30737546448878","municipality":"Orocuina","municipality_key":"orocuina","department_code":"10453824B23263650177640","department":"Choluteca","department_key":"choluteca","join_key":"choluteca|orocuina","centroid_lat":13.48126,"centroid_lon":-87.12503},"geometry":{"type":"Polygon","coordinates":[[[-87.11318,13.40857],[-87.13613,13.40907],[-87.13513,13.43297],[-87.14091,13.45283],[-87.13122,13.45938],[-87.13203,13.46514],[-87.16052,13.46872],[-87.18704,13.50067],[-87.21703,13.50389],[-87.19657,13.519],[-87.21271,13.55257],[-87.18912,13.56366],[-87.16903,13.54817],[-87.16057,13.55191],[-87.14161,13.54686],[-87.11059,13.55283],[-87.11303,13.54868],[-87.11324,13.53427],[-87.1069,13.52597],[-87.10791,13.51629],[-87.09971,13.50794],[-87.0811,13.50122],[-87.06934,13.49293],[-87.08892,13.46959],[-87.09301,13.45407],[-87.08884,13.44432],[-87.09776,13.43962],[-87.10494,13.42941],[-87.10516,13.42094],[-87.11428,13.41495],[-87.11318,13.40857]]]}},{"type":"Feature","id":"27666195B26352137717049","properties":{"admin_level":2,"municipality_code":"27666195B26352137717049","municipality":"Pespire","municipality_key":"pespire","department_code":"10453824B23263650177640","department":"Choluteca","department_key":"choluteca","join_key":"choluteca|pespire","centroid_lat":13.58912,"centroid_lon":-87.30382},"geometry":{"type":"Polygon","coordinates":[[[-87.21703,13.50389],[-87.24702,13.50882],[-87.29824,13.48793],[-87.35081,13.51097],[-87.36005,13.52159],[-87.3731,13.53019],[-87.381,13.53036],[-87.39232,13.53583],[-87.41503,13.57492],[-87.41122,13.58182],[-87.41536,13.58752],[-87.42806,13.59071],[-87.41048,13.63558],[-87.42463,13.64576],[-87.43576,13.64706],[-87.45002,13.65446],[-87.45955,13.6702],[-87.40448,13.68784],[-87.36303,13.69145],[-87.35935,13.68226],[-87.36559,13.67982],[-87.367,13.67381],[-87.36398,13.66343],[-87.36726,13.65829],[-87.3668,13.65018],[-87.37222,13.64829],[-87.37671,13.64097],[-87.37038,13.63173],[-87.37667,13.62339],[-87.3702,13.61507],[-87.36111,13.61795],[-87.35823,13.61165],[-87.34583,13.60856],[-87.31051,13.62695],[-87.27612,13.60908],[-87.25789,13.60521],[-87.22592,13.60881],[-87.22474,13.61526],[-87.21738,13.61246],[-87.20122,13.61257],[-87.19609,13.60163],[-87.18516,13.59251],[-87.18751,13.58211],[-87.18445,13.57748],[-87.18379,13.56182],[-87.18912,13.56366],[-87.21271,13.55257],[-87.19657,13.519],[-87.21703,13.50389]]]}},{"type":"Feature","id":"27666195B54922271453671","properties":{"admin_level":2,"municipality_code":"27666195B54922271453671","municipality":"San Antonio de Flores","municipality_key":"sanantoniodeflores","department_code":"10453824B23263650177640","department":"Choluteca","department_key":"choluteca","join_key":"choluteca|sanantoniodeflores","centroid_lat":13.64924,"centroid_lon":-87.33606},"geometry":{"type":"Polygon","coordinates":[[[-87.30806,13.62807],[-87.34583,13.60856],[-87.35823,13.61165],[-87.36111,13.61795],[-87.3702,13.61507],[-87.37532,13.61994],[-87.37667,13.62339],[-87.37038,13.63173],[-87.37671,13.64097],[-87.37222,13.64829],[-87.3668,13.65018],[-87.36726,13.65829],[-87.36398,13.66343],[-87.367,13.67381],[-87.36559,13.67982],[-87.36073,13.68066],[-87.36005,13.68482],[-87.33021,13.68705],[-87.32549,13.6853],[-87.31604,13.69012],[-87.29869,13.68275],[-87.29828,13.67698],[-87.30228,13.67734],[-87.30384,13.67417],[-87.30165,13.66748],[-87.30399,13.65595],[-87.30234,13.64785],[-87.30778,13.63885],[-87.30806,13.62807]]]}},{"type":"Feature","id":"27666195B38345308058924","properties":{"admin_level":2,"municipality_code":"27666195B38345308058924","municipality":"San Isidro","municipality_key":"sanisidro","department_code":"10453824B23263650177640","department":"Choluteca","department_key":"choluteca","join_key":"choluteca|sanisidro","centroid_lat":13.64335,"centroid_lon":-87.26129},"geometry":{"type":"Polygon","coordinates":[[[-87.21167,13.66747],[-87.22592,13.60881],[-87.25789,13.60521],[-87.27612,13.60908],[-87.31051,13.62695],[-87.30806,13.62807],[-87.30778,13.63885],[-87.30234,13.64785],[-87.30228,13.67734],[-87.29228,13.68083],[-87.28961,13.67778],[-87.28122,13.67866],[-87.25314,13.68669],[-87.21167,13.66747]]]}},{"type":"Feature","id":"27666195B7253406385718","properties":{"admin_level":2,"municipality_code":"27666195B7253406385718","municipality":"San Jose","municipality_key":"sanjose","department_code":"10453824B23263650177640","department":"Choluteca","department_key":"choluteca","join_key":"choluteca|sanjose","centroid_lat":13.71458,"centroid_lon":-87.42098},"geometry":{"type":"Polygon","coordinates":[[[-87.36303,13.69145],[-87.40448,13.68784],[-87.45955,13.6702],[-87.46466,13.68242],[-87.45971,13.69255],[-87.45926,13.71166],[-87.45367,13.71705],[-87.45443,13.72268],[-87.45064,13.72784],[-87.45544,13.7343],[-87.4561,13.75253],[-87.45232,13.75616],[-87.44234,13.75835],[-87.41983,13.75771],[-87.40042,13.74795],[-87.39441,13.75241],[-87.3813,13.75442],[-87.38099,13.75097],[-87.38823,13.74375],[-87.389,13.73799],[-87.39464,13.73114],[-87.39363,13.71738],[-87.38562,13.71747],[-87.38583,13.71211],[-87.37869,13.70351],[-87.3619,13.6979],[-87.36303,13.69145]]]}},{"type":"Feature","id":"27666195B6198023019370","properties":{"admin_level":2,"municipality_code":"27666195B6198023019370","municipality":"San Marcos de Colon","municipality_key":"sanmarcosdecolon","department_code":"10453824B23263650177640","department":"Choluteca","department_key":"choluteca","join_key":"choluteca|sanmarcosdecolon","centroid_lat":13.4203,"centroid_lon":-86.83801},"geometry":{"type":"Polygon","coordinates":[[[-86.96342,13.3968],[-86.92936,13.43736],[-86.92032,13.4677],[-86.90166,13.48568],[-86.88458,13.48867],[-86.86238,13.48821],[-86.86405,13.50262],[-86.85799,13.51237],[-86.84119,13.5284],[-86.82245,13.52252],[-86.82606,13.53757],[-86.82299,13.54361],[-86.80099,13.54942],[-86.79286,13.55918],[-86.75071,13.56396],[-86.74291,13.52703],[-86.74163,13.48557],[-86.7234,13.44861],[-86.72511,13.44205],[-86.72102,13.43357],[-86.74367,13.40702],[-86.7442,13.40058],[-86.7368,13.38003],[-86.7198,13.3798],[-86.71401,13.37586],[-86.70718,13.36463],[-86.71089,13.35895],[-86.70753,13.3219],[-86.7037,13.3126],[-86.70577,13.30132],[-86.71166,13.29431],[-86.71623,13.29476],[-86.72622,13.28957],[-86.75452,13.26639],[-86.79175,13.293],[-86.79322,13.29745],[-86.79739,13.29683],[-86.79959,13.30145],[-86.82921,13.31249],[-86.83437,13.31058],[-86.83584,13.30437],[-86.85049,13.29938],[-86.86763,13.30328],[-86.87668,13.28584],[-86.87527,13.27958],[-86.88315,13.27832],[-86.89303,13.27181],[-86.90601,13.28874],[-86.91296,13.31383],[-86.92853,13.32286],[-86.92808,13.34308],[-86.93811,13.3525],[-86.94342,13.36347],[-86.94923,13.36738],[-86.95728,13.36766],[-86.9637,13.37267],[-86.96161,13.38243],[-86.95239,13.38442],[-86.94843,13.38957],[-86.96342,13.3968]]]}},{"type":"Feature","id":"27666195B49671611441491","properties":{"admin_level":2,"municipality_code":"27666195B49671611441491","municipality":"Santa Ana de Yusguare","municipality_key":"santaanadeyusguare","department_code":"10453824B23263650177640","department":"Choluteca","department_key":"choluteca","join_key":"choluteca|santaanadeyusguare","centroid_lat":13.30562,"centroid_lon":-87.10892},"geometry":{"type":"Polygon","coordinates":[[[-87.11052,13.26212],[-87.12962,13.27477],[-87.134,13.28893],[-87.13291,13.3003],[-87.1348,13.30356],[-87.1418,13.30267],[-87.14181,13.30999],[-87.12818,13.33149],[-87.12332,13.33327],[-87.1215,13.33722],[-87.11056,13.33919],[-87.11458,13.34473],[-87.11366,13.34741],[-87.10059,13.35485],[-87.09042,13.35815],[-87.08544,13.3567],[-87.0716,13.37333],[-87.06308,13.36773],[-87.05598,13.36845],[-87.05478,13.36343],[-87.06116,13.34868],[-87.07413,13.34166],[-87.08009,13.33102],[-87.07666,13.32477],[-87.0779,13.31118],[-87.07494,13.30996],[-87.07696,13.30769],[-87.07391,13.30091],[-87.0827,13.28397],[-87.07104,13.27134],[-87.06891,13.25611],[-87.06533,13.25266],[-87.07292,13.24028],[-87.08187,13.23477],[-87.11052,13.26212]]]}},{"type":"Feature","id":"27666195B79832367470433","properties":{"admin_level":2,"municipality_code":"27666195B79832367470433","municipality":"Balfate","municipality_key":"balfate","department_code":"10453824B27729717308702","department":"Colón","department_key":"colon","join_key":"colon|balfate","centroid_lat":15.76673,"centroid_lon":-86.30821},"geometry":{"type":"Polygon","coordinates":[[[-86.3635,15.66035],[-86.36229,15.67503],[-86.37518,15.67801],[-86.38226,15.6746],[-86.38535,15.6816],[-86.38918,15.68263],[-86.39621,15.67925],[-86.39831,15.68541],[-86.39648,15.6924],[-86.39927,15.69349],[-86.39427,15.69874],[-86.39705,15.70699],[-86.40439,15.71298],[-86.40644,15.71842],[-86.44204,15.72272],[-86.44339,15.73359],[-86.44753,15.73723],[-86.4487,15.74513],[-86.44333,15.7558],[-86.44375,15.76126],[-86.44599,15.77219],[-86.45112,15.78019],[-86.44594,15.78245],[-86.43407,15.77983],[-86.44912,15.78789],[-86.45884,15.79686],[-86.42662,15.78051],[-86.41332,15.77675],[-86.4071,15.77722],[-86.39576,15.78518],[-86.37136,15.77958],[-86.35826,15.78088],[-86.34668,15.79372],[-86.33792,15.79599],[-86.33151,15.80123],[-86.30985,15.804],[-86.28377,15.81412],[-86.27611,15.82274],[-86.26138,15.83123],[-86.25397,15.84337],[-86.24437,15.84623],[-86.24168,15.85234],[-86.22221,15.87053],[-86.21819,15.8703],[-86.20848,15.87656],[-86.20531,15.87376],[-86.20747,15.86878],[-86.20377,15.86408],[-86.20529,15.85944],[-86.20283,15.85264],[-86.1959,15.84977],[-86.18982,15.84122],[-86.19099,15.83353],[-86.1984,15.831],[-86.20095,15.82605],[-86.19729,15.81895],[-86.19866,15.81472],[-86.19082,15.80467],[-86.16248,15.7489],[-86.20861,15.73186],[-86.25345,15.72728],[-86.28163,15.70481],[-86.3635,15.66035]]]}},{"type":"Feature","id":"27666195B94434942697031","properties":{"admin_level":2,"municipality_code":"27666195B94434942697031","municipality":"Bonito Oriental","municipality_key":"bonitooriental","department_code":"10453824B27729717308702","department":"Colón","department_key":"colon","join_key":"colon|bonitooriental","centroid_lat":15.7121,"centroid_lon":-85.74793},"geometry":{"type":"Polygon","coordinates":[[[-85.84403,15.77023],[-85.83899,15.76583],[-85.83533,15.76733],[-85.83691,15.77503],[-85.82806,15.77849],[-85.82992,15.79038],[-85.818,15.80141],[-85.82336,15.80709],[-85.82879,15.80486],[-85.82507,15.8093],[-85.80915,15.79988],[-85.79731,15.80863],[-85.7882,15.8062],[-85.78989,15.81049],[-85.80009,15.8154],[-85.79869,15.81958],[-85.77712,15.80894],[-85.7762,15.81235],[-85.78248,15.81856],[-85.77363,15.82102],[-85.77065,15.82918],[-85.76704,15.82188],[-85.74099,15.82558],[-85.73253,15.8208],[-85.73039,15.82976],[-85.72627,15.83179],[-85.72405,15.82736],[-85.72541,15.82039],[-85.72134,15.82421],[-85.72067,15.83125],[-85.71659,15.82089],[-85.70952,15.82823],[-85.71283,15.83643],[-85.7086,15.83679],[-85.70357,15.83244],[-85.69893,15.83571],[-85.70447,15.84404],[-85.70968,15.84634],[-85.70553,15.84906],[-85.69696,15.84484],[-85.68885,15.84578],[-85.67972,15.83747],[-85.67407,15.83967],[-85.67062,15.83445],[-85.66787,15.84075],[-85.65987,15.83933],[-85.66511,15.84856],[-85.66193,15.85325],[-85.65448,15.8528],[-85.65097,15.85734],[-85.6484,15.85173],[-85.63749,15.8516],[-85.63516,15.85479],[-85.62632,15.84055],[-85.63058,15.8377],[-85.63732,15.83862],[-85.63881,15.84168],[-85.63958,15.83755],[-85.64415,15.8379],[-85.65108,15.82986],[-85.6564,15.83207],[-85.65974,15.8298],[-85.65854,15.82083],[-85.67315,15.80731],[-85.6688,15.79701],[-85.67317,15.79339],[-85.66995,15.78828],[-85.67907,15.77415],[-85.67525,15.76805],[-85.6758,15.76152],[-85.66636,15.75923],[-85.6631,15.75386],[-85.6655,15.75061],[-85.66427,15.74685],[-85.64957,15.74632],[-85.64759,15.74015],[-85.64053,15.73928],[-85.64906,15.73421],[-85.64417,15.72798],[-85.65961,15.72008],[-85.65495,15.71883],[-85.65454,15.70971],[-85.64886,15.69835],[-85.63952,15.69463],[-85.639,15.68543],[-85.63523,15.68035],[-85.6372,15.67878],[-85.63473,15.67117],[-85.63672,15.66586],[-85.63095,15.64415],[-85.6729,15.5954],[-85.68238,15.58994],[-85.70167,15.57137],[-85.70951,15.56804],[-85.72716,15.56865],[-85.73456,15.56621],[-85.7472,15.5695],[-85.75832,15.58298],[-85.76356,15.58497],[-85.76712,15.5845],[-85.77275,15.57777],[-85.78541,15.5764],[-85.80796,15.63299],[-85.84368,15.69357],[-85.83927,15.70516],[-85.84219,15.70855],[-85.84057,15.71449],[-85.84512,15.71969],[-85.84817,15.7179],[-85.85399,15.72295],[-85.84951,15.73639],[-85.85148,15.74508],[-85.84808,15.76336],[-85.84403,15.77023]]]}},{"type":"Feature","id":"27666195B61075928676863","properties":{"admin_level":2,"municipality_code":"27666195B61075928676863","municipality":"Iriona","municipality_key":"iriona","department_code":"10453824B27729717308702","department":"Colón","department_key":"colon","join_key":"colon|iriona","centroid_lat":15.49914,"centroid_lon":-85.28518},"geometry":{"type":"Polygon","coordinates":[[[-85.0,15.07012],[-85.09791,15.17979],[-85.23669,15.21381],[-85.33039,15.33342],[-85.37765,15.40229],[-85.51905,15.45229],[-85.54013,15.46613],[-85.6009,15.53216],[-85.6729,15.5954],[-85.63095,15.64415],[-85.63672,15.66586],[-85.63473,15.67117],[-85.56152,15.67128],[-85.49987,15.712],[-85.28424,15.84059],[-85.28352,15.85242],[-85.29666,15.87203],[-85.29769,15.87773],[-85.22866,15.88941],[-85.17682,15.90859],[-85.12332,15.95217],[-85.09804,15.96813],[-85.0701,15.981],[-85.07425,15.97469],[-85.07298,15.97276],[-85.06341,15.97167],[-85.06543,15.97292],[-85.06354,15.97447],[-85.05589,15.96916],[-85.0524,15.97343],[-85.05656,15.97459],[-85.05703,15.97753],[-85.06957,15.97833],[-85.06975,15.98116],[-85.05102,15.98641],[-85.02919,15.98658],[-84.99967,15.98075],[-85.0,15.07012]]]}},{"type":"Feature","id":"27666195B22880782572265","properties":{"admin_level":2,"municipality_code":"27666195B22880782572265","municipality":"Limon","municipality_key":"limon","department_code":"10453824B27729717308702","department":"Colón","department_key":"colon","join_key":"colon|limon","centroid_lat":15.79084,"centroid_lon":-85.51962},"geometry":{"type":"Polygon","coordinates":[[[-85.29769,15.87773],[-85.29666,15.87203],[-85.28352,15.85242],[-85.28424,15.84059],[-85.49987,15.712],[-85.56152,15.67128],[-85.63473,15.67117],[-85.63952,15.69463],[-85.64886,15.69835],[-85.65454,15.70971],[-85.65495,15.71883],[-85.65961,15.72008],[-85.64417,15.72798],[-85.64906,15.73421],[-85.64053,15.73928],[-85.64759,15.74015],[-85.64957,15.74632],[-85.66427,15.74685],[-85.6655,15.75061],[-85.6631,15.75386],[-85.66636,15.75923],[-85.6758,15.76152],[-85.67525,15.76805],[-85.67907,15.77415],[-85.66995,15.78828],[-85.67317,15.79339],[-85.6688,15.79701],[-85.67315,15.80731],[-85.65854,15.82083],[-85.65974,15.8298],[-85.6564,15.83207],[-85.65108,15.82986],[-85.64415,15.8379],[-85.63958,15.83755],[-85.63881,15.84168],[-85.63732,15.83862],[-85.63058,15.8377],[-85.62632,15.84055],[-85.63518,15.85671],[-85.64036,15.85852],[-85.63716,15.86215],[-85.64042,15.86661],[-85.63337,15.8723],[-85.62745,15.86745],[-85.62512,15.86842],[-85.62458,15.87111],[-85.63285,15.8811],[-85.62645,15.87945],[-85.60999,15.906],[-85.54869,15.88012],[-85.48784,15.86106],[-85.47065,15.85897],[-85.44313,15.86193],[-85.42918,15.87228],[-85.40193,15.87837],[-85.29769,15.87773]]]}},{"type":"Feature","id":"27666195B48928402740143","properties":{"admin_level":2,"municipality_code":"27666195B48928402740143","municipality":"Saba","municipality_key":"saba","department_code":"10453824B27729717308702","department":"Colón","department_key":"colon","join_key":"colon|saba","centroid_lat":15.47993,"centroid_lon":-86.164},"geometry":{"type":"Polygon","coordinates":[[[-86.14015,15.58463],[-86.13958,15.57702],[-86.13044,15.56885],[-86.13174,15.55116],[-86.12235,15.52748],[-86.12131,15.504],[-86.08698,15.46919],[-86.07466,15.46052],[-86.05827,15.44039],[-86.05521,15.43332],[-86.05647,15.42597],[-86.05113,15.4148],[-86.02985,15.38512],[-86.04472,15.38349],[-86.05416,15.3941],[-86.06719,15.39611],[-86.06967,15.39246],[-86.08932,15.39753],[-86.0937,15.38403],[-86.10452,15.39003],[-86.11753,15.37691],[-86.13008,15.3711],[-86.1398,15.37387],[-86.14965,15.36615],[-86.15971,15.37003],[-86.16532,15.36849],[-86.23243,15.40674],[-86.23241,15.43711],[-86.24207,15.44871],[-86.22883,15.45985],[-86.23432,15.47006],[-86.22878,15.47658],[-86.23208,15.48328],[-86.22665,15.49601],[-86.2387,15.51952],[-86.2359,15.52474],[-86.25257,15.52254],[-86.2522,15.51479],[-86.26134,15.51914],[-86.26534,15.51248],[-86.27695,15.5186],[-86.28279,15.51546],[-86.28916,15.51685],[-86.28902,15.50813],[-86.29306,15.5061],[-86.3068,15.51021],[-86.30182,15.52343],[-86.3054,15.53448],[-86.29863,15.53573],[-86.29755,15.53287],[-86.28882,15.53088],[-86.28887,15.56818],[-86.29338,15.56997],[-86.29201,15.57301],[-86.28804,15.56945],[-86.27684,15.57454],[-86.26832,15.57185],[-86.26264,15.57601],[-86.24938,15.57069],[-86.24148,15.57094],[-86.23094,15.56491],[-86.2146,15.57949],[-86.21155,15.58862],[-86.19381,15.59441],[-86.17942,15.58611],[-86.16908,15.5841],[-86.16059,15.59141],[-86.15428,15.58469],[-86.14444,15.58842],[-86.14015,15.58463]]]}},{"type":"Feature","id":"27666195B82036397342560","properties":{"admin_level":2,"municipality_code":"27666195B82036397342560","municipality":"Santa Fe","municipality_key":"santafe","department_code":"10453824B27729717308702","department":"Colón","department_key":"colon","join_key":"colon|santafe","centroid_lat":15.82853,"centroid_lon":-86.13081},"geometry":{"type":"Polygon","coordinates":[[[-85.99927,15.90383],[-85.99548,15.89832],[-85.99618,15.89018],[-85.99306,15.88135],[-85.99745,15.86868],[-86.00686,15.8624],[-86.02144,15.85974],[-86.03651,15.85226],[-86.05422,15.83347],[-86.10505,15.80096],[-86.12148,15.78264],[-86.16248,15.7489],[-86.19082,15.80467],[-86.19866,15.81472],[-86.19729,15.81895],[-86.20095,15.82605],[-86.1984,15.831],[-86.19099,15.83353],[-86.18982,15.84122],[-86.1959,15.84977],[-86.20283,15.85264],[-86.20529,15.85944],[-86.20377,15.86408],[-86.20747,15.86878],[-86.20531,15.87376],[-86.20848,15.87656],[-86.18296,15.88423],[-86.17971,15.8874],[-86.1605,15.88754],[-86.14384,15.89558],[-86.13105,15.89772],[-86.12674,15.90055],[-86.12708,15.90361],[-86.12341,15.90436],[-86.1116,15.89902],[-86.06751,15.89709],[-85.99927,15.90383]]]}},{"type":"Feature","id":"27666195B37116409669852","properties":{"admin_level":2,"municipality_code":"27666195B37116409669852","municipality":"Santa Rosa de Aguan","municipality_key":"santarosadeaguan","department_code":"10453824B27729717308702","department":"Colón","department_key":"colon","join_key":"colon|santarosadeaguan","centroid_lat":15.89815,"centroid_lon":-85.68188},"geometry":{"type":"Polygon","coordinates":[[[-85.70968,15.84634],[-85.74899,15.8903],[-85.74851,15.93572],[-85.74352,15.93954],[-85.74577,15.94281],[-85.74306,15.95104],[-85.73812,15.95347],[-85.74345,15.95623],[-85.74584,15.96118],[-85.73982,15.96658],[-85.73556,15.96138],[-85.73248,15.96199],[-85.72846,15.96545],[-85.72974,15.97005],[-85.6927,15.95719],[-85.60999,15.906],[-85.62645,15.87945],[-85.63285,15.8811],[-85.62458,15.87111],[-85.62512,15.86842],[-85.62745,15.86745],[-85.63337,15.8723],[-85.64042,15.86661],[-85.63716,15.86215],[-85.64036,15.85852],[-85.63518,15.85671],[-85.63749,15.8516],[-85.6484,15.85173],[-85.65097,15.85734],[-85.65448,15.8528],[-85.66193,15.85325],[-85.66511,15.84856],[-85.65987,15.83933],[-85.66787,15.84075],[-85.67062,15.83445],[-85.67407,15.83967],[-85.67972,15.83747],[-85.68885,15.84578],[-85.69696,15.84484],[-85.70553,15.84906],[-85.70968,15.84634]]]}},{"type":"Feature","id":"27666195B31402086681403","properties":{"admin_level":2,"municipality_code":"27666195B31402086681403","municipality":"Sonaguera","municipality_key":"sonaguera","department_code":"10453824B27729717308702","department":"Colón","department_key":"colon","join_key":"colon|sonaguera","centroid_lat":15.64467,"centroid_lon":-86.23969},"geometry":{"type":"Polygon","coordinates":[[[-86.40118,15.57288],[-86.40759,15.59252],[-86.38219,15.59523],[-86.36343,15.60477],[-86.3635,15.66035],[-86.28163,15.70481],[-86.25345,15.72728],[-86.20861,15.73186],[-86.14238,15.66691],[-86.09724,15.62899],[-86.10679,15.62312],[-86.10371,15.61725],[-86.10988,15.61434],[-86.11324,15.60292],[-86.12272,15.59469],[-86.12795,15.59576],[-86.13117,15.58878],[-86.13833,15.58439],[-86.14444,15.58842],[-86.15428,15.58469],[-86.16059,15.59141],[-86.16908,15.5841],[-86.17942,15.58611],[-86.19381,15.59441],[-86.21155,15.58862],[-86.2146,15.57949],[-86.23094,15.56491],[-86.24148,15.57094],[-86.24938,15.57069],[-86.26264,15.57601],[-86.26832,15.57185],[-86.27684,15.57454],[-86.28804,15.56945],[-86.29201,15.57301],[-86.29338,15.56997],[-86.28887,15.56818],[-86.28882,15.53088],[-86.29755,15.53287],[-86.29863,15.53573],[-86.31395,15.53603],[-86.31527,15.53934],[-86.31901,15.53697],[-86.32198,15.54035],[-86.34584,15.53787],[-86.35308,15.54016],[-86.35826,15.53448],[-86.37672,15.53569],[-86.37994,15.54627],[-86.39076,15.55693],[-86.40118,15.57288]]]}},{"type":"Feature","id":"27666195B94157421146472","properties":{"admin_level":2,"municipality_code":"27666195B94157421146472","municipality":"Tocoa","municipality_key":"tocoa","department_code":"10453824B27729717308702","department":"Colón","department_key":"colon","join_key":"colon|tocoa","centroid_lat":15.58082,"centroid_lon":-85.96352},"geometry":{"type":"Polygon","coordinates":[[[-86.09724,15.62899],[-86.10068,15.63492],[-86.08911,15.63538],[-86.08856,15.64312],[-86.08105,15.64042],[-86.07369,15.64433],[-86.06759,15.64056],[-86.06534,15.64856],[-86.05839,15.64949],[-86.05474,15.65504],[-86.04264,15.64901],[-86.03632,15.659],[-86.04802,15.66151],[-86.05231,15.67182],[-86.04337,15.67582],[-86.03803,15.66793],[-86.03252,15.66803],[-86.03083,15.68263],[-86.02333,15.68453],[-86.01154,15.6934],[-86.01398,15.70135],[-86.00751,15.70923],[-86.0001,15.7054],[-85.99112,15.71073],[-85.97046,15.71269],[-85.97209,15.71699],[-85.98238,15.72079],[-85.98541,15.73276],[-85.98023,15.73517],[-85.96319,15.73221],[-85.95921,15.74383],[-85.96294,15.74929],[-85.95777,15.75472],[-85.95174,15.75406],[-85.93984,15.73929],[-85.92574,15.74318],[-85.92634,15.73484],[-85.921,15.73304],[-85.91725,15.74443],[-85.90591,15.74765],[-85.89593,15.75649],[-85.88948,15.74598],[-85.87642,15.74645],[-85.87238,15.75917],[-85.8635,15.76079],[-85.85791,15.76955],[-85.85099,15.76635],[-85.84722,15.77063],[-85.84403,15.77023],[-85.84808,15.76336],[-85.85148,15.74508],[-85.84951,15.73639],[-85.85399,15.72295],[-85.84817,15.7179],[-85.84512,15.71969],[-85.84057,15.71449],[-85.84219,15.70855],[-85.83927,15.70516],[-85.84368,15.69357],[-85.80796,15.63299],[-85.78541,15.5764],[-85.78957,15.56855],[-85.785,15.55873],[-85.79124,15.5488],[-85.81364,15.54298],[-85.82526,15.53157],[-85.82553,15.52683],[-85.83606,15.51538],[-85.86414,15.52221],[-85.86745,15.52823],[-85.88658,15.52682],[-85.89355,15.52099],[-85.89624,15.51463],[-85.89243,15.51046],[-85.89421,15.50436],[-85.88995,15.49972],[-85.9347,15.45898],[-85.94812,15.45857],[-85.95848,15.44842],[-85.96119,15.44151],[-85.96787,15.4355],[-85.96894,15.42],[-85.97781,15.41902],[-85.98211,15.41156],[-85.99405,15.41068],[-85.99823,15.40322],[-86.00665,15.40378],[-86.01364,15.39538],[-86.02217,15.3988],[-86.02917,15.39554],[-86.02985,15.38512],[-86.05113,15.4148],[-86.05647,15.42597],[-86.05521,15.43332],[-86.05827,15.44039],[-86.07466,15.46052],[-86.08698,15.46919],[-86.12131,15.504],[-86.12235,15.52748],[-86.13174,15.55116],[-86.13044,15.56885],[-86.13958,15.57702],[-86.14015,15.58463],[-86.13117,15.58878],[-86.12795,15.59576],[-86.12272,15.59469],[-86.11324,15.60292],[-86.10988,15.61434],[-86.10371,15.61725],[-86.10679,15.62312],[-86.09724,15.62899]]]}},{"type":"Feature","id":"27666195B42436933929514","properties":{"admin_level":2,"municipality_code":"27666195B42436933929514","municipality":"Trujillo","municipality_key":"trujillo","department_code":"10453824B27729717308702","department":"Colón","department_key":"colon","join_key":"colon|trujillo","centroid_lat":15.82871,"centroid_lon":-85.91625},"geometry":{"type":"Polygon","coordinates":[[[-85.72974,15.97005],[-85.72846,15.96545],[-85.73248,15.96199],[-85.73556,15.96138],[-85.73982,15.96658],[-85.74584,15.96118],[-85.74345,15.95623],[-85.73812,15.95347],[-85.74306,15.95104],[-85.74577,15.94281],[-85.74352,15.93954],[-85.74851,15.93572],[-85.74899,15.8903],[-85.70968,15.84634],[-85.70447,15.84404],[-85.69893,15.83571],[-85.70093,15.83317],[-85.71283,15.83643],[-85.70952,15.82823],[-85.71659,15.82089],[-85.72067,15.83125],[-85.72134,15.82421],[-85.72541,15.82039],[-85.72405,15.82736],[-85.72627,15.83179],[-85.73039,15.82976],[-85.73253,15.8208],[-85.74099,15.82558],[-85.76704,15.82188],[-85.77065,15.82918],[-85.77363,15.82102],[-85.78248,15.81856],[-85.7762,15.81235],[-85.77712,15.80894],[-85.79869,15.81958],[-85.80009,15.8154],[-85.78989,15.81049],[-85.7882,15.8062],[-85.79731,15.80863],[-85.80915,15.79988],[-85.82052,15.80806],[-85.82821,15.80802],[-85.82879,15.80486],[-85.82336,15.80709],[-85.818,15.80141],[-85.82992,15.79038],[-85.827,15.78067],[-85.83691,15.77503],[-85.83533,15.76733],[-85.83899,15.76583],[-85.84722,15.77063],[-85.85099,15.76635],[-85.85791,15.76955],[-85.8635,15.76079],[-85.87238,15.75917],[-85.87642,15.74645],[-85.88948,15.74598],[-85.89593,15.75649],[-85.90591,15.74765],[-85.91725,15.74443],[-85.921,15.73304],[-85.92634,15.73484],[-85.92574,15.74318],[-85.93984,15.73929],[-85.95174,15.75406],[-85.95777,15.75472],[-85.96294,15.74929],[-85.95921,15.74383],[-85.96319,15.73221],[-85.98023,15.73517],[-85.98541,15.73276],[-85.98238,15.72079],[-85.97209,15.71699],[-85.97046,15.71269],[-85.99112,15.71073],[-86.0001,15.7054],[-86.00751,15.70923],[-86.01398,15.70135],[-86.01154,15.6934],[-86.02333,15.68453],[-86.03083,15.68263],[-86.03252,15.66803],[-86.03803,15.66793],[-86.04337,15.67582],[-86.05231,15.67182],[-86.04802,15.66151],[-86.03632,15.659],[-86.04264,15.64901],[-86.05474,15.65504],[-86.05839,15.64949],[-86.06534,15.64856],[-86.06759,15.64056],[-86.07369,15.64433],[-86.08105,15.64042],[-86.08856,15.64312],[-86.08911,15.63538],[-86.10068,15.63492],[-86.09724,15.62899],[-86.14238,15.66691],[-86.20861,15.73186],[-86.16248,15.7489],[-86.12148,15.78264],[-86.10505,15.80096],[-86.05422,15.83347],[-86.03651,15.85226],[-86.02144,15.85974],[-86.00686,15.8624],[-85.99745,15.86868],[-85.99306,15.88135],[-85.99618,15.89018],[-85.99548,15.89832],[-85.99927,15.90383],[-85.98552,15.90568],[-85.96114,15.91919],[-85.94665,15.92317],[-85.92936,15.93669],[-85.91553,15.9582],[-85.91149,15.97574],[-85.91368,15.99503],[-85.92138,16.00553],[-85.93959,16.00977],[-85.95068,16.00661],[-85.96212,16.00842],[-85.97296,16.00335],[-85.9818,16.00352],[-85.99331,16.01347],[-86.01071,16.02122],[-86.01099,16.02435],[-86.00545,16.02763],[-85.97437,16.02454],[-85.92884,16.01459],[-85.86239,16.00728],[-85.72974,15.97005]]]}},{"type":"Feature","id":"27666195B64266786808273","properties":{"admin_level":2,"municipality_code":"27666195B64266786808273","municipality":"Ajuterique","municipality_key":"ajuterique","department_code":"10453824B65572632187118","department":"Comayagua","department_key":"comayagua","join_key":"comayagua|ajuterique","centroid_lat":14.39654,"centroid_lon":-87.72005},"geometry":{"type":"Polygon","coordinates":[[[-87.78912,14.39136],[-87.7822,14.40172],[-87.77109,14.41051],[-87.75902,14.41125],[-87.74942,14.40697],[-87.72981,14.41235],[-87.72349,14.41905],[-87.71462,14.42033],[-87.71029,14.42737],[-87.6916,14.43162],[-87.66836,14.40978],[-87.6582,14.40413],[-87.65066,14.38891],[-87.66033,14.38397],[-87.68831,14.38708],[-87.70509,14.37374],[-87.73278,14.37176],[-87.74194,14.36296],[-87.75426,14.37073],[-87.78258,14.37297],[-87.78912,14.39136]]]}},{"type":"Feature","id":"27666195B46551792620795","properties":{"admin_level":2,"municipality_code":"27666195B46551792620795","municipality":"Comayagua","municipality_key":"comayagua","department_code":"10453824B65572632187118","department":"Comayagua","department_key":"comayagua","join_key":"comayagua|comayagua","centroid_lat":14.47633,"centroid_lon":-87.66718},"geometry":{"type":"Polygon","coordinates":[[[-87.6316,14.59571],[-87.62675,14.58606],[-87.62995,14.57696],[-87.61537,14.57474],[-87.61371,14.57175],[-87.59546,14.57335],[-87.5797,14.58447],[-87.57361,14.57982],[-87.5705,14.56895],[-87.56541,14.56619],[-87.56175,14.56937],[-87.54837,14.57096],[-87.50887,14.56521],[-87.50443,14.567],[-87.46878,14.52305],[-87.45445,14.47516],[-87.43966,14.47223],[-87.43161,14.46109],[-87.42227,14.45791],[-87.42001,14.4508],[-87.41277,14.44605],[-87.40304,14.44813],[-87.40427,14.42825],[-87.41943,14.42083],[-87.40454,14.41438],[-87.39694,14.41537],[-87.39443,14.40599],[-87.38564,14.39712],[-87.38479,14.39304],[-87.39131,14.37468],[-87.43281,14.37659],[-87.43395,14.3701],[-87.43895,14.37082],[-87.4483,14.36128],[-87.45567,14.36144],[-87.46269,14.35617],[-87.46741,14.35671],[-87.47955,14.36681],[-87.49003,14.36277],[-87.49404,14.37034],[-87.49038,14.38361],[-87.52387,14.38894],[-87.52996,14.3828],[-87.53699,14.3831],[-87.54136,14.37784],[-87.54417,14.38363],[-87.55724,14.38304],[-87.58273,14.37393],[-87.60684,14.37631],[-87.64493,14.36183],[-87.64733,14.36577],[-87.64598,14.37179],[-87.64941,14.36758],[-87.65564,14.37192],[-87.64865,14.37779],[-87.65245,14.38378],[-87.65066,14.38891],[-87.6582,14.40413],[-87.66836,14.40978],[-87.6916,14.43162],[-87.71029,14.42737],[-87.71462,14.42033],[-87.72349,14.41905],[-87.72981,14.41235],[-87.74942,14.40697],[-87.75902,14.41125],[-87.77109,14.41051],[-87.7822,14.40172],[-87.78912,14.39136],[-87.8356,14.39393],[-87.84829,14.41973],[-87.8551,14.4259],[-87.84766,14.43292],[-87.85152,14.43791],[-87.85178,14.44753],[-87.85909,14.45167],[-87.8591,14.4554],[-87.88071,14.47751],[-87.88736,14.49074],[-87.89747,14.49696],[-87.88949,14.49839],[-87.87929,14.49506],[-87.87377,14.49871],[-87.86283,14.4983],[-87.84621,14.50266],[-87.82232,14.49784],[-87.80182,14.49787],[-87.78563,14.49157],[-87.77331,14.49677],[-87.76626,14.49609],[-87.76354,14.49954],[-87.76829,14.50426],[-87.76894,14.51345],[-87.77561,14.51332],[-87.77359,14.51653],[-87.77725,14.51504],[-87.79077,14.52863],[-87.80154,14.52963],[-87.79382,14.54801],[-87.7806,14.55504],[-87.76712,14.55341],[-87.76346,14.5569],[-87.71726,14.55262],[-87.70378,14.55729],[-87.70083,14.56434],[-87.69151,14.56783],[-87.69382,14.57792],[-87.68697,14.57161],[-87.67563,14.57343],[-87.66861,14.57696],[-87.67003,14.581],[-87.66479,14.58942],[-87.65921,14.59072],[-87.65341,14.5879],[-87.64423,14.59224],[-87.63658,14.59023],[-87.6316,14.59571]]]}},{"type":"Feature","id":"27666195B23416368136478","properties":{"admin_level":2,"municipality_code":"27666195B23416368136478","municipality":"El Rosario","municipality_key":"elrosario","department_code":"10453824B65572632187118","department":"Comayagua","department_key":"comayagua","join_key":"comayagua|elrosario","centroid_lat":14.59772,"centroid_lon":-87.70918},"geometry":{"type":"Polygon","coordinates":[[[-87.62689,14.6032],[-87.63658,14.59023],[-87.64423,14.59224],[-87.65341,14.5879],[-87.65921,14.59072],[-87.66479,14.58942],[-87.67003,14.581],[-87.66861,14.57696],[-87.67563,14.57343],[-87.68697,14.57161],[-87.69382,14.57792],[-87.69151,14.56783],[-87.70083,14.56434],[-87.70378,14.55729],[-87.71726,14.55262],[-87.76346,14.5569],[-87.76712,14.55341],[-87.7806,14.55504],[-87.79382,14.54801],[-87.80154,14.52963],[-87.79077,14.52863],[-87.77725,14.51504],[-87.77359,14.51653],[-87.77561,14.51332],[-87.76894,14.51345],[-87.76829,14.50426],[-87.76354,14.49954],[-87.76626,14.49609],[-87.77331,14.49677],[-87.78563,14.49157],[-87.80182,14.49787],[-87.82232,14.49784],[-87.84621,14.50266],[-87.86283,14.4983],[-87.87377,14.49871],[-87.87929,14.49506],[-87.88949,14.49839],[-87.89747,14.49696],[-87.8676,14.5146],[-87.86764,14.52801],[-87.87156,14.5312],[-87.85197,14.54202],[-87.83261,14.54048],[-87.83623,14.55711],[-87.83409,14.57514],[-87.80436,14.57149],[-87.80156,14.56623],[-87.78969,14.57072],[-87.79025,14.56859],[-87.78272,14.56726],[-87.78207,14.5712],[-87.7884,14.58127],[-87.78348,14.5897],[-87.80213,14.62797],[-87.79906,14.63877],[-87.7928,14.64735],[-87.79562,14.65103],[-87.79343,14.65686],[-87.79662,14.67271],[-87.78853,14.67462],[-87.79075,14.67617],[-87.78689,14.67875],[-87.78841,14.68144],[-87.78216,14.68649],[-87.78203,14.69736],[-87.77693,14.70469],[-87.77837,14.7095],[-87.7534,14.70478],[-87.74539,14.70593],[-87.71814,14.69521],[-87.71593,14.69211],[-87.70629,14.69266],[-87.70367,14.68861],[-87.6979,14.68988],[-87.67481,14.66719],[-87.66654,14.66738],[-87.65774,14.6635],[-87.65453,14.66429],[-87.65176,14.67106],[-87.63898,14.6732],[-87.62594,14.67031],[-87.62378,14.66756],[-87.63266,14.66233],[-87.63222,14.6506],[-87.62686,14.64639],[-87.63525,14.64415],[-87.63674,14.6394],[-87.62837,14.63004],[-87.62097,14.62668],[-87.62686,14.61997],[-87.62689,14.6032]]]}},{"type":"Feature","id":"27666195B47131670478697","properties":{"admin_level":2,"municipality_code":"27666195B47131670478697","municipality":"Esquias","municipality_key":"esquias","department_code":"10453824B65572632187118","department":"Comayagua","department_key":"comayagua","join_key":"comayagua|esquias","centroid_lat":14.65057,"centroid_lon":-87.40387},"geometry":{"type":"Polygon","coordinates":[[[-87.46878,14.52305],[-87.50443,14.567],[-87.48231,14.59274],[-87.47463,14.59778],[-87.47062,14.61835],[-87.48182,14.62426],[-87.48696,14.6357],[-87.49049,14.63718],[-87.48166,14.64418],[-87.48132,14.65678],[-87.50012,14.66682],[-87.50309,14.66515],[-87.50783,14.66736],[-87.51062,14.67194],[-87.51664,14.67214],[-87.52096,14.68565],[-87.51676,14.70021],[-87.53295,14.71879],[-87.53214,14.72554],[-87.54399,14.72682],[-87.51508,14.74823],[-87.51567,14.75616],[-87.49669,14.72998],[-87.44545,14.72502],[-87.43383,14.71845],[-87.42497,14.72442],[-87.41831,14.72256],[-87.38931,14.74321],[-87.38999,14.74919],[-87.36571,14.78125],[-87.35386,14.7775],[-87.31749,14.74994],[-87.26692,14.73414],[-87.25564,14.73445],[-87.25599,14.72418],[-87.2685,14.72364],[-87.26493,14.71985],[-87.26804,14.71428],[-87.26543,14.71027],[-87.27061,14.70493],[-87.26558,14.69751],[-87.27361,14.69623],[-87.27632,14.69062],[-87.28306,14.68903],[-87.28565,14.68556],[-87.29231,14.68575],[-87.29645,14.67941],[-87.30621,14.67481],[-87.31477,14.6767],[-87.31814,14.66542],[-87.31286,14.66583],[-87.3135,14.6619],[-87.32071,14.66166],[-87.32416,14.66799],[-87.33019,14.66407],[-87.32444,14.64436],[-87.33112,14.63889],[-87.32597,14.6322],[-87.33105,14.63226],[-87.33516,14.62467],[-87.33266,14.61479],[-87.33739,14.61024],[-87.33663,14.6053],[-87.35762,14.60576],[-87.36138,14.60993],[-87.36561,14.60929],[-87.36642,14.61722],[-87.37612,14.61392],[-87.3969,14.6229],[-87.40431,14.62137],[-87.4024,14.6063],[-87.40577,14.60345],[-87.40412,14.59977],[-87.41011,14.59169],[-87.40789,14.58848],[-87.41132,14.58509],[-87.40757,14.57381],[-87.41215,14.5737],[-87.42024,14.56163],[-87.46878,14.52305]]]}},{"type":"Feature","id":"27666195B63492556097189","properties":{"admin_level":2,"municipality_code":"27666195B63492556097189","municipality":"Humuya","municipality_key":"humuya","department_code":"10453824B65572632187118","department":"Comayagua","department_key":"comayagua","join_key":"comayagua|humuya","centroid_lat":14.22382,"centroid_lon":-87.72127},"geometry":{"type":"Polygon","coordinates":[[[-87.68131,14.1939],[-87.70141,14.18285],[-87.70748,14.18323],[-87.71002,14.17901],[-87.71767,14.17987],[-87.72082,14.18353],[-87.73823,14.18466],[-87.73937,14.19279],[-87.73663,14.19792],[-87.73932,14.20555],[-87.72922,14.21359],[-87.74075,14.2217],[-87.74992,14.2206],[-87.76349,14.22756],[-87.76441,14.23417],[-87.75524,14.23874],[-87.74114,14.23584],[-87.73457,14.24523],[-87.72421,14.24677],[-87.721,14.24989],[-87.71756,14.24851],[-87.71321,14.25189],[-87.7002,14.24961],[-87.68372,14.25987],[-87.68185,14.26402],[-87.67851,14.26158],[-87.67878,14.25718],[-87.67079,14.26164],[-87.66845,14.25642],[-87.66317,14.26559],[-87.65712,14.26267],[-87.65463,14.26796],[-87.64969,14.26165],[-87.65307,14.25903],[-87.64775,14.25107],[-87.65812,14.24842],[-87.65847,14.2436],[-87.665,14.24699],[-87.66266,14.25102],[-87.66588,14.25136],[-87.67722,14.23224],[-87.68143,14.23339],[-87.68083,14.22832],[-87.68721,14.22594],[-87.68365,14.21724],[-87.68565,14.20965],[-87.68201,14.20669],[-87.68131,14.1939]]]}},{"type":"Feature","id":"27666195B37640617369838","properties":{"admin_level":2,"municipality_code":"27666195B37640617369838","municipality":"La Libertad","municipality_key":"lalibertad","department_code":"10453824B65572632187118","department":"Comayagua","department_key":"comayagua","join_key":"comayagua|lalibertad","centroid_lat":14.87443,"centroid_lon":-87.53205},"geometry":{"type":"Polygon","coordinates":[[[-87.51694,14.77082],[-87.51508,14.74823],[-87.54399,14.72682],[-87.55581,14.72835],[-87.56057,14.72309],[-87.60055,14.72331],[-87.60897,14.72857],[-87.61971,14.72711],[-87.6337,14.73044],[-87.63837,14.74113],[-87.63549,14.74179],[-87.63424,14.75188],[-87.62811,14.75485],[-87.6279,14.77476],[-87.60185,14.79797],[-87.60176,14.82149],[-87.5626,14.81993],[-87.55478,14.82796],[-87.55799,14.84059],[-87.5703,14.84976],[-87.55716,14.87087],[-87.5578,14.88539],[-87.607,14.94026],[-87.64436,14.92633],[-87.64613,14.9184],[-87.64977,14.91672],[-87.68802,14.92449],[-87.6994,14.96099],[-87.69469,14.967],[-87.70053,14.96738],[-87.70474,14.97404],[-87.71678,14.97568],[-87.72511,14.98089],[-87.7275,14.98036],[-87.72626,14.97591],[-87.73438,14.97502],[-87.73815,14.98529],[-87.74312,14.98646],[-87.74281,15.00367],[-87.73944,15.0129],[-87.73285,15.00887],[-87.71054,15.01306],[-87.70264,15.01047],[-87.69453,15.01672],[-87.68935,15.01233],[-87.67836,15.01857],[-87.67414,15.01751],[-87.67133,15.02281],[-87.66324,15.01725],[-87.65429,15.01868],[-87.65196,15.01646],[-87.6466,15.02042],[-87.63857,15.02107],[-87.62243,15.00626],[-87.61199,15.01454],[-87.61089,15.01955],[-87.59758,15.02075],[-87.59234,14.99007],[-87.57765,14.96013],[-87.55998,14.94818],[-87.56138,14.94394],[-87.55323,14.93162],[-87.55752,14.91639],[-87.54894,14.91128],[-87.54831,14.9067],[-87.50781,14.87799],[-87.49464,14.83209],[-87.50628,14.82996],[-87.51694,14.77082]]]}},{"type":"Feature","id":"27666195B66687640419438","properties":{"admin_level":2,"municipality_code":"27666195B66687640419438","municipality":"La Trinidad","municipality_key":"latrinidad","department_code":"10453824B65572632187118","department":"Comayagua","department_key":"comayagua","join_key":"comayagua|latrinidad","centroid_lat":14.70205,"centroid_lon":-87.66832},"geometry":{"type":"Polygon","coordinates":[[[-87.62947,14.67286],[-87.65176,14.67106],[-87.65453,14.66429],[-87.65774,14.6635],[-87.66654,14.66738],[-87.67481,14.66719],[-87.6979,14.68988],[-87.70367,14.68861],[-87.70629,14.69266],[-87.71593,14.69211],[-87.71814,14.69521],[-87.74539,14.70593],[-87.7534,14.70478],[-87.75137,14.72722],[-87.66611,14.73958],[-87.65425,14.73588],[-87.64811,14.72628],[-87.63546,14.73281],[-87.61971,14.72711],[-87.61353,14.72938],[-87.6025,14.72569],[-87.59996,14.71945],[-87.60296,14.71286],[-87.60065,14.69931],[-87.61112,14.69766],[-87.62072,14.69121],[-87.62193,14.68074],[-87.62947,14.67286]]]}},{"type":"Feature","id":"27666195B80950880065989","properties":{"admin_level":2,"municipality_code":"27666195B80950880065989","municipality":"Lamani","municipality_key":"lamani","department_code":"10453824B65572632187118","department":"Comayagua","department_key":"comayagua","join_key":"comayagua|lamani","centroid_lat":14.14765,"centroid_lon":-87.65248},"geometry":{"type":"Polygon","coordinates":[[[-87.73823,14.18466],[-87.72082,14.18353],[-87.71767,14.17987],[-87.71002,14.17901],[-87.70748,14.18323],[-87.70141,14.18285],[-87.68131,14.1939],[-87.66127,14.21354],[-87.59015,14.2271],[-87.58864,14.23406],[-87.59318,14.23875],[-87.59364,14.24511],[-87.56789,14.24596],[-87.55891,14.22188],[-87.53691,14.20896],[-87.52576,14.21146],[-87.51958,14.20615],[-87.513,14.21011],[-87.50365,14.21013],[-87.49122,14.20099],[-87.47785,14.2022],[-87.4869,14.19742],[-87.49799,14.18003],[-87.49759,14.17332],[-87.49078,14.16949],[-87.50001,14.16049],[-87.54197,14.13291],[-87.58019,14.14312],[-87.58861,14.13751],[-87.61749,14.10579],[-87.61515,14.08615],[-87.64291,14.08698],[-87.65215,14.08435],[-87.65661,14.08091],[-87.66142,14.06992],[-87.68896,14.04644],[-87.69107,14.05129],[-87.68771,14.05193],[-87.69038,14.0538],[-87.68954,14.06186],[-87.69281,14.06529],[-87.68985,14.06532],[-87.69098,14.07395],[-87.68948,14.07955],[-87.68658,14.08003],[-87.69762,14.1033],[-87.71441,14.09358],[-87.73791,14.1299],[-87.75962,14.13083],[-87.78584,14.13713],[-87.78525,14.15218],[-87.76866,14.16227],[-87.76733,14.16746],[-87.75533,14.17035],[-87.75179,14.17801],[-87.73512,14.18215],[-87.73823,14.18466]]]}},{"type":"Feature","id":"27666195B78800320029736","properties":{"admin_level":2,"municipality_code":"27666195B78800320029736","municipality":"Las Lajas","municipality_key":"laslajas","department_code":"10453824B65572632187118","department":"Comayagua","department_key":"comayagua","join_key":"comayagua|laslajas","centroid_lat":14.89924,"centroid_lon":-87.63447},"geometry":{"type":"Polygon","coordinates":[[[-87.68802,14.92449],[-87.64977,14.91672],[-87.64613,14.9184],[-87.64436,14.92633],[-87.607,14.94026],[-87.5578,14.88539],[-87.55716,14.87087],[-87.56217,14.86281],[-87.5929,14.86699],[-87.61673,14.86516],[-87.64462,14.86778],[-87.68712,14.85758],[-87.7065,14.87438],[-87.70328,14.88403],[-87.70783,14.89433],[-87.68962,14.90415],[-87.69195,14.91649],[-87.68802,14.92449]]]}},{"type":"Feature","id":"27666195B32250373817394","properties":{"admin_level":2,"municipality_code":"27666195B32250373817394","municipality":"Lejamani","municipality_key":"lejamani","department_code":"10453824B65572632187118","department":"Comayagua","department_key":"comayagua","join_key":"comayagua|lejamani","centroid_lat":14.36736,"centroid_lon":-87.70065},"geometry":{"type":"Polygon","coordinates":[[[-87.65066,14.38891],[-87.65245,14.38378],[-87.64892,14.37612],[-87.70136,14.34555],[-87.71303,14.35528],[-87.72881,14.35713],[-87.74194,14.36296],[-87.73278,14.37176],[-87.70509,14.37374],[-87.68831,14.38708],[-87.66033,14.38397],[-87.65066,14.38891]]]}},{"type":"Feature","id":"27666195B59484840238498","properties":{"admin_level":2,"municipality_code":"27666195B59484840238498","municipality":"Meambar","municipality_key":"meambar","department_code":"10453824B65572632187118","department":"Comayagua","department_key":"comayagua","join_key":"comayagua|meambar","centroid_lat":14.84185,"centroid_lon":-87.79464},"geometry":{"type":"Polygon","coordinates":[[[-87.7534,14.70478],[-87.77837,14.7095],[-87.78125,14.71647],[-87.81746,14.73083],[-87.86935,14.77033],[-87.88063,14.79776],[-87.8826,14.82576],[-87.88075,14.83695],[-87.88878,14.84736],[-87.89429,14.84637],[-87.89852,14.85073],[-87.90191,14.85045],[-87.88312,14.86004],[-87.87583,14.8749],[-87.85655,14.88638],[-87.85727,14.893],[-87.85227,14.8961],[-87.85019,14.90205],[-87.83425,14.90591],[-87.8285,14.90402],[-87.82481,14.90708],[-87.82666,14.90942],[-87.81797,14.9099],[-87.8143,14.91572],[-87.81015,14.9125],[-87.80147,14.91844],[-87.79822,14.93016],[-87.78368,14.92689],[-87.78493,14.93698],[-87.77823,14.94318],[-87.76089,14.94518],[-87.75707,14.94916],[-87.74894,14.95095],[-87.73878,14.96289],[-87.73438,14.97502],[-87.72626,14.97591],[-87.7275,14.98036],[-87.72511,14.98089],[-87.71678,14.97568],[-87.70474,14.97404],[-87.70053,14.96738],[-87.69469,14.967],[-87.6994,14.96099],[-87.68802,14.92449],[-87.69195,14.91649],[-87.68962,14.90415],[-87.70783,14.89433],[-87.70328,14.88403],[-87.70377,14.87752],[-87.71646,14.86182],[-87.7191,14.85268],[-87.70638,14.84506],[-87.70346,14.83932],[-87.69483,14.84439],[-87.68645,14.83906],[-87.69011,14.83355],[-87.68547,14.82957],[-87.68656,14.81411],[-87.68283,14.80576],[-87.68699,14.79337],[-87.70896,14.79089],[-87.71445,14.78108],[-87.71418,14.77374],[-87.72742,14.75515],[-87.73897,14.74825],[-87.75594,14.74334],[-87.75024,14.72288],[-87.75328,14.71928],[-87.7534,14.70478]]]}},{"type":"Feature","id":"27666195B38768397518774","properties":{"admin_level":2,"municipality_code":"27666195B38768397518774","municipality":"Minas de Oro","municipality_key":"minasdeoro","department_code":"10453824B65572632187118","department":"Comayagua","department_key":"comayagua","join_key":"comayagua|minasdeoro","centroid_lat":14.89693,"centroid_lon":-87.45924},"geometry":{"type":"Polygon","coordinates":[[[-87.25564,14.73445],[-87.26692,14.73414],[-87.31749,14.74994],[-87.35386,14.7775],[-87.43963,14.80089],[-87.49464,14.83209],[-87.50781,14.87799],[-87.54831,14.9067],[-87.54894,14.91128],[-87.55752,14.91639],[-87.55697,14.92471],[-87.55296,14.92969],[-87.56138,14.94394],[-87.55998,14.94818],[-87.57765,14.96013],[-87.59234,14.99007],[-87.59758,15.02075],[-87.5871,15.02193],[-87.58336,15.02501],[-87.59106,15.03413],[-87.59021,15.03687],[-87.58378,15.03614],[-87.58089,15.03922],[-87.57317,15.03717],[-87.57146,15.04258],[-87.56211,15.05094],[-87.55481,15.05062],[-87.54573,15.05562],[-87.54077,15.05558],[-87.53253,15.04525],[-87.52778,15.04618],[-87.51795,15.04051],[-87.51666,15.03352],[-87.50782,15.02618],[-87.50227,15.01487],[-87.50648,15.01139],[-87.50318,15.0038],[-87.50413,14.99409],[-87.49562,14.98852],[-87.49655,14.98227],[-87.48541,14.97574],[-87.48122,14.97838],[-87.47332,14.97702],[-87.47783,14.97209],[-87.47694,14.96873],[-87.46246,14.96998],[-87.4645,14.96404],[-87.46027,14.95383],[-87.46438,14.94472],[-87.4601,14.93846],[-87.45168,14.9351],[-87.45835,14.92797],[-87.45298,14.92492],[-87.45484,14.91347],[-87.44963,14.90839],[-87.44015,14.91014],[-87.43669,14.90719],[-87.43285,14.90974],[-87.42503,14.9039],[-87.41175,14.91127],[-87.38853,14.91045],[-87.38301,14.9019],[-87.38493,14.89195],[-87.3786,14.88576],[-87.38067,14.88195],[-87.36711,14.87403],[-87.36392,14.86549],[-87.31052,14.80337],[-87.28862,14.75776],[-87.2681,14.75009],[-87.26198,14.75153],[-87.26393,14.75595],[-87.24964,14.75553],[-87.24958,14.74272],[-87.25564,14.73445]]]}},{"type":"Feature","id":"27666195B51970998087864","properties":{"admin_level":2,"municipality_code":"27666195B51970998087864","municipality":"Ojos de Agua","municipality_key":"ojosdeagua","department_code":"10453824B65572632187118","department":"Comayagua","department_key":"comayagua","join_key":"comayagua|ojosdeagua","centroid_lat":14.80186,"centroid_lon":-87.64299},"geometry":{"type":"Polygon","coordinates":[[[-87.56217,14.86281],[-87.5703,14.84976],[-87.55799,14.84059],[-87.55478,14.82796],[-87.5626,14.81993],[-87.60176,14.82149],[-87.60185,14.79797],[-87.6279,14.77476],[-87.62811,14.75485],[-87.63424,14.75188],[-87.63549,14.74179],[-87.63837,14.74113],[-87.63546,14.73281],[-87.64811,14.72628],[-87.65425,14.73588],[-87.66611,14.73958],[-87.75137,14.72722],[-87.75594,14.74334],[-87.73897,14.74825],[-87.72742,14.75515],[-87.71418,14.77374],[-87.71445,14.78108],[-87.70896,14.79089],[-87.68699,14.79337],[-87.68283,14.80576],[-87.68656,14.81411],[-87.68547,14.82957],[-87.69011,14.83355],[-87.68645,14.83906],[-87.69483,14.84439],[-87.70346,14.83932],[-87.70638,14.84506],[-87.7191,14.85268],[-87.71646,14.86182],[-87.7065,14.87438],[-87.68516,14.85704],[-87.64462,14.86778],[-87.61673,14.86516],[-87.5929,14.86699],[-87.56217,14.86281]]]}},{"type":"Feature","id":"27666195B29530067641484","properties":{"admin_level":2,"municipality_code":"27666195B29530067641484","municipality":"San Jerónimo","municipality_key":"sanjeronimo","department_code":"10453824B65572632187118","department":"Comayagua","department_key":"comayagua","join_key":"comayagua|sanjeronimo","centroid_lat":14.64849,"centroid_lon":-87.55554},"geometry":{"type":"Polygon","coordinates":[[[-87.50443,14.567],[-87.50887,14.56521],[-87.54837,14.57096],[-87.56175,14.56937],[-87.56541,14.56619],[-87.5705,14.56895],[-87.57361,14.57982],[-87.5797,14.58447],[-87.59546,14.57335],[-87.61371,14.57175],[-87.61537,14.57474],[-87.62995,14.57696],[-87.62675,14.58606],[-87.6316,14.59571],[-87.62689,14.6032],[-87.62806,14.61613],[-87.62097,14.62668],[-87.62837,14.63004],[-87.63674,14.6394],[-87.63525,14.64415],[-87.62686,14.64639],[-87.63222,14.6506],[-87.63266,14.66233],[-87.62378,14.66756],[-87.62843,14.67023],[-87.6295,14.67483],[-87.62193,14.68074],[-87.62072,14.69121],[-87.61112,14.69766],[-87.60065,14.69931],[-87.60296,14.71286],[-87.60055,14.72331],[-87.5733,14.72142],[-87.56057,14.72309],[-87.55581,14.72835],[-87.53214,14.72554],[-87.53295,14.71879],[-87.51676,14.70021],[-87.52096,14.68565],[-87.51664,14.67214],[-87.51062,14.67194],[-87.50783,14.66736],[-87.50309,14.66515],[-87.50012,14.66682],[-87.48132,14.65678],[-87.48166,14.64418],[-87.49049,14.63718],[-87.48696,14.6357],[-87.48182,14.62426],[-87.47062,14.61835],[-87.47463,14.59778],[-87.48231,14.59274],[-87.50443,14.567]]]}},{"type":"Feature","id":"27666195B469892193745","properties":{"admin_level":2,"municipality_code":"27666195B469892193745","municipality":"San Jose de Comayagua","municipality_key":"sanjosedecomayagua","department_code":"10453824B65572632187118","department":"Comayagua","department_key":"comayagua","join_key":"comayagua|sanjosedecomayagua","centroid_lat":14.6964,"centroid_lon":-88.048},"geometry":{"type":"Polygon","coordinates":[[[-88.07647,14.6619],[-88.05703,14.68091],[-88.07455,14.70852],[-88.08762,14.71186],[-88.08645,14.71684],[-88.05136,14.75736],[-88.03006,14.76506],[-88.01312,14.76295],[-88.00139,14.74828],[-88.0029,14.73458],[-87.99755,14.72414],[-87.9962,14.71146],[-88.02058,14.70975],[-88.03146,14.70138],[-88.02681,14.69142],[-88.02844,14.68259],[-88.0225,14.67699],[-88.02198,14.63368],[-88.04111,14.63996],[-88.06024,14.63672],[-88.06655,14.64502],[-88.06763,14.65375],[-88.07647,14.6619]]]}},{"type":"Feature","id":"27666195B91463241716660","properties":{"admin_level":2,"municipality_code":"27666195B91463241716660","municipality":"San Jose del Potrero","municipality_key":"sanjosedelpotrero","department_code":"10453824B65572632187118","department":"Comayagua","department_key":"comayagua","join_key":"comayagua|sanjosedelpotrero","centroid_lat":14.84371,"centroid_lon":-87.29604},"geometry":{"type":"Polygon","coordinates":[[[-87.24964,14.75553],[-87.26393,14.75595],[-87.26198,14.75153],[-87.2681,14.75009],[-87.28862,14.75776],[-87.31052,14.80337],[-87.36392,14.86549],[-87.36711,14.87403],[-87.38067,14.88195],[-87.3786,14.88576],[-87.38493,14.89195],[-87.38301,14.9019],[-87.38853,14.91045],[-87.39497,14.91243],[-87.40242,14.91045],[-87.37692,14.93738],[-87.35697,14.93948],[-87.35475,14.93556],[-87.34253,14.92942],[-87.32575,14.9302],[-87.31861,14.92658],[-87.31424,14.9306],[-87.29898,14.91287],[-87.29486,14.91315],[-87.2898,14.92394],[-87.27443,14.92447],[-87.27427,14.91884],[-87.26598,14.90728],[-87.25303,14.89732],[-87.2179,14.88305],[-87.21728,14.87645],[-87.22312,14.8698],[-87.21655,14.86911],[-87.20927,14.85774],[-87.21106,14.84685],[-87.22018,14.84218],[-87.24513,14.84524],[-87.25254,14.8388],[-87.25657,14.82987],[-87.26287,14.82697],[-87.26626,14.81098],[-87.26045,14.80824],[-87.25933,14.79706],[-87.25099,14.78678],[-87.25112,14.77302],[-87.25384,14.76709],[-87.24937,14.76389],[-87.24964,14.75553]]]}},{"type":"Feature","id":"27666195B17713094876682","properties":{"admin_level":2,"municipality_code":"27666195B17713094876682","municipality":"San Luis","municipality_key":"sanluis","department_code":"10453824B65572632187118","department":"Comayagua","department_key":"comayagua","join_key":"comayagua|sanluis","centroid_lat":14.77603,"centroid_lon":-87.44283},"geometry":{"type":"Polygon","coordinates":[[[-87.36571,14.78125],[-87.38999,14.74919],[-87.38931,14.74321],[-87.41831,14.72256],[-87.42497,14.72442],[-87.43383,14.71845],[-87.44545,14.72502],[-87.49669,14.72998],[-87.51567,14.75616],[-87.51694,14.77082],[-87.50628,14.82996],[-87.49464,14.83209],[-87.43963,14.80089],[-87.36571,14.78125]]]}},{"type":"Feature","id":"27666195B99754076346058","properties":{"admin_level":2,"municipality_code":"27666195B99754076346058","municipality":"San Sebastian","municipality_key":"sansebastian","department_code":"10453824B65572632187118","department":"Comayagua","department_key":"comayagua","join_key":"comayagua|sansebastian","centroid_lat":14.23028,"centroid_lon":-87.63526},"geometry":{"type":"MultiPolygon","coordinates":[[[[-87.68131,14.1939],[-87.68201,14.20669],[-87.68565,14.20965],[-87.68365,14.21724],[-87.68721,14.22594],[-87.68083,14.22832],[-87.68143,14.23339],[-87.67722,14.23224],[-87.66588,14.25136],[-87.66266,14.25102],[-87.665,14.24699],[-87.65847,14.2436],[-87.65812,14.24842],[-87.64775,14.25107],[-87.65307,14.25903],[-87.63804,14.26795],[-87.61553,14.26688],[-87.59739,14.25733],[-87.59315,14.25057],[-87.59318,14.23875],[-87.58864,14.23406],[-87.59015,14.2271],[-87.66127,14.21354],[-87.68131,14.1939]]],[[[-87.76441,14.23417],[-87.76349,14.22756],[-87.74992,14.2206],[-87.74075,14.2217],[-87.73172,14.21709],[-87.72922,14.21152],[-87.73932,14.20555],[-87.73663,14.19792],[-87.73937,14.19279],[-87.73823,14.18466],[-87.73512,14.18215],[-87.75179,14.17801],[-87.75533,14.17035],[-87.76733,14.16746],[-87.76866,14.16227],[-87.78798,14.18924],[-87.82539,14.19947],[-87.82591,14.21187],[-87.83353,14.2221],[-87.83008,14.22746],[-87.8177,14.23364],[-87.81632,14.22806],[-87.78113,14.24268],[-87.77595,14.23415],[-87.76901,14.23599],[-87.76441,14.23417]]]]}},{"type":"Feature","id":"27666195B5317078284159","properties":{"admin_level":2,"municipality_code":"27666195B5317078284159","municipality":"Siguatepeque","municipality_key":"siguatepeque","department_code":"10453824B65572632187118","department":"Comayagua","department_key":"comayagua","join_key":"comayagua|siguatepeque","centroid_lat":14.65425,"centroid_lon":-87.85472},"geometry":{"type":"Polygon","coordinates":[[[-87.78125,14.71647],[-87.77693,14.70469],[-87.78203,14.69736],[-87.78216,14.68649],[-87.78841,14.68144],[-87.78689,14.67875],[-87.79075,14.67617],[-87.78853,14.67462],[-87.79662,14.67271],[-87.79343,14.65686],[-87.79562,14.65103],[-87.7928,14.64735],[-87.79906,14.63877],[-87.80213,14.62797],[-87.78348,14.5897],[-87.7884,14.58127],[-87.78207,14.5712],[-87.78272,14.56726],[-87.79025,14.56859],[-87.78969,14.57072],[-87.80156,14.56623],[-87.80436,14.57149],[-87.83409,14.57514],[-87.83623,14.55711],[-87.83261,14.54048],[-87.85197,14.54202],[-87.87156,14.5312],[-87.86764,14.52801],[-87.8676,14.5146],[-87.89747,14.49696],[-87.90269,14.50025],[-87.90425,14.50939],[-87.89977,14.51947],[-87.90187,14.52794],[-87.91026,14.53452],[-87.94299,14.54241],[-87.95288,14.56893],[-87.95153,14.58116],[-87.96393,14.59401],[-87.96576,14.59971],[-87.96425,14.61135],[-87.96829,14.61398],[-87.97267,14.61259],[-87.9792,14.61711],[-87.98591,14.61681],[-87.98536,14.61431],[-87.98837,14.61329],[-87.99757,14.62506],[-88.02198,14.63368],[-88.02163,14.65163],[-87.91907,14.6498],[-87.89949,14.67127],[-87.90087,14.72762],[-87.9238,14.74251],[-87.92893,14.75392],[-87.88138,14.80837],[-87.88063,14.79776],[-87.86935,14.77033],[-87.81746,14.73083],[-87.78125,14.71647]]]}},{"type":"Feature","id":"27666195B46005131059519","properties":{"admin_level":2,"municipality_code":"27666195B46005131059519","municipality":"Taulabe","municipality_key":"taulabe","department_code":"10453824B65572632187118","department":"Comayagua","department_key":"comayagua","join_key":"comayagua|taulabe","centroid_lat":14.7511,"centroid_lon":-87.96551},"geometry":{"type":"Polygon","coordinates":[[[-87.99647,14.7924],[-87.9844,14.79197],[-87.9755,14.80236],[-87.96709,14.79952],[-87.95769,14.81347],[-87.90191,14.85045],[-87.89852,14.85073],[-87.89429,14.84637],[-87.88878,14.84736],[-87.88075,14.83695],[-87.88138,14.80837],[-87.92893,14.75392],[-87.9238,14.74251],[-87.90087,14.72762],[-87.89949,14.67127],[-87.91907,14.6498],[-88.02163,14.65163],[-88.0225,14.67699],[-88.02844,14.68259],[-88.02681,14.69142],[-88.03146,14.70138],[-88.02058,14.70975],[-87.9962,14.71146],[-87.99602,14.71702],[-88.0029,14.73458],[-88.00139,14.74828],[-88.01035,14.7611],[-88.03006,14.76506],[-87.99647,14.7924]]]}},{"type":"Feature","id":"27666195B41071058173253","properties":{"admin_level":2,"municipality_code":"27666195B41071058173253","municipality":"Villa de San Antonio","municipality_key":"villadesanantonio","department_code":"10453824B65572632187118","department":"Comayagua","department_key":"comayagua","join_key":"comayagua|villadesanantonio","centroid_lat":14.29411,"centroid_lon":-87.54613},"geometry":{"type":"Polygon","coordinates":[[[-87.64733,14.36577],[-87.64493,14.36183],[-87.62054,14.37003],[-87.613,14.37515],[-87.58273,14.37393],[-87.55724,14.38304],[-87.54417,14.38363],[-87.54136,14.37784],[-87.53699,14.3831],[-87.52996,14.3828],[-87.52387,14.38894],[-87.49038,14.38361],[-87.49404,14.37034],[-87.49003,14.36277],[-87.47955,14.36681],[-87.46741,14.35671],[-87.46269,14.35617],[-87.45567,14.36144],[-87.4483,14.36128],[-87.43895,14.37082],[-87.43395,14.3701],[-87.43281,14.37659],[-87.39131,14.37468],[-87.40479,14.34278],[-87.43085,14.33848],[-87.43703,14.33381],[-87.45187,14.33749],[-87.46404,14.33425],[-87.46843,14.32645],[-87.46118,14.26318],[-87.44275,14.24798],[-87.43129,14.24397],[-87.42488,14.22352],[-87.43286,14.21355],[-87.47252,14.21005],[-87.47785,14.2022],[-87.49122,14.20099],[-87.50365,14.21013],[-87.513,14.21011],[-87.51958,14.20615],[-87.52576,14.21146],[-87.53691,14.20896],[-87.55891,14.22188],[-87.56789,14.24596],[-87.59364,14.24511],[-87.59315,14.25057],[-87.59739,14.25733],[-87.61143,14.26533],[-87.63804,14.26795],[-87.64074,14.27808],[-87.63337,14.27614],[-87.62886,14.28589],[-87.62491,14.28556],[-87.62863,14.29212],[-87.62642,14.2961],[-87.63033,14.29849],[-87.6306,14.30247],[-87.63468,14.30301],[-87.62598,14.31344],[-87.63668,14.31644],[-87.63559,14.32292],[-87.6387,14.32382],[-87.64013,14.33153],[-87.63396,14.34057],[-87.64027,14.34481],[-87.63959,14.35462],[-87.64444,14.36086],[-87.6471,14.36052],[-87.64733,14.36577]]]}},{"type":"Feature","id":"27666195B19494062054761","properties":{"admin_level":2,"municipality_code":"27666195B19494062054761","municipality":"Cabana","municipality_key":"cabana","department_code":"10453824B73363653217090","department":"Copán","department_key":"copan","join_key":"copan|cabana","centroid_lat":14.78092,"centroid_lon":-89.07258},"geometry":{"type":"Polygon","coordinates":[[[-89.08144,14.72563],[-89.09795,14.72313],[-89.09857,14.73027],[-89.11774,14.75245],[-89.11813,14.76312],[-89.13092,14.77321],[-89.12779,14.79595],[-89.10985,14.83407],[-89.08808,14.85211],[-89.07222,14.85225],[-89.05271,14.80491],[-89.03714,14.80364],[-89.03589,14.79522],[-89.02095,14.78746],[-89.00964,14.77439],[-89.02616,14.75549],[-89.01326,14.7492],[-89.01405,14.71474],[-89.02149,14.71356],[-89.02956,14.71802],[-89.04134,14.71885],[-89.0513,14.71486],[-89.06845,14.71645],[-89.08144,14.72563]]]}},{"type":"Feature","id":"27666195B32287838652437","properties":{"admin_level":2,"municipality_code":"27666195B32287838652437","municipality":"Concepción","municipality_key":"concepcion","department_code":"10453824B73363653217090","department":"Copán","department_key":"copan","join_key":"copan|concepcion","centroid_lat":14.86666,"centroid_lon":-88.87761},"geometry":{"type":"Polygon","coordinates":[[[-88.80901,14.82242],[-88.82402,14.80858],[-88.82522,14.80161],[-88.83782,14.80362],[-88.84511,14.80092],[-88.84901,14.7935],[-88.85156,14.79567],[-88.85074,14.79942],[-88.86165,14.80651],[-88.86408,14.81332],[-88.86211,14.83228],[-88.86752,14.8401],[-88.90626,14.88006],[-88.93924,14.87106],[-88.93967,14.88637],[-88.95987,14.91453],[-88.94241,14.93005],[-88.93814,14.92615],[-88.92979,14.9336],[-88.9162,14.93104],[-88.91276,14.92744],[-88.91366,14.91831],[-88.90879,14.91012],[-88.88747,14.90503],[-88.87341,14.90653],[-88.87659,14.89617],[-88.85985,14.88618],[-88.86257,14.88121],[-88.86176,14.86227],[-88.84645,14.83975],[-88.81675,14.83912],[-88.81694,14.83519],[-88.81308,14.83324],[-88.80901,14.82242]]]}},{"type":"Feature","id":"27666195B42868938000768","properties":{"admin_level":2,"municipality_code":"27666195B42868938000768","municipality":"Copan Ruinas","municipality_key":"copanruinas","department_code":"10453824B73363653217090","department":"Copán","department_key":"copan","join_key":"copan|copanruinas","centroid_lat":14.90231,"centroid_lon":-89.16685},"geometry":{"type":"Polygon","coordinates":[[[-89.10985,14.83407],[-89.12779,14.79595],[-89.13092,14.77321],[-89.11813,14.76312],[-89.11774,14.75245],[-89.09857,14.73027],[-89.09807,14.72179],[-89.10328,14.72235],[-89.13149,14.71192],[-89.16558,14.73043],[-89.16909,14.77398],[-89.19453,14.79633],[-89.22388,14.83357],[-89.22816,14.88146],[-89.21991,14.88883],[-89.21132,14.89187],[-89.20336,14.90118],[-89.19267,14.90057],[-89.18691,14.90323],[-89.18117,14.91016],[-89.18151,14.91514],[-89.17854,14.91637],[-89.17992,14.92164],[-89.17302,14.92684],[-89.17172,14.93273],[-89.17559,14.93688],[-89.17504,14.94009],[-89.16671,14.94296],[-89.16189,14.96643],[-89.16395,14.96931],[-89.15626,14.97879],[-89.15804,14.98214],[-89.17864,14.99267],[-89.17951,14.99887],[-89.18443,15.00136],[-89.17855,15.01678],[-89.16985,15.02748],[-89.17515,15.03111],[-89.17547,15.03575],[-89.17315,15.03869],[-89.16501,15.03972],[-89.15535,15.05153],[-89.15269,15.05825],[-89.15421,15.0677],[-89.08446,15.09401],[-89.08508,15.09024],[-89.08244,15.09168],[-89.08052,15.08656],[-89.08458,15.08207],[-89.07788,15.08362],[-89.07339,15.08203],[-89.07361,15.07954],[-89.0572,15.07497],[-89.04806,15.04288],[-89.03129,15.02244],[-89.04356,15.01518],[-89.05342,15.0153],[-89.05778,15.01233],[-89.05948,15.00219],[-89.05323,14.99454],[-89.05466,14.9889],[-89.04812,14.98137],[-89.04494,14.96998],[-89.04812,14.96587],[-89.05588,14.96084],[-89.0912,14.96202],[-89.11162,14.94272],[-89.12569,14.9456],[-89.13258,14.9286],[-89.14177,14.92284],[-89.14493,14.90139],[-89.14113,14.88765],[-89.14345,14.87896],[-89.14051,14.86683],[-89.13093,14.86097],[-89.12647,14.8539],[-89.13062,14.84797],[-89.11678,14.84262],[-89.10985,14.83407]]]}},{"type":"Feature","id":"27666195B19048967289825","properties":{"admin_level":2,"municipality_code":"27666195B19048967289825","municipality":"Corquin","municipality_key":"corquin","department_code":"10453824B73363653217090","department":"Copán","department_key":"copan","join_key":"copan|corquin","centroid_lat":14.55236,"centroid_lon":-88.84427},"geometry":{"type":"Polygon","coordinates":[[[-88.84635,14.49574],[-88.85341,14.51061],[-88.89452,14.51774],[-88.91471,14.54104],[-88.91119,14.55701],[-88.92321,14.55605],[-88.93016,14.56216],[-88.93025,14.57582],[-88.92552,14.58304],[-88.92795,14.58907],[-88.92363,14.5906],[-88.92254,14.59562],[-88.91863,14.59424],[-88.90652,14.6034],[-88.90493,14.60792],[-88.89863,14.6064],[-88.89034,14.6093],[-88.88023,14.60903],[-88.86736,14.59767],[-88.84262,14.60284],[-88.836,14.59066],[-88.83569,14.57839],[-88.8298,14.58586],[-88.81611,14.59234],[-88.81405,14.6065],[-88.81087,14.59376],[-88.81231,14.58997],[-88.80995,14.58839],[-88.8024,14.59538],[-88.79285,14.58637],[-88.78564,14.60281],[-88.73356,14.61056],[-88.7528,14.59406],[-88.75869,14.59263],[-88.77045,14.57104],[-88.77748,14.54867],[-88.79765,14.54298],[-88.81169,14.53231],[-88.82598,14.53645],[-88.83119,14.53348],[-88.83198,14.5266],[-88.82628,14.51744],[-88.8303,14.51055],[-88.82505,14.49971],[-88.84635,14.49574]]]}},{"type":"Feature","id":"27666195B10036969380413","properties":{"admin_level":2,"municipality_code":"27666195B10036969380413","municipality":"Cucuyagua","municipality_key":"cucuyagua","department_code":"10453824B73363653217090","department":"Copán","department_key":"copan","join_key":"copan|cucuyagua","centroid_lat":14.69797,"centroid_lon":-88.84297},"geometry":{"type":"Polygon","coordinates":[[[-88.89524,14.75498],[-88.89127,14.75012],[-88.88483,14.75556],[-88.87139,14.75687],[-88.86735,14.75372],[-88.86423,14.75625],[-88.8629,14.75372],[-88.85971,14.75631],[-88.85933,14.75293],[-88.85394,14.7536],[-88.85449,14.74922],[-88.85079,14.75134],[-88.84378,14.74574],[-88.83913,14.74881],[-88.83635,14.73484],[-88.82796,14.73466],[-88.82958,14.73179],[-88.82525,14.72765],[-88.82106,14.7295],[-88.81778,14.72593],[-88.80147,14.72487],[-88.79414,14.72003],[-88.78739,14.72002],[-88.78394,14.71617],[-88.79218,14.71534],[-88.79476,14.71118],[-88.79569,14.68947],[-88.77534,14.65013],[-88.77096,14.64951],[-88.79334,14.6318],[-88.86292,14.62989],[-88.88328,14.63935],[-88.88747,14.63879],[-88.88678,14.6448],[-88.87697,14.64647],[-88.88457,14.65519],[-88.88194,14.66069],[-88.88104,14.68101],[-88.89178,14.69285],[-88.88945,14.70309],[-88.89424,14.70762],[-88.9019,14.70841],[-88.89598,14.71564],[-88.89926,14.72],[-88.90473,14.71972],[-88.90801,14.72697],[-88.90506,14.72965],[-88.89891,14.72384],[-88.90329,14.73553],[-88.91489,14.73937],[-88.91212,14.7463],[-88.89524,14.75498]]]}},{"type":"Feature","id":"27666195B68227571253463","properties":{"admin_level":2,"municipality_code":"27666195B68227571253463","municipality":"Dolores","municipality_key":"dolores","department_code":"10453824B73363653217090","department":"Copán","department_key":"copan","join_key":"copan|dolores","centroid_lat":14.88881,"centroid_lon":-88.82453},"geometry":{"type":"Polygon","coordinates":[[[-88.79815,14.85257],[-88.80158,14.85204],[-88.80203,14.84917],[-88.80891,14.85313],[-88.82688,14.85639],[-88.83308,14.86869],[-88.83646,14.87012],[-88.8423,14.90595],[-88.88747,14.90503],[-88.89805,14.90799],[-88.89237,14.92739],[-88.88576,14.92977],[-88.8814,14.94396],[-88.86829,14.95329],[-88.86449,14.94847],[-88.85777,14.94869],[-88.85165,14.95511],[-88.84852,14.94886],[-88.84098,14.94748],[-88.83985,14.94287],[-88.84182,14.94195],[-88.83812,14.93966],[-88.84169,14.93624],[-88.83762,14.93365],[-88.83609,14.92341],[-88.81932,14.9104],[-88.80222,14.87259],[-88.79815,14.85257]]]}},{"type":"Feature","id":"27666195B52269528402042","properties":{"admin_level":2,"municipality_code":"27666195B52269528402042","municipality":"Dulce Nombre","municipality_key":"dulcenombre","department_code":"10453824B73363653217090","department":"Copán","department_key":"copan","join_key":"copan|dulcenombre","centroid_lat":14.86548,"centroid_lon":-88.84668},"geometry":{"type":"Polygon","coordinates":[[[-88.80203,14.84917],[-88.80425,14.83711],[-88.80043,14.82649],[-88.80901,14.82242],[-88.81308,14.83324],[-88.81694,14.83519],[-88.81675,14.83912],[-88.84645,14.83975],[-88.86176,14.86227],[-88.86257,14.88121],[-88.85985,14.88618],[-88.87659,14.89617],[-88.87341,14.90653],[-88.8423,14.90595],[-88.83646,14.87012],[-88.83308,14.86869],[-88.82688,14.85639],[-88.80891,14.85313],[-88.80203,14.84917]]]}},{"type":"Feature","id":"27666195B24019943465841","properties":{"admin_level":2,"municipality_code":"27666195B24019943465841","municipality":"El Paraiso","municipality_key":"elparaiso","department_code":"10453824B73363653217090","department":"Copán","department_key":"copan","join_key":"copan|elparaiso","centroid_lat":15.05893,"centroid_lon":-88.99002},"geometry":{"type":"Polygon","coordinates":[[[-89.04494,14.96998],[-89.04812,14.98137],[-89.05466,14.9889],[-89.05323,14.99454],[-89.05948,15.00219],[-89.05778,15.01233],[-89.05342,15.0153],[-89.04356,15.01518],[-89.03129,15.02244],[-89.04806,15.04288],[-89.0572,15.07497],[-89.07361,15.07954],[-89.07339,15.08203],[-89.07788,15.08362],[-89.08458,15.08207],[-89.08052,15.08656],[-89.08244,15.09168],[-89.08508,15.09024],[-89.08446,15.09401],[-88.97401,15.13568],[-88.94235,15.16171],[-88.92968,15.15644],[-88.91683,15.13902],[-88.9183,15.12519],[-88.91338,15.11983],[-88.92579,15.08376],[-88.92951,15.02674],[-88.92655,14.99958],[-88.9282,14.99578],[-88.93243,14.99455],[-88.93728,14.98521],[-88.96349,14.95385],[-88.98711,14.96263],[-89.00014,14.95978],[-89.04494,14.96998]]]}},{"type":"Feature","id":"27666195B95535378381933","properties":{"admin_level":2,"municipality_code":"27666195B95535378381933","municipality":"Florida","municipality_key":"florida","department_code":"10453824B73363653217090","department":"Copán","department_key":"copan","join_key":"copan|florida","centroid_lat":15.13931,"centroid_lon":-88.82528},"geometry":{"type":"Polygon","coordinates":[[[-88.91788,15.10806],[-88.91338,15.11983],[-88.9183,15.12519],[-88.91683,15.13902],[-88.92968,15.15644],[-88.94235,15.16171],[-88.8463,15.24162],[-88.75827,15.29403],[-88.71018,15.24491],[-88.72152,15.21879],[-88.71021,15.21312],[-88.70018,15.20287],[-88.69979,15.20027],[-88.71244,15.18683],[-88.70773,15.16833],[-88.71988,15.17088],[-88.74286,15.18132],[-88.74996,15.19591],[-88.76564,15.19526],[-88.76638,15.1924],[-88.76178,15.18745],[-88.76725,15.18405],[-88.77124,15.17667],[-88.77258,15.16131],[-88.77774,15.15695],[-88.77694,15.15221],[-88.78315,15.14465],[-88.78489,15.13127],[-88.79612,15.10433],[-88.79563,15.0961],[-88.79063,15.08816],[-88.79296,15.08797],[-88.79196,15.0851],[-88.79709,15.0795],[-88.80216,15.07841],[-88.8044,15.07393],[-88.80925,15.07428],[-88.81153,15.06797],[-88.82214,15.06527],[-88.8175,15.05978],[-88.82022,15.06011],[-88.81932,15.05707],[-88.82481,15.04959],[-88.81993,15.04542],[-88.82492,15.04259],[-88.82838,15.0447],[-88.82645,15.0231],[-88.80647,15.01367],[-88.79739,14.99996],[-88.79767,14.98455],[-88.84732,14.98939],[-88.84823,15.02196],[-88.8597,15.04389],[-88.85437,15.05581],[-88.85048,15.05836],[-88.85348,15.06029],[-88.86352,15.0881],[-88.86275,15.10063],[-88.86768,15.12305],[-88.86671,15.13961],[-88.87534,15.13972],[-88.90102,15.12813],[-88.91788,15.10806]]]}},{"type":"Feature","id":"27666195B73111216600935","properties":{"admin_level":2,"municipality_code":"27666195B73111216600935","municipality":"La Jigua","municipality_key":"lajigua","department_code":"10453824B73363653217090","department":"Copán","department_key":"copan","join_key":"copan|lajigua","centroid_lat":15.10632,"centroid_lon":-88.75962},"geometry":{"type":"Polygon","coordinates":[[[-88.81323,15.01705],[-88.82645,15.0231],[-88.8283,15.03216],[-88.82838,15.0447],[-88.82492,15.04259],[-88.81993,15.04542],[-88.82481,15.04959],[-88.81932,15.05707],[-88.82022,15.06011],[-88.8175,15.05978],[-88.82214,15.06527],[-88.81153,15.06797],[-88.80925,15.07428],[-88.8044,15.07393],[-88.80216,15.07841],[-88.79709,15.0795],[-88.79196,15.0851],[-88.79296,15.08797],[-88.79063,15.08816],[-88.79563,15.0961],[-88.79612,15.10433],[-88.78489,15.13127],[-88.78315,15.14465],[-88.77694,15.15221],[-88.77774,15.15695],[-88.77258,15.16131],[-88.77124,15.17667],[-88.76725,15.18405],[-88.76178,15.18745],[-88.76638,15.1924],[-88.76564,15.19526],[-88.74996,15.19591],[-88.74286,15.18132],[-88.71988,15.17088],[-88.70773,15.16833],[-88.70686,15.14814],[-88.70341,15.14455],[-88.70423,15.12984],[-88.7125,15.1249],[-88.71387,15.11384],[-88.71828,15.10973],[-88.72133,15.11094],[-88.71927,15.10604],[-88.72402,15.1066],[-88.7233,15.10375],[-88.72669,15.10559],[-88.73023,15.10242],[-88.72935,15.10002],[-88.73273,15.10124],[-88.73573,15.09797],[-88.73131,15.09424],[-88.75079,15.09391],[-88.75843,15.08113],[-88.7631,15.08072],[-88.76219,15.07742],[-88.76628,15.07476],[-88.7637,15.07483],[-88.76419,15.07239],[-88.76648,15.07292],[-88.77098,15.06715],[-88.78083,15.02584],[-88.81323,15.01705]]]}},{"type":"Feature","id":"27666195B95326987561994","properties":{"admin_level":2,"municipality_code":"27666195B95326987561994","municipality":"La Union","municipality_key":"launion","department_code":"10453824B73363653217090","department":"Copán","department_key":"copan","join_key":"copan|launion","centroid_lat":14.69972,"centroid_lon":-88.94974},"geometry":{"type":"Polygon","coordinates":[[[-89.01405,14.71474],[-89.01326,14.7492],[-89.02616,14.75549],[-89.00964,14.77439],[-88.9942,14.77211],[-88.99114,14.77622],[-88.99166,14.78704],[-88.98097,14.79864],[-88.96839,14.78804],[-88.95904,14.78798],[-88.95163,14.79612],[-88.93978,14.79247],[-88.92617,14.76118],[-88.91244,14.74877],[-88.91489,14.73937],[-88.90329,14.73553],[-88.89891,14.72384],[-88.90506,14.72965],[-88.90801,14.72697],[-88.90473,14.71972],[-88.89926,14.72],[-88.89598,14.71564],[-88.9019,14.70841],[-88.89424,14.70762],[-88.88945,14.70309],[-88.89178,14.69285],[-88.88104,14.68101],[-88.88194,14.66069],[-88.88457,14.65519],[-88.87697,14.64647],[-88.88678,14.6448],[-88.88833,14.64131],[-88.88148,14.63588],[-88.88548,14.62866],[-88.88117,14.62587],[-88.8812,14.61607],[-88.87856,14.6118],[-88.88023,14.60903],[-88.90493,14.60792],[-88.90652,14.6034],[-88.91863,14.59424],[-88.96005,14.63126],[-88.98395,14.64231],[-89.00457,14.66659],[-89.00238,14.67674],[-89.00996,14.692],[-89.00818,14.69634],[-89.01405,14.71474]]]}},{"type":"Feature","id":"27666195B2783617949739","properties":{"admin_level":2,"municipality_code":"27666195B2783617949739","municipality":"Nueva Arcadia","municipality_key":"nuevaarcadia","department_code":"10453824B73363653217090","department":"Copán","department_key":"copan","join_key":"copan|nuevaarcadia","centroid_lat":15.10816,"centroid_lon":-88.68705},"geometry":{"type":"Polygon","coordinates":[[[-88.70773,15.16833],[-88.71244,15.18683],[-88.69979,15.20027],[-88.68973,15.1948],[-88.68214,15.17347],[-88.67428,15.1695],[-88.6667,15.17065],[-88.64753,15.15631],[-88.65937,15.14994],[-88.6636,15.13795],[-88.66431,15.11822],[-88.64487,15.09939],[-88.64257,15.08843],[-88.63681,15.08107],[-88.63761,15.07516],[-88.64561,15.06832],[-88.65584,15.06761],[-88.66667,15.05867],[-88.67653,15.0463],[-88.67723,15.03472],[-88.70856,15.03569],[-88.71431,15.02188],[-88.73868,15.02298],[-88.74993,15.01342],[-88.76607,15.0212],[-88.77464,15.01538],[-88.78083,15.02584],[-88.77098,15.06715],[-88.76648,15.07292],[-88.76419,15.07239],[-88.7637,15.07483],[-88.76628,15.07476],[-88.76219,15.07742],[-88.7631,15.08072],[-88.75843,15.08113],[-88.75079,15.09391],[-88.73131,15.09424],[-88.73573,15.09797],[-88.73273,15.10124],[-88.72935,15.10002],[-88.73023,15.10242],[-88.72669,15.10559],[-88.7233,15.10375],[-88.72402,15.1066],[-88.71927,15.10604],[-88.72133,15.11094],[-88.71828,15.10973],[-88.71387,15.11384],[-88.7125,15.1249],[-88.70423,15.12984],[-88.70341,15.14455],[-88.70686,15.14814],[-88.70773,15.16833]]]}},{"type":"Feature","id":"27666195B62722570051096","properties":{"admin_level":2,"municipality_code":"27666195B62722570051096","municipality":"San Agustin","municipality_key":"sanagustin","department_code":"10453824B73363653217090","department":"Copán","department_key":"copan","join_key":"copan|sanagustin","centroid_lat":14.81456,"centroid_lon":-88.93436},"geometry":{"type":"Polygon","coordinates":[[[-88.93913,14.87109],[-88.91801,14.87075],[-88.90596,14.84103],[-88.90773,14.8372],[-88.89921,14.80588],[-88.90032,14.77982],[-88.89524,14.75498],[-88.91212,14.7463],[-88.92018,14.75814],[-88.92617,14.76118],[-88.93978,14.79247],[-88.95163,14.79612],[-88.95904,14.78798],[-88.96839,14.78804],[-88.98097,14.79864],[-88.95962,14.82323],[-88.95823,14.86603],[-88.93913,14.87109]]]}},{"type":"Feature","id":"27666195B4235748458284","properties":{"admin_level":2,"municipality_code":"27666195B4235748458284","municipality":"San Antonio","municipality_key":"sanantonio","department_code":"10453824B73363653217090","department":"Copán","department_key":"copan","join_key":"copan|sanantonio","centroid_lat":15.05932,"centroid_lon":-88.88968},"geometry":{"type":"Polygon","coordinates":[[[-88.92655,14.99958],[-88.92951,15.02674],[-88.92579,15.08376],[-88.91788,15.10806],[-88.90102,15.12813],[-88.87534,15.13972],[-88.86671,15.13961],[-88.86768,15.12305],[-88.86275,15.10063],[-88.86352,15.0881],[-88.85348,15.06029],[-88.85048,15.05836],[-88.85437,15.05581],[-88.8597,15.04389],[-88.84823,15.02196],[-88.84732,14.98939],[-88.82845,14.98756],[-88.82985,14.98358],[-88.83797,14.97901],[-88.84298,14.98098],[-88.85765,14.97931],[-88.86988,14.98324],[-88.88233,14.98191],[-88.92655,14.99958]]]}},{"type":"Feature","id":"27666195B76095936312839","properties":{"admin_level":2,"municipality_code":"27666195B76095936312839","municipality":"San Jeronimo","municipality_key":"sanjeronimo","department_code":"10453824B73363653217090","department":"Copán","department_key":"copan","join_key":"copan|sanjeronimo","centroid_lat":14.95357,"centroid_lon":-88.90777},"geometry":{"type":"Polygon","coordinates":[[[-88.89805,14.90799],[-88.90879,14.91012],[-88.91366,14.91831],[-88.91276,14.92744],[-88.9162,14.93104],[-88.92979,14.9336],[-88.93814,14.92615],[-88.94241,14.93005],[-88.94455,14.94664],[-88.96349,14.95385],[-88.93728,14.98521],[-88.93243,14.99455],[-88.9282,14.99578],[-88.92655,14.99958],[-88.88233,14.98191],[-88.86988,14.98324],[-88.85765,14.97931],[-88.84298,14.98098],[-88.83797,14.97901],[-88.82985,14.98358],[-88.81818,14.97641],[-88.82065,14.97052],[-88.82968,14.96718],[-88.83181,14.9593],[-88.83773,14.95817],[-88.84269,14.96117],[-88.84335,14.95678],[-88.84885,14.95741],[-88.85777,14.94869],[-88.86449,14.94847],[-88.86829,14.95329],[-88.8814,14.94396],[-88.88576,14.92977],[-88.89237,14.92739],[-88.89805,14.90799]]]}},{"type":"Feature","id":"27666195B88846849027409","properties":{"admin_level":2,"municipality_code":"27666195B88846849027409","municipality":"San Jose","municipality_key":"sanjose","department_code":"10453824B73363653217090","department":"Copán","department_key":"copan","join_key":"copan|sanjose","centroid_lat":14.91633,"centroid_lon":-88.73069},"geometry":{"type":"Polygon","coordinates":[[[-88.64103,14.89619],[-88.66477,14.89045],[-88.69805,14.89475],[-88.73184,14.89483],[-88.74664,14.90978],[-88.75927,14.89056],[-88.76714,14.9041],[-88.78779,14.91015],[-88.78074,14.92445],[-88.77568,14.92454],[-88.77453,14.93021],[-88.76876,14.93426],[-88.74825,14.93034],[-88.73516,14.93354],[-88.73145,14.93139],[-88.72673,14.93709],[-88.69688,14.93708],[-88.69073,14.92241],[-88.6832,14.92073],[-88.67009,14.91194],[-88.64503,14.92208],[-88.63944,14.90148],[-88.64103,14.89619]]]}},{"type":"Feature","id":"27666195B15597094221722","properties":{"admin_level":2,"municipality_code":"27666195B15597094221722","municipality":"San Juan de Opoa","municipality_key":"sanjuandeopoa","department_code":"10453824B73363653217090","department":"Copán","department_key":"copan","join_key":"copan|sanjuandeopoa","centroid_lat":14.80986,"centroid_lon":-88.71411},"geometry":{"type":"Polygon","coordinates":[[[-88.66586,14.76256],[-88.69237,14.76139],[-88.69561,14.76619],[-88.70802,14.76914],[-88.72719,14.76872],[-88.74315,14.7886],[-88.7517,14.81338],[-88.77413,14.83326],[-88.76798,14.83516],[-88.76405,14.84194],[-88.75015,14.83449],[-88.74738,14.82969],[-88.71866,14.84359],[-88.7143,14.85357],[-88.71078,14.85449],[-88.70406,14.8549],[-88.70125,14.85198],[-88.68883,14.85711],[-88.67884,14.85136],[-88.67669,14.8537],[-88.65747,14.85317],[-88.65504,14.85561],[-88.65254,14.84871],[-88.65423,14.84412],[-88.66982,14.83538],[-88.67948,14.81512],[-88.67657,14.80635],[-88.68027,14.79903],[-88.67842,14.79439],[-88.68105,14.78464],[-88.67948,14.78132],[-88.66771,14.77741],[-88.66973,14.77193],[-88.66487,14.76738],[-88.66586,14.76256]]]}},{"type":"Feature","id":"27666195B43744954115993","properties":{"admin_level":2,"municipality_code":"27666195B43744954115993","municipality":"San Nicolas","municipality_key":"sannicolas","department_code":"10453824B73363653217090","department":"Copán","department_key":"copan","join_key":"copan|sannicolas","centroid_lat":15.00674,"centroid_lon":-88.74136},"geometry":{"type":"Polygon","coordinates":[[[-88.82845,14.98756],[-88.79767,14.98455],[-88.79739,14.99996],[-88.80647,15.01367],[-88.81323,15.01705],[-88.78083,15.02584],[-88.77464,15.01538],[-88.76607,15.0212],[-88.74993,15.01342],[-88.73868,15.02298],[-88.71431,15.02188],[-88.70856,15.03569],[-88.67723,15.03472],[-88.68169,15.00006],[-88.68624,14.99663],[-88.69669,14.9712],[-88.73833,14.97465],[-88.76077,14.97096],[-88.7838,14.97217],[-88.79089,14.96845],[-88.82516,14.97907],[-88.82985,14.98358],[-88.82845,14.98756]]]}},{"type":"Feature","id":"27666195B10717869055207","properties":{"admin_level":2,"municipality_code":"27666195B10717869055207","municipality":"San Pedro","municipality_key":"sanpedro","department_code":"10453824B73363653217090","department":"Copán","department_key":"copan","join_key":"copan|sanpedro","centroid_lat":14.61394,"centroid_lon":-88.8078},"geometry":{"type":"Polygon","coordinates":[[[-88.73356,14.61056],[-88.78564,14.60281],[-88.79285,14.58637],[-88.8024,14.59538],[-88.80995,14.58839],[-88.81231,14.58997],[-88.81087,14.59376],[-88.81405,14.6065],[-88.81611,14.59234],[-88.8298,14.58586],[-88.83569,14.57839],[-88.836,14.59066],[-88.83986,14.60077],[-88.84262,14.60284],[-88.86736,14.59767],[-88.87143,14.60225],[-88.87402,14.60166],[-88.88023,14.60903],[-88.87856,14.6118],[-88.8812,14.61607],[-88.88117,14.62587],[-88.88548,14.62866],[-88.88206,14.63726],[-88.86292,14.62989],[-88.79334,14.6318],[-88.77096,14.64951],[-88.76126,14.64813],[-88.75351,14.64158],[-88.73356,14.61056]]]}},{"type":"Feature","id":"27666195B5309691152519","properties":{"admin_level":2,"municipality_code":"27666195B5309691152519","municipality":"Santa Rita","municipality_key":"santarita","department_code":"10453824B73363653217090","department":"Copán","department_key":"copan","join_key":"copan|santarita","centroid_lat":14.86895,"centroid_lon":-89.04413},"geometry":{"type":"Polygon","coordinates":[[[-89.00964,14.77439],[-89.02095,14.78746],[-89.03589,14.79522],[-89.03714,14.80364],[-89.05271,14.80491],[-89.07222,14.85225],[-89.08808,14.85211],[-89.10985,14.83407],[-89.11678,14.84262],[-89.13062,14.84797],[-89.12647,14.8539],[-89.13093,14.86097],[-89.14051,14.86683],[-89.14345,14.87896],[-89.14113,14.88765],[-89.14493,14.90139],[-89.14177,14.92284],[-89.13258,14.9286],[-89.12569,14.9456],[-89.11162,14.94272],[-89.0912,14.96202],[-89.05588,14.96084],[-89.04494,14.96998],[-89.00014,14.95978],[-88.98711,14.96263],[-88.94455,14.94664],[-88.94241,14.93005],[-88.95987,14.91453],[-88.93967,14.88637],[-88.93924,14.87106],[-88.95823,14.86603],[-88.95962,14.82323],[-88.99166,14.78704],[-88.99114,14.77622],[-88.9942,14.77211],[-89.00964,14.77439]]]}},{"type":"Feature","id":"27666195B67086372267843","properties":{"admin_level":2,"municipality_code":"27666195B67086372267843","municipality":"Santa Rosa de Copan","municipality_key":"santarosadecopan","department_code":"10453824B73363653217090","department":"Copán","department_key":"copan","join_key":"copan|santarosadecopan","centroid_lat":14.80755,"centroid_lon":-88.78695},"geometry":{"type":"Polygon","coordinates":[[[-88.75927,14.89056],[-88.74664,14.90978],[-88.73184,14.89483],[-88.69805,14.89475],[-88.66477,14.89045],[-88.64103,14.89619],[-88.64948,14.88416],[-88.64882,14.87414],[-88.64361,14.86701],[-88.65415,14.86679],[-88.65784,14.85949],[-88.65504,14.85561],[-88.65747,14.85317],[-88.67669,14.8537],[-88.67884,14.85136],[-88.68883,14.85711],[-88.70125,14.85198],[-88.70406,14.8549],[-88.71078,14.85449],[-88.7143,14.85357],[-88.71866,14.84359],[-88.74738,14.82969],[-88.75015,14.83449],[-88.76405,14.84194],[-88.76798,14.83516],[-88.77413,14.83326],[-88.7517,14.81338],[-88.74315,14.7886],[-88.72719,14.76872],[-88.70802,14.76914],[-88.69561,14.76619],[-88.69237,14.76139],[-88.66586,14.76256],[-88.66445,14.75431],[-88.65929,14.75052],[-88.66448,14.74255],[-88.65846,14.73971],[-88.65787,14.7302],[-88.65294,14.72764],[-88.65453,14.71525],[-88.66095,14.7209],[-88.66516,14.71568],[-88.66849,14.72015],[-88.67389,14.71779],[-88.68135,14.72202],[-88.69071,14.71064],[-88.70498,14.71256],[-88.73052,14.70591],[-88.73477,14.7085],[-88.74419,14.70741],[-88.75721,14.71432],[-88.7628,14.71117],[-88.77397,14.71122],[-88.78739,14.72002],[-88.79414,14.72003],[-88.80147,14.72487],[-88.81778,14.72593],[-88.82106,14.7295],[-88.82525,14.72765],[-88.82958,14.73179],[-88.82796,14.73466],[-88.83635,14.73484],[-88.83913,14.74881],[-88.84378,14.74574],[-88.85079,14.75134],[-88.85449,14.74922],[-88.85394,14.7536],[-88.85933,14.75293],[-88.85971,14.75631],[-88.8629,14.75372],[-88.86423,14.75625],[-88.86735,14.75372],[-88.87139,14.75687],[-88.88483,14.75556],[-88.89127,14.75012],[-88.89356,14.75155],[-88.90032,14.77982],[-88.89921,14.80588],[-88.90773,14.8372],[-88.90596,14.84103],[-88.91801,14.87075],[-88.93913,14.87109],[-88.90626,14.88006],[-88.86211,14.83228],[-88.86408,14.81332],[-88.86165,14.80651],[-88.85074,14.79942],[-88.85156,14.79567],[-88.84901,14.7935],[-88.84511,14.80092],[-88.83782,14.80362],[-88.82522,14.80161],[-88.82402,14.80858],[-88.80901,14.82242],[-88.80043,14.82649],[-88.80425,14.83711],[-88.80158,14.85204],[-88.77944,14.85144],[-88.76046,14.8623],[-88.75589,14.88813],[-88.7493,14.88852],[-88.75006,14.89172],[-88.75927,14.89056]]]}},{"type":"Feature","id":"27666195B52553444667575","properties":{"admin_level":2,"municipality_code":"27666195B52553444667575","municipality":"Trinidad de Copan","municipality_key":"trinidaddecopan","department_code":"10453824B73363653217090","department":"Copán","department_key":"copan","join_key":"copan|trinidaddecopan","centroid_lat":14.94518,"centroid_lon":-88.77047},"geometry":{"type":"Polygon","coordinates":[[[-88.83642,14.92697],[-88.83762,14.93365],[-88.84169,14.93624],[-88.83812,14.93966],[-88.84182,14.94195],[-88.83985,14.94287],[-88.84098,14.94748],[-88.84852,14.94886],[-88.85165,14.95511],[-88.84335,14.95678],[-88.84269,14.96117],[-88.83773,14.95817],[-88.83181,14.9593],[-88.82968,14.96718],[-88.82065,14.97052],[-88.81698,14.97719],[-88.79089,14.96845],[-88.7838,14.97217],[-88.76077,14.97096],[-88.73833,14.97465],[-88.69669,14.9712],[-88.7041,14.95317],[-88.69688,14.93708],[-88.72673,14.93709],[-88.73145,14.93139],[-88.73516,14.93354],[-88.74825,14.93034],[-88.76876,14.93426],[-88.77453,14.93021],[-88.77568,14.92454],[-88.78074,14.92445],[-88.78779,14.91015],[-88.83642,14.92697]]]}},{"type":"Feature","id":"27666195B16497975413079","properties":{"admin_level":2,"municipality_code":"27666195B16497975413079","municipality":"Veracruz","municipality_key":"veracruz","department_code":"10453824B73363653217090","department":"Copán","department_key":"copan","join_key":"copan|veracruz","centroid_lat":14.88954,"centroid_lon":-88.77971},"geometry":{"type":"Polygon","coordinates":[[[-88.75927,14.89056],[-88.75006,14.89172],[-88.7493,14.88852],[-88.75589,14.88813],[-88.76046,14.8623],[-88.77944,14.85144],[-88.79815,14.85257],[-88.80222,14.87259],[-88.81932,14.9104],[-88.83609,14.92341],[-88.83642,14.92697],[-88.76714,14.9041],[-88.75927,14.89056]]]}},{"type":"Feature","id":"27666195B9794587356195","properties":{"admin_level":2,"municipality_code":"27666195B9794587356195","municipality":"Choloma","municipality_key":"choloma","department_code":"10453824B86429592273305","department":"Cortés","department_key":"cortes","join_key":"cortes|choloma","centroid_lat":15.64262,"centroid_lon":-87.96723},"geometry":{"type":"Polygon","coordinates":[[[-87.84967,15.54093],[-87.86863,15.54348],[-87.87387,15.53839],[-87.89886,15.53829],[-87.94565,15.54117],[-87.98269,15.55865],[-87.99993,15.61568],[-88.01329,15.61824],[-88.06398,15.61185],[-88.09118,15.62329],[-88.07758,15.65122],[-88.07093,15.68275],[-88.04263,15.6975],[-88.01762,15.71593],[-87.99643,15.71593],[-87.99287,15.71981],[-87.99323,15.73313],[-87.985,15.73914],[-87.98006,15.75023],[-87.96463,15.75679],[-87.9518,15.75504],[-87.94014,15.75761],[-87.94068,15.74974],[-87.86144,15.75123],[-87.86205,15.74808],[-87.85984,15.74791],[-87.86662,15.73032],[-87.86357,15.72301],[-87.86907,15.72196],[-87.86858,15.72522],[-87.8717,15.72581],[-87.87514,15.72425],[-87.87412,15.71201],[-87.87907,15.70802],[-87.86896,15.70383],[-87.86752,15.69748],[-87.86134,15.69197],[-87.86355,15.69119],[-87.85966,15.68653],[-87.8619,15.68158],[-87.85772,15.67785],[-87.8542,15.6658],[-87.85861,15.65919],[-87.85431,15.6514],[-87.8585,15.64876],[-87.8469,15.63648],[-87.78592,15.62074],[-87.78416,15.59096],[-87.77182,15.57246],[-87.77449,15.56733],[-87.77936,15.56695],[-87.78572,15.57645],[-87.80552,15.58409],[-87.81283,15.59644],[-87.81514,15.59571],[-87.82528,15.56056],[-87.84018,15.56031],[-87.84001,15.54658],[-87.84967,15.54093]]]}},{"type":"Feature","id":"27666195B9619051731773","properties":{"admin_level":2,"municipality_code":"27666195B9619051731773","municipality":"La Lima","municipality_key":"lalima","department_code":"10453824B86429592273305","department":"Cortés","department_key":"cortes","join_key":"cortes|lalima","centroid_lat":15.50512,"centroid_lon":-87.85998},"geometry":{"type":"Polygon","coordinates":[[[-87.95958,15.43106],[-87.96015,15.4527],[-87.96398,15.4578],[-87.95722,15.46179],[-87.95691,15.46691],[-87.94984,15.46648],[-87.93811,15.45655],[-87.94526,15.45099],[-87.93233,15.44119],[-87.91825,15.45554],[-87.90868,15.45377],[-87.90764,15.4638],[-87.90179,15.47041],[-87.90921,15.48291],[-87.89089,15.49402],[-87.88325,15.50721],[-87.88365,15.51384],[-87.87554,15.51457],[-87.87289,15.51894],[-87.85463,15.52528],[-87.85196,15.53173],[-87.85387,15.53557],[-87.85022,15.53612],[-87.84967,15.54093],[-87.84001,15.54658],[-87.84018,15.56031],[-87.82528,15.56056],[-87.81514,15.59571],[-87.81283,15.59644],[-87.80552,15.58409],[-87.79982,15.5821],[-87.8055,15.57479],[-87.79921,15.56378],[-87.79928,15.55809],[-87.81345,15.55284],[-87.81652,15.54912],[-87.81471,15.53522],[-87.80594,15.52673],[-87.80559,15.52091],[-87.81069,15.51858],[-87.82178,15.52901],[-87.83079,15.52899],[-87.83255,15.5261],[-87.82765,15.51916],[-87.8276,15.51356],[-87.83745,15.50302],[-87.83521,15.4966],[-87.82293,15.49008],[-87.8277,15.47483],[-87.81053,15.46855],[-87.80768,15.4621],[-87.82091,15.44057],[-87.82524,15.43828],[-87.83072,15.44077],[-87.83079,15.45461],[-87.83496,15.45882],[-87.86036,15.45786],[-87.86469,15.45378],[-87.86296,15.44805],[-87.86914,15.44498],[-87.87328,15.43671],[-87.88112,15.43276],[-87.87982,15.427],[-87.88247,15.42378],[-87.88674,15.42959],[-87.89257,15.43105],[-87.89822,15.42428],[-87.90625,15.42352],[-87.90398,15.42755],[-87.90721,15.43321],[-87.91512,15.4348],[-87.91959,15.43129],[-87.91872,15.4258],[-87.92434,15.42071],[-87.93058,15.42095],[-87.93032,15.41751],[-87.93394,15.4146],[-87.9495,15.41001],[-87.95001,15.42594],[-87.95664,15.42334],[-87.96131,15.42577],[-87.95674,15.42765],[-87.95958,15.43106]]]}},{"type":"Feature","id":"27666195B21921991690225","properties":{"admin_level":2,"municipality_code":"27666195B21921991690225","municipality":"Lago de Yojoa","municipality_key":"lagodeyojoa","department_code":"10453824B86429592273305","department":"Cortés","department_key":"cortes","join_key":"cortes|lagodeyojoa","centroid_lat":14.86388,"centroid_lon":-87.97738},"geometry":{"type":"Polygon","coordinates":[[[-87.9755,14.80236],[-87.9844,14.79197],[-87.99647,14.7924],[-88.00517,14.79703],[-88.01079,14.80908],[-88.00956,14.81465],[-88.01437,14.8184],[-88.01509,14.82508],[-88.00759,14.84258],[-88.00561,14.85464],[-88.0013,14.86001],[-87.99998,14.8736],[-88.00521,14.8805],[-88.03197,14.88626],[-88.02822,14.88741],[-88.02629,14.89333],[-88.0316,14.90261],[-88.03544,14.90375],[-88.0329,14.91366],[-88.03587,14.91355],[-88.03857,14.90834],[-88.03816,14.91202],[-88.04195,14.91075],[-88.04016,14.91358],[-88.04209,14.91829],[-88.03644,14.92183],[-88.03792,14.92535],[-88.03201,14.93029],[-88.03182,14.9278],[-88.0235,14.93036],[-88.02199,14.93513],[-88.02403,14.93583],[-88.01986,14.93737],[-87.99379,14.92704],[-87.98817,14.92751],[-87.98594,14.92467],[-87.98985,14.92454],[-87.9797,14.91403],[-87.97512,14.90283],[-87.9666,14.90593],[-87.95861,14.90313],[-87.95487,14.89468],[-87.94663,14.88668],[-87.94691,14.87964],[-87.95366,14.86776],[-87.95409,14.85809],[-87.95997,14.84761],[-87.97057,14.84197],[-87.9755,14.80236]],[[-87.97148,14.89633],[-87.97088,14.89831],[-87.97236,14.90073],[-87.97374,14.89771],[-87.97148,14.89633]],[[-88.01926,14.924],[-88.01812,14.92753],[-88.02912,14.92604],[-88.02718,14.92455],[-88.01926,14.924]]]}},{"type":"Feature","id":"27666195B94440917052753","properties":{"admin_level":2,"municipality_code":"27666195B94440917052753","municipality":"Omoa","municipality_key":"omoa","department_code":"10453824B86429592273305","department":"Cortés","department_key":"cortes","join_key":"cortes|omoa","centroid_lat":15.65457,"centroid_lon":-88.19992},"geometry":{"type":"Polygon","coordinates":[[[-88.09118,15.62329],[-88.16264,15.62855],[-88.41098,15.54585],[-88.47294,15.513],[-88.34481,15.61812],[-88.32353,15.64983],[-88.32257,15.65791],[-88.32626,15.66701],[-88.32463,15.67162],[-88.31861,15.67162],[-88.3141,15.68005],[-88.3102,15.67978],[-88.30522,15.67261],[-88.28364,15.67463],[-88.28097,15.67994],[-88.28588,15.68751],[-88.28417,15.69143],[-88.27458,15.68502],[-88.26701,15.6912],[-88.26697,15.68364],[-88.26366,15.68238],[-88.25956,15.68597],[-88.26232,15.69381],[-88.25398,15.68826],[-88.24781,15.68855],[-88.24889,15.69506],[-88.24346,15.69755],[-88.24176,15.71007],[-88.24634,15.7112],[-88.25115,15.72002],[-88.21424,15.72233],[-88.20613,15.71214],[-88.17586,15.68955],[-88.15401,15.68014],[-88.13558,15.68232],[-88.11718,15.68884],[-88.10379,15.70451],[-88.10194,15.70991],[-88.10421,15.72159],[-88.10152,15.72886],[-88.08472,15.73212],[-88.07687,15.74174],[-88.07618,15.74784],[-88.05846,15.75509],[-88.04631,15.76496],[-88.04471,15.77501],[-88.04781,15.7816],[-88.0344,15.78516],[-87.99855,15.78637],[-87.97806,15.79683],[-87.97487,15.80249],[-87.96438,15.80124],[-87.9621,15.79026],[-87.95587,15.78399],[-87.95895,15.77213],[-87.96892,15.76815],[-87.96384,15.76211],[-87.96933,15.76004],[-87.9674,15.75561],[-87.98006,15.75023],[-87.985,15.73914],[-87.99323,15.73313],[-87.99287,15.71981],[-87.99643,15.71593],[-88.01762,15.71593],[-88.04263,15.6975],[-88.07093,15.68275],[-88.07758,15.65122],[-88.09118,15.62329]]]}},{"type":"Feature","id":"27666195B68412156052956","properties":{"admin_level":2,"municipality_code":"27666195B68412156052956","municipality":"Pimienta","municipality_key":"pimienta","department_code":"10453824B86429592273305","department":"Cortés","department_key":"cortes","join_key":"cortes|pimienta","centroid_lat":15.27209,"centroid_lon":-87.97225},"geometry":{"type":"Polygon","coordinates":[[[-87.98275,15.29258],[-87.93026,15.3067],[-87.92405,15.302],[-87.9282,15.29269],[-87.91317,15.28868],[-87.91111,15.2851],[-87.91372,15.27322],[-87.93288,15.27352],[-87.93238,15.26033],[-87.93827,15.25426],[-87.93826,15.24979],[-87.97008,15.253],[-88.00744,15.23536],[-88.01656,15.24138],[-88.01445,15.25528],[-88.01673,15.25853],[-88.00978,15.27097],[-88.01471,15.27391],[-88.02004,15.28523],[-88.00216,15.29968],[-87.99404,15.29878],[-87.98275,15.29258]]]}},{"type":"Feature","id":"27666195B96940721664513","properties":{"admin_level":2,"municipality_code":"27666195B96940721664513","municipality":"Potrerillos","municipality_key":"potrerillos","department_code":"10453824B86429592273305","department":"Cortés","department_key":"cortes","join_key":"cortes|potrerillos","centroid_lat":15.18318,"centroid_lon":-87.95928},"geometry":{"type":"Polygon","coordinates":[[[-88.01211,15.23095],[-87.97008,15.253],[-87.93826,15.24979],[-87.93597,15.23472],[-87.92529,15.24429],[-87.92136,15.24373],[-87.92068,15.23953],[-87.92575,15.23086],[-87.91829,15.22315],[-87.92461,15.21263],[-87.91755,15.2072],[-87.92422,15.20064],[-87.91131,15.19769],[-87.90459,15.19232],[-87.93837,15.17548],[-87.93417,15.17573],[-87.9312,15.16862],[-87.92525,15.16746],[-87.92455,15.16408],[-87.92976,15.15682],[-87.92599,15.15719],[-87.9277,15.15424],[-87.92438,15.15259],[-87.9248,15.14947],[-87.92244,15.15107],[-87.92305,15.14611],[-87.91974,15.14707],[-87.92028,15.14187],[-87.92699,15.13815],[-87.92282,15.13068],[-87.92867,15.13018],[-87.92672,15.12804],[-87.92952,15.12134],[-87.93519,15.12069],[-87.93385,15.11227],[-87.96336,15.13872],[-87.97157,15.16697],[-87.9833,15.17864],[-88.00798,15.18772],[-88.01496,15.19403],[-88.01536,15.19691],[-88.00855,15.20368],[-88.00888,15.2077],[-88.01146,15.21471],[-88.01586,15.21533],[-88.01494,15.22172],[-88.02189,15.22499],[-88.02237,15.23381],[-88.01621,15.23509],[-88.01211,15.23095]]]}},{"type":"Feature","id":"27666195B79582673708274","properties":{"admin_level":2,"municipality_code":"27666195B79582673708274","municipality":"Puerto Cortes","municipality_key":"puertocortes","department_code":"10453824B86429592273305","department":"Cortés","department_key":"cortes","join_key":"cortes|puertocortes","centroid_lat":15.75661,"centroid_lon":-87.85262},"geometry":{"type":"Polygon","coordinates":[[[-87.71918,15.91948],[-87.72613,15.91385],[-87.7295,15.90595],[-87.73182,15.89321],[-87.72819,15.88615],[-87.73022,15.87759],[-87.74673,15.87348],[-87.74875,15.8793],[-87.76194,15.86343],[-87.77302,15.85501],[-87.77338,15.84949],[-87.76566,15.84279],[-87.77225,15.83988],[-87.77349,15.82521],[-87.76986,15.81951],[-87.77473,15.81888],[-87.78391,15.8264],[-87.78612,15.82277],[-87.77952,15.8123],[-87.78057,15.80715],[-87.78528,15.80505],[-87.79418,15.81136],[-87.79833,15.80871],[-87.7939,15.79655],[-87.80101,15.79297],[-87.80173,15.78831],[-87.79814,15.78624],[-87.78993,15.78889],[-87.78901,15.78323],[-87.78133,15.77516],[-87.78677,15.75988],[-87.7818,15.75946],[-87.77967,15.77072],[-87.7742,15.77354],[-87.77158,15.76665],[-87.76458,15.7598],[-87.76622,15.74816],[-87.75605,15.73206],[-87.77036,15.73343],[-87.77635,15.73069],[-87.7723,15.71805],[-87.77605,15.71115],[-87.78105,15.70939],[-87.78495,15.71062],[-87.79182,15.72219],[-87.79988,15.72415],[-87.80344,15.72055],[-87.80299,15.7095],[-87.80542,15.70542],[-87.82729,15.69882],[-87.83881,15.6864],[-87.83102,15.68886],[-87.82055,15.68436],[-87.81011,15.69118],[-87.80614,15.69037],[-87.80584,15.68145],[-87.81364,15.68378],[-87.82229,15.68092],[-87.82881,15.66835],[-87.82933,15.66067],[-87.81783,15.65287],[-87.81143,15.66421],[-87.80705,15.66485],[-87.80482,15.65976],[-87.81089,15.64821],[-87.80494,15.63984],[-87.7968,15.63706],[-87.77808,15.64055],[-87.77177,15.63742],[-87.76981,15.63194],[-87.77351,15.61973],[-87.76402,15.60976],[-87.76451,15.59307],[-87.77782,15.59724],[-87.78338,15.59421],[-87.78592,15.62074],[-87.8469,15.63648],[-87.8585,15.64876],[-87.85431,15.6514],[-87.85861,15.65919],[-87.8542,15.6658],[-87.85772,15.67785],[-87.8619,15.68158],[-87.85966,15.68653],[-87.86355,15.69119],[-87.86134,15.69197],[-87.86752,15.69748],[-87.86896,15.70383],[-87.87907,15.70802],[-87.87412,15.71201],[-87.87514,15.72425],[-87.8717,15.72581],[-87.86858,15.72522],[-87.86907,15.72196],[-87.86357,15.72301],[-87.86662,15.73032],[-87.85984,15.74791],[-87.86205,15.74808],[-87.86144,15.75123],[-87.94068,15.74974],[-87.94014,15.75761],[-87.9674,15.75561],[-87.96933,15.76004],[-87.96384,15.76211],[-87.96892,15.76815],[-87.95895,15.77213],[-87.95587,15.78399],[-87.9621,15.79026],[-87.96438,15.80124],[-87.94204,15.81198],[-87.93033,15.82785],[-87.93641,15.84057],[-87.963,15.84464],[-87.95863,15.8568],[-87.95129,15.86351],[-87.90386,15.86293],[-87.8952,15.86761],[-87.88772,15.87728],[-87.87079,15.88719],[-87.84258,15.89097],[-87.83158,15.89749],[-87.81175,15.89963],[-87.79669,15.89733],[-87.79292,15.89401],[-87.79069,15.89583],[-87.77148,15.8924],[-87.75744,15.89335],[-87.73781,15.90424],[-87.72852,15.91958],[-87.71918,15.91948]]]}},{"type":"Feature","id":"27666195B17830621331766","properties":{"admin_level":2,"municipality_code":"27666195B17830621331766","municipality":"San Antonio de Cortes","municipality_key":"sanantoniodecortes","department_code":"10453824B86429592273305","department":"Cortés","department_key":"cortes","join_key":"cortes|sanantoniodecortes","centroid_lat":15.14729,"centroid_lon":-88.03799},"geometry":{"type":"Polygon","coordinates":[[[-88.02237,15.23381],[-88.02189,15.22499],[-88.01494,15.22172],[-88.01586,15.21533],[-88.01146,15.21471],[-88.00888,15.2077],[-88.00855,15.20368],[-88.01536,15.19691],[-88.01496,15.19403],[-88.00798,15.18772],[-87.9833,15.17864],[-87.97157,15.16697],[-87.96336,15.13872],[-87.93385,15.11227],[-87.93773,15.10646],[-87.93725,15.10229],[-87.93943,15.10317],[-87.93965,15.09416],[-87.93676,15.09098],[-87.93877,15.08658],[-87.93555,15.07934],[-87.94293,15.06939],[-87.95352,15.07161],[-87.95429,15.07424],[-87.95935,15.07358],[-87.96305,15.08039],[-87.96926,15.08017],[-87.97093,15.08328],[-87.97887,15.08381],[-87.98297,15.08093],[-87.98372,15.0836],[-87.99006,15.08513],[-88.00067,15.08082],[-88.00152,15.08289],[-88.00646,15.0808],[-88.01174,15.08301],[-88.01034,15.06627],[-87.98972,15.06852],[-87.9818,15.06288],[-88.01742,15.04638],[-88.04435,15.05176],[-88.05498,15.07121],[-88.06483,15.07101],[-88.07202,15.08675],[-88.08758,15.08977],[-88.10623,15.1097],[-88.12074,15.13452],[-88.10301,15.15585],[-88.09645,15.15773],[-88.09168,15.1688],[-88.08296,15.17368],[-88.08354,15.18148],[-88.07843,15.1876],[-88.06665,15.1921],[-88.06597,15.20322],[-88.06044,15.21007],[-88.04307,15.21387],[-88.02988,15.22127],[-88.02237,15.23381]]]}},{"type":"Feature","id":"27666195B57789341600381","properties":{"admin_level":2,"municipality_code":"27666195B57789341600381","municipality":"San Francisco de Yojoa","municipality_key":"sanfranciscodeyojoa","department_code":"10453824B86429592273305","department":"Cortés","department_key":"cortes","join_key":"cortes|sanfranciscodeyojoa","centroid_lat":15.01944,"centroid_lon":-87.98466},"geometry":{"type":"Polygon","coordinates":[[[-88.02599,15.04809],[-88.01742,15.04638],[-87.9818,15.06288],[-87.98972,15.06852],[-88.01034,15.06627],[-88.01174,15.08301],[-88.00646,15.0808],[-88.00152,15.08289],[-88.00067,15.08082],[-87.99006,15.08513],[-87.98372,15.0836],[-87.98297,15.08093],[-87.97887,15.08381],[-87.97093,15.08328],[-87.96926,15.08017],[-87.9653,15.08152],[-87.93689,15.03589],[-87.92685,15.00299],[-87.97892,14.97826],[-87.993,14.97789],[-88.00157,14.98154],[-88.02852,14.97855],[-88.02849,14.98138],[-88.0502,14.99261],[-88.04002,15.00127],[-88.0345,15.04048],[-88.02759,15.04404],[-88.02599,15.04809]]]}},{"type":"Feature","id":"27666195B93491027211902","properties":{"admin_level":2,"municipality_code":"27666195B93491027211902","municipality":"San Manuel","municipality_key":"sanmanuel","department_code":"10453824B86429592273305","department":"Cortés","department_key":"cortes","join_key":"cortes|sanmanuel","centroid_lat":15.37935,"centroid_lon":-87.8976},"geometry":{"type":"Polygon","coordinates":[[[-87.92405,15.302],[-87.93026,15.3067],[-87.94588,15.3031],[-87.9663,15.32918],[-87.95582,15.36023],[-87.94713,15.36641],[-87.9479,15.38388],[-87.95625,15.40242],[-87.95664,15.42334],[-87.95001,15.42594],[-87.9495,15.41001],[-87.93394,15.4146],[-87.93032,15.41751],[-87.93058,15.42095],[-87.92434,15.42071],[-87.91872,15.4258],[-87.91959,15.43129],[-87.91512,15.4348],[-87.90721,15.43321],[-87.90398,15.42755],[-87.90625,15.42352],[-87.89822,15.42428],[-87.89257,15.43105],[-87.88674,15.42959],[-87.88247,15.42378],[-87.87982,15.427],[-87.88112,15.43276],[-87.87328,15.43671],[-87.86914,15.44498],[-87.86296,15.44805],[-87.82556,15.43189],[-87.8191,15.41263],[-87.82129,15.40186],[-87.83968,15.40322],[-87.83937,15.39702],[-87.84959,15.37482],[-87.87923,15.35205],[-87.88025,15.34793],[-87.87743,15.34551],[-87.86466,15.3432],[-87.86566,15.33617],[-87.87477,15.3357],[-87.88317,15.34464],[-87.88645,15.34376],[-87.8879,15.33102],[-87.89343,15.32315],[-87.90935,15.3253],[-87.91805,15.32239],[-87.91524,15.31428],[-87.90622,15.30936],[-87.90677,15.30317],[-87.91598,15.30479],[-87.92405,15.302]]]}},{"type":"Feature","id":"27666195B7809661399251","properties":{"admin_level":2,"municipality_code":"27666195B7809661399251","municipality":"San Pedro Sula","municipality_key":"sanpedrosula","department_code":"10453824B86429592273305","department":"Cortés","department_key":"cortes","join_key":"cortes|sanpedrosula","centroid_lat":15.50375,"centroid_lon":-88.07235},"geometry":{"type":"Polygon","coordinates":[[[-87.84967,15.54093],[-87.85022,15.53612],[-87.85387,15.53557],[-87.85196,15.53173],[-87.85463,15.52528],[-87.87289,15.51894],[-87.87554,15.51457],[-87.88365,15.51384],[-87.88325,15.50721],[-87.89089,15.49402],[-87.90921,15.48291],[-87.90179,15.47041],[-87.90764,15.4638],[-87.90868,15.45377],[-87.91825,15.45554],[-87.93233,15.44119],[-87.94526,15.45099],[-87.93811,15.45655],[-87.94984,15.46648],[-87.95691,15.46691],[-87.95722,15.46179],[-87.96398,15.4578],[-87.96015,15.4527],[-87.95958,15.43106],[-87.9653,15.43277],[-87.96465,15.42945],[-87.9746,15.42262],[-87.97371,15.42957],[-87.97699,15.42975],[-87.98617,15.42157],[-87.98952,15.42347],[-87.9857,15.42637],[-87.9916,15.43188],[-88.00172,15.41707],[-88.01463,15.41783],[-88.01974,15.42602],[-88.02376,15.42783],[-88.02523,15.4229],[-88.03221,15.42274],[-88.03666,15.42839],[-88.03898,15.42156],[-88.04617,15.41596],[-88.04864,15.41736],[-88.04777,15.42337],[-88.05135,15.42417],[-88.06051,15.40797],[-88.06927,15.41671],[-88.07552,15.4086],[-88.08352,15.41414],[-88.09452,15.40862],[-88.09893,15.41091],[-88.11262,15.3996],[-88.13078,15.40386],[-88.13339,15.40233],[-88.13278,15.39889],[-88.12786,15.39687],[-88.13057,15.38763],[-88.15876,15.37212],[-88.16458,15.37281],[-88.17392,15.38255],[-88.18626,15.38734],[-88.19342,15.40197],[-88.1962,15.40095],[-88.19754,15.40403],[-88.23226,15.4168],[-88.23461,15.42609],[-88.242,15.43449],[-88.23997,15.43831],[-88.24292,15.4456],[-88.23666,15.4604],[-88.2422,15.47246],[-88.23807,15.48537],[-88.24244,15.48792],[-88.24168,15.49165],[-88.24697,15.50029],[-88.41098,15.54585],[-88.16264,15.62855],[-88.09118,15.62329],[-88.06398,15.61185],[-88.01329,15.61824],[-87.99993,15.61568],[-87.98269,15.55865],[-87.94565,15.54117],[-87.89886,15.53829],[-87.87387,15.53839],[-87.86863,15.54348],[-87.84967,15.54093]]]}},{"type":"Feature","id":"27666195B60496786118463","properties":{"admin_level":2,"municipality_code":"27666195B60496786118463","municipality":"Santa Cruz de Yojoa","municipality_key":"santacruzdeyojoa","department_code":"10453824B86429592273305","department":"Cortés","department_key":"cortes","join_key":"cortes|santacruzdeyojoa","centroid_lat":14.9978,"centroid_lon":-87.83997},"geometry":{"type":"MultiPolygon","coordinates":[[[[-87.9755,14.80236],[-87.97057,14.84197],[-87.95997,14.84761],[-87.95409,14.85809],[-87.95366,14.86776],[-87.94691,14.87964],[-87.94663,14.88668],[-87.95487,14.89468],[-87.95861,14.90313],[-87.9666,14.90593],[-87.97512,14.90283],[-87.9797,14.91403],[-87.98985,14.92454],[-87.98594,14.92467],[-87.98817,14.92751],[-87.99379,14.92704],[-88.01986,14.93737],[-88.02403,14.93583],[-88.02199,14.93513],[-88.0235,14.93036],[-88.02715,14.92839],[-88.03231,14.93337],[-88.05511,14.92719],[-88.06145,14.92786],[-88.0502,14.99261],[-88.02849,14.98138],[-88.02852,14.97855],[-88.00157,14.98154],[-87.993,14.97789],[-87.97892,14.97826],[-87.92685,15.00299],[-87.93689,15.03589],[-87.95935,15.07358],[-87.95429,15.07424],[-87.95352,15.07161],[-87.94293,15.06939],[-87.93555,15.07934],[-87.93877,15.08658],[-87.93676,15.09098],[-87.93965,15.09416],[-87.93943,15.10317],[-87.93725,15.10229],[-87.93773,15.10646],[-87.93385,15.11227],[-87.93519,15.12069],[-87.92952,15.12134],[-87.92672,15.12804],[-87.92867,15.13018],[-87.92282,15.13068],[-87.92699,15.13815],[-87.92028,15.14187],[-87.91974,15.14707],[-87.92305,15.14611],[-87.92244,15.15107],[-87.9248,15.14947],[-87.92438,15.15259],[-87.9277,15.15424],[-87.92599,15.15719],[-87.92976,15.15682],[-87.92455,15.16408],[-87.92525,15.16746],[-87.9312,15.16862],[-87.93417,15.17573],[-87.93837,15.17548],[-87.90459,15.19232],[-87.89797,15.18893],[-87.88267,15.19289],[-87.8674,15.19182],[-87.8571,15.17779],[-87.84916,15.1751],[-87.84791,15.17017],[-87.85093,15.16304],[-87.84354,15.15707],[-87.8202,15.16044],[-87.81666,15.15826],[-87.81339,15.14962],[-87.80685,15.15516],[-87.8012,15.15594],[-87.79604,15.14698],[-87.79924,15.13874],[-87.78554,15.1338],[-87.77031,15.14042],[-87.75533,15.13233],[-87.75313,15.12597],[-87.73922,15.11094],[-87.73194,15.10898],[-87.73874,15.09911],[-87.73455,15.09432],[-87.73768,15.08848],[-87.73322,15.08692],[-87.73191,15.08129],[-87.74465,15.07373],[-87.74435,15.0598],[-87.74984,15.04758],[-87.74479,15.0369],[-87.74498,15.02772],[-87.73434,15.01663],[-87.73624,15.01143],[-87.74103,15.01108],[-87.74312,14.98646],[-87.73815,14.98529],[-87.73438,14.97502],[-87.73878,14.96289],[-87.74894,14.95095],[-87.75707,14.94916],[-87.76089,14.94518],[-87.77823,14.94318],[-87.78493,14.93698],[-87.78368,14.92689],[-87.79822,14.93016],[-87.80147,14.91844],[-87.81015,14.9125],[-87.8143,14.91572],[-87.81797,14.9099],[-87.82666,14.90942],[-87.82481,14.90708],[-87.8285,14.90402],[-87.83425,14.90591],[-87.85019,14.90205],[-87.85227,14.8961],[-87.85727,14.893],[-87.85655,14.88638],[-87.87583,14.8749],[-87.88312,14.86004],[-87.89146,14.85731],[-87.95769,14.81347],[-87.96709,14.79952],[-87.9755,14.80236]]],[[[-87.97148,14.89633],[-87.97374,14.89771],[-87.97236,14.90073],[-87.97088,14.89831],[-87.97148,14.89633]]],[[[-88.01926,14.924],[-88.02718,14.92455],[-88.02912,14.92604],[-88.01812,14.92753],[-88.01926,14.924]]]]}},{"type":"Feature","id":"27666195B71161947465594","properties":{"admin_level":2,"municipality_code":"27666195B71161947465594","municipality":"Villanueva","municipality_key":"villanueva","department_code":"10453824B86429592273305","department":"Cortés","department_key":"cortes","join_key":"cortes|villanueva","centroid_lat":15.31614,"centroid_lon":-88.04227},"geometry":{"type":"Polygon","coordinates":[[[-88.14632,15.37699],[-88.13057,15.38763],[-88.12786,15.39687],[-88.13278,15.39889],[-88.13339,15.40233],[-88.13078,15.40386],[-88.11262,15.3996],[-88.09893,15.41091],[-88.09452,15.40862],[-88.08352,15.41414],[-88.07552,15.4086],[-88.06927,15.41671],[-88.06051,15.40797],[-88.05135,15.42417],[-88.04777,15.42337],[-88.04864,15.41736],[-88.04617,15.41596],[-88.03898,15.42156],[-88.03666,15.42839],[-88.03221,15.42274],[-88.02523,15.4229],[-88.02376,15.42783],[-88.01463,15.41783],[-88.00172,15.41707],[-87.9916,15.43188],[-87.9857,15.42637],[-87.98952,15.42347],[-87.98617,15.42157],[-87.97699,15.42975],[-87.97371,15.42957],[-87.9746,15.42262],[-87.96465,15.42945],[-87.9653,15.43277],[-87.95958,15.43106],[-87.95674,15.42765],[-87.96131,15.42577],[-87.95664,15.42334],[-87.95625,15.40242],[-87.9479,15.38388],[-87.94713,15.36641],[-87.95582,15.36023],[-87.9663,15.32918],[-87.94588,15.3031],[-87.98275,15.29258],[-87.99404,15.29878],[-88.00216,15.29968],[-88.02004,15.28523],[-88.01471,15.27391],[-88.00978,15.27097],[-88.01673,15.25853],[-88.01445,15.25528],[-88.01656,15.24138],[-88.00744,15.23536],[-88.01211,15.23095],[-88.01621,15.23509],[-88.02237,15.23381],[-88.02988,15.22127],[-88.04307,15.21387],[-88.06285,15.20931],[-88.10427,15.21812],[-88.1132,15.24905],[-88.12632,15.26652],[-88.13074,15.36911],[-88.14632,15.37699]]]}},{"type":"Feature","id":"27666195B40096098220117","properties":{"admin_level":2,"municipality_code":"27666195B40096098220117","municipality":"Alauca","municipality_key":"alauca","department_code":"10453824B59135534570849","department":"El Paraíso","department_key":"elparaiso","join_key":"elparaiso|alauca","centroid_lat":13.85813,"centroid_lon":-86.7066},"geometry":{"type":"Polygon","coordinates":[[[-86.7725,13.84894],[-86.7569,13.87751],[-86.73809,13.8758],[-86.73382,13.86731],[-86.72988,13.87451],[-86.72094,13.87279],[-86.72008,13.87658],[-86.72375,13.88038],[-86.71742,13.89036],[-86.72256,13.89825],[-86.71803,13.89984],[-86.70878,13.91219],[-86.71508,13.92359],[-86.71155,13.93867],[-86.7071,13.93827],[-86.70738,13.93376],[-86.70402,13.93497],[-86.70507,13.93167],[-86.70223,13.93272],[-86.69386,13.92579],[-86.69328,13.92036],[-86.6831,13.91673],[-86.68086,13.91232],[-86.67422,13.90921],[-86.66972,13.89783],[-86.6634,13.89207],[-86.66335,13.87726],[-86.65381,13.87278],[-86.63186,13.83301],[-86.60516,13.83404],[-86.59755,13.8258],[-86.59439,13.8161],[-86.58067,13.80623],[-86.5748,13.79034],[-86.58523,13.78337],[-86.59534,13.78772],[-86.60551,13.78489],[-86.60955,13.78084],[-86.62054,13.78677],[-86.62358,13.78471],[-86.62835,13.78706],[-86.63604,13.78386],[-86.64262,13.77703],[-86.64911,13.77922],[-86.65876,13.77457],[-86.66434,13.77626],[-86.66581,13.78313],[-86.72356,13.78601],[-86.76299,13.76735],[-86.75965,13.78355],[-86.76429,13.78498],[-86.76942,13.79187],[-86.76503,13.79348],[-86.76199,13.80056],[-86.76363,13.80737],[-86.7575,13.81031],[-86.76338,13.82084],[-86.76199,13.82855],[-86.77038,13.83588],[-86.7725,13.84894]]]}},{"type":"Feature","id":"27666195B70228202857481","properties":{"admin_level":2,"municipality_code":"27666195B70228202857481","municipality":"Danli","municipality_key":"danli","department_code":"10453824B59135534570849","department":"El Paraíso","department_key":"elparaiso","join_key":"elparaiso|danli","centroid_lat":14.06261,"centroid_lon":-86.40836},"geometry":{"type":"Polygon","coordinates":[[[-86.6115,13.99436],[-86.61481,14.00523],[-86.64553,14.04325],[-86.6859,14.08197],[-86.68448,14.14571],[-86.67444,14.16283],[-86.68309,14.16603],[-86.67225,14.19184],[-86.66404,14.19475],[-86.62718,14.21986],[-86.62106,14.22802],[-86.61829,14.23965],[-86.61486,14.24167],[-86.61633,14.24814],[-86.60438,14.24581],[-86.5998,14.25241],[-86.59314,14.24905],[-86.5917,14.25355],[-86.58789,14.25173],[-86.58475,14.25514],[-86.58044,14.25466],[-86.57344,14.25884],[-86.57448,14.26228],[-86.57165,14.2647],[-86.56628,14.26301],[-86.56576,14.27134],[-86.56256,14.27549],[-86.55797,14.27592],[-86.55876,14.28072],[-86.55288,14.28002],[-86.546,14.28416],[-86.54577,14.28056],[-86.54194,14.2802],[-86.53846,14.28317],[-86.54066,14.28618],[-86.53886,14.28823],[-86.53474,14.28625],[-86.52963,14.28804],[-86.53147,14.29312],[-86.5266,14.29293],[-86.52551,14.29668],[-86.52138,14.29581],[-86.52285,14.2916],[-86.51714,14.29162],[-86.516,14.29518],[-86.51107,14.29545],[-86.50855,14.30468],[-86.50626,14.30485],[-86.50344,14.30137],[-86.49846,14.30232],[-86.48915,14.29869],[-86.48629,14.30051],[-86.45981,14.29687],[-86.44463,14.30102],[-86.441,14.28831],[-86.35652,14.28138],[-86.34925,14.28644],[-86.3424,14.28337],[-86.33229,14.29124],[-86.31684,14.29686],[-86.29483,14.31852],[-86.2857,14.31843],[-86.27438,14.3283],[-86.25884,14.33346],[-86.24983,14.3445],[-86.18647,14.35974],[-86.14829,14.26529],[-86.07816,14.2484],[-86.07104,14.18886],[-86.14943,14.12253],[-86.15173,14.03514],[-86.15736,14.02335],[-86.15162,14.01418],[-86.14468,14.01343],[-86.14452,14.00719],[-86.14053,14.00559],[-86.14173,13.99813],[-86.14951,13.99835],[-86.15468,13.99131],[-86.1581,13.99082],[-86.16328,13.9813],[-86.16888,13.9782],[-86.18678,13.98421],[-86.1914,13.98165],[-86.19239,13.97792],[-86.18713,13.97227],[-86.1893,13.96947],[-86.18568,13.95402],[-86.19569,13.95344],[-86.19811,13.94729],[-86.19555,13.94162],[-86.20078,13.93406],[-86.21681,13.93608],[-86.22633,13.92266],[-86.22176,13.91396],[-86.22551,13.90638],[-86.2427,13.90304],[-86.24401,13.89511],[-86.24892,13.89136],[-86.248,13.88579],[-86.25708,13.88543],[-86.2565,13.87878],[-86.26728,13.87942],[-86.26886,13.87631],[-86.27864,13.87439],[-86.27565,13.86768],[-86.28202,13.85438],[-86.29468,13.85005],[-86.29849,13.85185],[-86.29894,13.83989],[-86.30303,13.83805],[-86.29783,13.83376],[-86.29917,13.83031],[-86.29419,13.82429],[-86.29574,13.81625],[-86.30368,13.81385],[-86.3049,13.80577],[-86.31559,13.80279],[-86.31771,13.7973],[-86.31565,13.79132],[-86.33039,13.77667],[-86.33406,13.76818],[-86.34263,13.76598],[-86.34664,13.76763],[-86.34981,13.76232],[-86.35712,13.76537],[-86.36468,13.76203],[-86.37237,13.76427],[-86.37801,13.77013],[-86.40979,13.83971],[-86.45465,13.88326],[-86.51884,13.92436],[-86.57508,13.93897],[-86.5751,13.94326],[-86.56775,13.94391],[-86.55642,13.96027],[-86.57724,13.96899],[-86.60805,13.99434],[-86.6115,13.99436]]]}},{"type":"Feature","id":"27666195B18582423233621","properties":{"admin_level":2,"municipality_code":"27666195B18582423233621","municipality":"El Paraiso","municipality_key":"elparaiso","department_code":"10453824B59135534570849","department":"El Paraíso","department_key":"elparaiso","join_key":"elparaiso|elparaiso","centroid_lat":13.85624,"centroid_lon":-86.53605},"geometry":{"type":"Polygon","coordinates":[[[-86.5748,13.79034],[-86.58067,13.80623],[-86.59439,13.8161],[-86.59755,13.8258],[-86.60516,13.83404],[-86.62853,13.83218],[-86.63535,13.83698],[-86.65381,13.87278],[-86.66335,13.87726],[-86.6634,13.89207],[-86.66972,13.89783],[-86.67422,13.90921],[-86.68086,13.91232],[-86.6831,13.91673],[-86.68167,13.91908],[-86.67753,13.91782],[-86.67569,13.92462],[-86.67023,13.92212],[-86.65602,13.92274],[-86.65459,13.9205],[-86.64936,13.92434],[-86.64462,13.91537],[-86.64295,13.91777],[-86.62381,13.91073],[-86.62073,13.91404],[-86.62365,13.91703],[-86.61013,13.92576],[-86.61021,13.92971],[-86.6053,13.93052],[-86.60383,13.92713],[-86.59697,13.92674],[-86.59212,13.9311],[-86.59267,13.93543],[-86.5803,13.9411],[-86.51884,13.92436],[-86.45465,13.88326],[-86.40979,13.83971],[-86.37801,13.77013],[-86.38788,13.76045],[-86.39511,13.75962],[-86.39914,13.76214],[-86.4028,13.75715],[-86.40997,13.75916],[-86.41689,13.75736],[-86.42028,13.76231],[-86.4256,13.76415],[-86.43546,13.76204],[-86.44192,13.76478],[-86.45515,13.78867],[-86.46749,13.77382],[-86.47887,13.77031],[-86.48202,13.77586],[-86.48322,13.77029],[-86.49053,13.76772],[-86.49513,13.77262],[-86.51429,13.77399],[-86.52262,13.77896],[-86.52334,13.78764],[-86.53902,13.80388],[-86.5483,13.7961],[-86.55975,13.80128],[-86.5748,13.79034]]]}},{"type":"Feature","id":"27666195B48819141488377","properties":{"admin_level":2,"municipality_code":"27666195B48819141488377","municipality":"Guinope","municipality_key":"guinope","department_code":"10453824B59135534570849","department":"El Paraíso","department_key":"elparaiso","join_key":"elparaiso|guinope","centroid_lat":13.87209,"centroid_lon":-86.93175},"geometry":{"type":"Polygon","coordinates":[[[-86.93973,13.9602],[-86.93709,13.95765],[-86.92944,13.95813],[-86.9157,13.95005],[-86.87994,13.92064],[-86.88273,13.89841],[-86.88626,13.89501],[-86.88277,13.88805],[-86.88344,13.87845],[-86.87995,13.87438],[-86.86554,13.8698],[-86.85978,13.86335],[-86.87593,13.85981],[-86.89033,13.8477],[-86.90974,13.84712],[-86.93651,13.83945],[-86.93024,13.83285],[-86.92924,13.82449],[-86.9215,13.81322],[-86.91796,13.81309],[-86.90473,13.80193],[-86.88469,13.79319],[-86.88189,13.7881],[-86.88385,13.78122],[-86.89156,13.7777],[-86.91416,13.78123],[-86.91945,13.78796],[-86.95336,13.78404],[-86.9565,13.78093],[-86.97227,13.7828],[-86.97476,13.78662],[-86.97658,13.78224],[-86.98172,13.781],[-86.99153,13.78565],[-86.99695,13.78504],[-87.0105,13.7977],[-86.99569,13.82094],[-86.98925,13.84587],[-86.99235,13.8487],[-86.99263,13.85649],[-86.99555,13.85759],[-86.98631,13.88553],[-86.99014,13.90088],[-86.99748,13.90861],[-86.99547,13.91564],[-86.9897,13.92026],[-86.98876,13.92513],[-86.98512,13.92629],[-86.98708,13.92836],[-86.98037,13.93238],[-86.98504,13.93754],[-86.99101,13.96163],[-86.98768,13.96209],[-86.98778,13.96573],[-86.984,13.96806],[-86.98367,13.96206],[-86.97582,13.95787],[-86.96012,13.95639],[-86.95342,13.94952],[-86.9489,13.9506],[-86.93973,13.9602]]]}},{"type":"Feature","id":"27666195B90337288722280","properties":{"admin_level":2,"municipality_code":"27666195B90337288722280","municipality":"Jacaleapa","municipality_key":"jacaleapa","department_code":"10453824B59135534570849","department":"El Paraíso","department_key":"elparaiso","join_key":"elparaiso|jacaleapa","centroid_lat":14.06575,"centroid_lon":-86.68904},"geometry":{"type":"Polygon","coordinates":[[[-86.73099,13.96018],[-86.73496,13.96246],[-86.7356,13.96902],[-86.73968,13.96828],[-86.74215,13.97201],[-86.73587,13.99001],[-86.72616,13.99214],[-86.72475,14.00134],[-86.70675,14.03095],[-86.70506,14.04258],[-86.71064,14.05618],[-86.70754,14.07532],[-86.71318,14.08059],[-86.71151,14.08361],[-86.71661,14.09217],[-86.71632,14.09679],[-86.72176,14.10327],[-86.72505,14.14077],[-86.71175,14.14181],[-86.68309,14.16603],[-86.67444,14.16283],[-86.68448,14.14571],[-86.6859,14.08197],[-86.64553,14.04325],[-86.61481,14.00523],[-86.6115,13.99436],[-86.68467,13.99471],[-86.69579,13.99211],[-86.69593,13.98614],[-86.69975,13.98193],[-86.71072,13.98122],[-86.72207,13.96625],[-86.73099,13.96018]]]}},{"type":"Feature","id":"27666195B78599057689965","properties":{"admin_level":2,"municipality_code":"27666195B78599057689965","municipality":"Liure","municipality_key":"liure","department_code":"10453824B59135534570849","department":"El Paraíso","department_key":"elparaiso","join_key":"elparaiso|liure","centroid_lat":13.55288,"centroid_lon":-87.06017},"geometry":{"type":"Polygon","coordinates":[[[-87.01028,13.54713],[-87.02575,13.53798],[-87.02623,13.52345],[-87.05101,13.52034],[-87.05702,13.50597],[-87.06666,13.50063],[-87.08039,13.51016],[-87.0811,13.50122],[-87.09971,13.50794],[-87.10791,13.51629],[-87.1069,13.52597],[-87.11324,13.53427],[-87.10854,13.5743],[-87.05308,13.59745],[-87.05072,13.59664],[-87.05235,13.59404],[-87.0493,13.58116],[-87.0462,13.57972],[-87.039,13.58495],[-87.03033,13.59786],[-87.02166,13.60007],[-87.00009,13.59729],[-86.99967,13.59077],[-87.00368,13.58176],[-87.00252,13.57551],[-87.0107,13.56822],[-87.00828,13.55863],[-87.01028,13.54713]]]}},{"type":"Feature","id":"27666195B80695499331082","properties":{"admin_level":2,"municipality_code":"27666195B80695499331082","municipality":"Moroceli","municipality_key":"moroceli","department_code":"10453824B59135534570849","department":"El Paraíso","department_key":"elparaiso","join_key":"elparaiso|moroceli","centroid_lat":14.16806,"centroid_lon":-86.83728},"geometry":{"type":"Polygon","coordinates":[[[-86.82996,14.04604],[-86.8409,14.04805],[-86.83955,14.05097],[-86.84791,14.05848],[-86.85731,14.05935],[-86.85699,14.06494],[-86.86181,14.07061],[-86.8726,14.0645],[-86.88188,14.06615],[-86.89853,14.05792],[-86.90104,14.05902],[-86.911,14.05041],[-86.94494,14.06259],[-86.94739,14.0837],[-86.97146,14.09967],[-86.98774,14.12407],[-86.97372,14.14195],[-86.96375,14.13874],[-86.94943,14.13968],[-86.9398,14.13264],[-86.93181,14.13308],[-86.92821,14.13008],[-86.91721,14.13209],[-86.91427,14.12915],[-86.91315,14.13675],[-86.89755,14.15922],[-86.91133,14.16911],[-86.92044,14.1702],[-86.92498,14.167],[-86.92944,14.17253],[-86.92311,14.17889],[-86.92374,14.18333],[-86.91056,14.19119],[-86.90642,14.19053],[-86.89885,14.19899],[-86.90298,14.20897],[-86.89706,14.21139],[-86.89668,14.23082],[-86.88871,14.23327],[-86.86204,14.25954],[-86.84218,14.29125],[-86.80514,14.28948],[-86.80827,14.26718],[-86.81461,14.25711],[-86.81997,14.24316],[-86.81851,14.23609],[-86.8232,14.22918],[-86.81998,14.2211],[-86.81275,14.21576],[-86.7721,14.20392],[-86.77525,14.19755],[-86.78296,14.19233],[-86.78792,14.1779],[-86.77767,14.17167],[-86.76491,14.16945],[-86.763,14.1575],[-86.72505,14.14077],[-86.72362,14.13383],[-86.72556,14.13033],[-86.74641,14.13239],[-86.75108,14.13709],[-86.76742,14.12994],[-86.7704,14.12627],[-86.76828,14.11715],[-86.77324,14.11154],[-86.77167,14.10623],[-86.76433,14.10374],[-86.76693,14.08615],[-86.77757,14.08223],[-86.81398,14.05167],[-86.82996,14.04604]]]}},{"type":"Feature","id":"27666195B15040698792339","properties":{"admin_level":2,"municipality_code":"27666195B15040698792339","municipality":"Oropoli","municipality_key":"oropoli","department_code":"10453824B59135534570849","department":"El Paraíso","department_key":"elparaiso","join_key":"elparaiso|oropoli","centroid_lat":13.81703,"centroid_lon":-86.84269},"geometry":{"type":"Polygon","coordinates":[[[-86.87593,13.85981],[-86.81759,13.87084],[-86.78132,13.88224],[-86.7715,13.86986],[-86.76898,13.8715],[-86.76358,13.86846],[-86.7725,13.84894],[-86.77038,13.83588],[-86.76199,13.82855],[-86.76338,13.82084],[-86.7575,13.81031],[-86.76363,13.80737],[-86.76199,13.80056],[-86.76503,13.79348],[-86.76942,13.79187],[-86.76429,13.78498],[-86.75965,13.78355],[-86.76299,13.76735],[-86.76854,13.77076],[-86.77826,13.76859],[-86.78007,13.77194],[-86.78919,13.7727],[-86.82821,13.7642],[-86.849,13.74707],[-86.85948,13.76054],[-86.85985,13.76527],[-86.8512,13.77186],[-86.84986,13.77859],[-86.85476,13.7796],[-86.85934,13.77396],[-86.86644,13.77148],[-86.87493,13.7734],[-86.87543,13.77679],[-86.88385,13.78122],[-86.88189,13.7881],[-86.88469,13.79319],[-86.90473,13.80193],[-86.91796,13.81309],[-86.9215,13.81322],[-86.92924,13.82449],[-86.93024,13.83285],[-86.93651,13.83945],[-86.90974,13.84712],[-86.89033,13.8477],[-86.87593,13.85981]]]}},{"type":"Feature","id":"27666195B65676299493653","properties":{"admin_level":2,"municipality_code":"27666195B65676299493653","municipality":"Potrerillos","municipality_key":"potrerillos","department_code":"10453824B59135534570849","department":"El Paraíso","department_key":"elparaiso","join_key":"elparaiso|potrerillos","centroid_lat":14.0577,"centroid_lon":-86.75822},"geometry":{"type":"Polygon","coordinates":[[[-86.73986,13.9768],[-86.75205,13.97909],[-86.75103,13.98414],[-86.75578,13.99213],[-86.76897,13.98557],[-86.76815,13.99124],[-86.77827,14.00446],[-86.78311,14.00545],[-86.78699,14.01209],[-86.80578,14.02385],[-86.81828,14.0257],[-86.81958,14.02038],[-86.82351,14.02454],[-86.82755,14.02162],[-86.83149,14.0226],[-86.83651,14.04655],[-86.82996,14.04604],[-86.81398,14.05167],[-86.77757,14.08223],[-86.76693,14.08615],[-86.76433,14.10374],[-86.77167,14.10623],[-86.77324,14.11154],[-86.76828,14.11715],[-86.7704,14.12627],[-86.75108,14.13709],[-86.74641,14.13239],[-86.72556,14.13033],[-86.72176,14.10327],[-86.71632,14.09679],[-86.71661,14.09217],[-86.71151,14.08361],[-86.71318,14.08059],[-86.70864,14.0788],[-86.70695,14.07186],[-86.71032,14.06716],[-86.70865,14.05922],[-86.71064,14.05618],[-86.70506,14.04258],[-86.70675,14.03095],[-86.72475,14.00134],[-86.72616,13.99214],[-86.73587,13.99001],[-86.73986,13.9768]]]}},{"type":"Feature","id":"27666195B39425544771184","properties":{"admin_level":2,"municipality_code":"27666195B39425544771184","municipality":"San Antonio de Flores","municipality_key":"sanantoniodeflores","department_code":"10453824B59135534570849","department":"El Paraíso","department_key":"elparaiso","join_key":"elparaiso|sanantoniodeflores","centroid_lat":13.71058,"centroid_lon":-86.8378},"geometry":{"type":"Polygon","coordinates":[[[-86.76883,13.69852],[-86.77694,13.70006],[-86.78314,13.69487],[-86.78911,13.70175],[-86.80074,13.68762],[-86.80383,13.6712],[-86.81292,13.67344],[-86.8184,13.68014],[-86.83801,13.67837],[-86.84792,13.66331],[-86.86179,13.65905],[-86.86771,13.6529],[-86.88219,13.64648],[-86.88758,13.64974],[-86.88616,13.65359],[-86.89749,13.6604],[-86.90293,13.66723],[-86.9013,13.67557],[-86.90547,13.68567],[-86.92419,13.6965],[-86.91378,13.70489],[-86.90775,13.71627],[-86.92529,13.73409],[-86.90254,13.739],[-86.89281,13.73024],[-86.87284,13.74298],[-86.87185,13.74784],[-86.85948,13.76054],[-86.849,13.74707],[-86.8463,13.74735],[-86.82821,13.7642],[-86.78919,13.7727],[-86.78007,13.77194],[-86.77826,13.76859],[-86.76854,13.77076],[-86.764,13.76659],[-86.76129,13.76807],[-86.76969,13.7533],[-86.76416,13.74364],[-86.7635,13.7333],[-86.75964,13.72627],[-86.76883,13.69852]]]}},{"type":"Feature","id":"27666195B72821364591060","properties":{"admin_level":2,"municipality_code":"27666195B72821364591060","municipality":"San Lucas","municipality_key":"sanlucas","department_code":"10453824B59135534570849","department":"El Paraíso","department_key":"elparaiso","join_key":"elparaiso|sanlucas","centroid_lat":13.74467,"centroid_lon":-86.94353},"geometry":{"type":"Polygon","coordinates":[[[-87.0105,13.7977],[-86.99695,13.78504],[-86.99153,13.78565],[-86.98172,13.781],[-86.97658,13.78224],[-86.97476,13.78662],[-86.97227,13.7828],[-86.9565,13.78093],[-86.95336,13.78404],[-86.91945,13.78796],[-86.91416,13.78123],[-86.89156,13.7777],[-86.88385,13.78122],[-86.87543,13.77679],[-86.87493,13.7734],[-86.86644,13.77148],[-86.85934,13.77396],[-86.85476,13.7796],[-86.84986,13.77859],[-86.8512,13.77186],[-86.85985,13.76527],[-86.85948,13.76054],[-86.87185,13.74784],[-86.87284,13.74298],[-86.89281,13.73024],[-86.90254,13.739],[-86.92529,13.73409],[-86.90775,13.71627],[-86.91378,13.70489],[-86.93206,13.69014],[-86.95496,13.69675],[-86.97254,13.69083],[-86.97962,13.70901],[-87.00167,13.71126],[-87.00553,13.72297],[-86.99809,13.74294],[-87.03062,13.74636],[-87.03123,13.76176],[-87.02268,13.76601],[-87.01613,13.77487],[-87.0105,13.7977]]]}},{"type":"Feature","id":"27666195B8791216164524","properties":{"admin_level":2,"municipality_code":"27666195B8791216164524","municipality":"San Matias","municipality_key":"sanmatias","department_code":"10453824B59135534570849","department":"El Paraíso","department_key":"elparaiso","join_key":"elparaiso|sanmatias","centroid_lat":13.95285,"centroid_lon":-86.64682},"geometry":{"type":"Polygon","coordinates":[[[-86.71272,13.93312],[-86.72358,13.93661],[-86.72208,13.94861],[-86.73486,13.9481],[-86.72961,13.95709],[-86.73081,13.96215],[-86.72207,13.96625],[-86.71072,13.98122],[-86.69975,13.98193],[-86.69593,13.98614],[-86.69579,13.99211],[-86.68467,13.99471],[-86.60805,13.99434],[-86.57724,13.96899],[-86.55642,13.96027],[-86.56775,13.94391],[-86.5751,13.94326],[-86.57508,13.93897],[-86.5803,13.9411],[-86.58769,13.93929],[-86.59697,13.92674],[-86.60383,13.92713],[-86.6053,13.93052],[-86.61021,13.92971],[-86.61013,13.92576],[-86.62365,13.91703],[-86.62073,13.91404],[-86.62381,13.91073],[-86.64295,13.91777],[-86.64462,13.91537],[-86.64936,13.92434],[-86.65459,13.9205],[-86.65602,13.92274],[-86.67023,13.92212],[-86.67569,13.92462],[-86.67753,13.91782],[-86.68167,13.91908],[-86.6831,13.91673],[-86.69328,13.92036],[-86.69386,13.92579],[-86.70223,13.93272],[-86.70507,13.93167],[-86.70402,13.93497],[-86.70738,13.93376],[-86.7071,13.93827],[-86.71155,13.93867],[-86.71272,13.93312]]]}},{"type":"Feature","id":"27666195B67097486402294","properties":{"admin_level":2,"municipality_code":"27666195B67097486402294","municipality":"Soledad","municipality_key":"soledad","department_code":"10453824B59135534570849","department":"El Paraíso","department_key":"elparaiso","join_key":"elparaiso|soledad","centroid_lat":13.62014,"centroid_lon":-87.14749},"geometry":{"type":"Polygon","coordinates":[[[-87.11059,13.55283],[-87.14161,13.54686],[-87.16057,13.55191],[-87.16903,13.54817],[-87.18379,13.56182],[-87.18445,13.57748],[-87.18751,13.58211],[-87.18516,13.59251],[-87.19609,13.60163],[-87.20122,13.61257],[-87.21738,13.61246],[-87.22474,13.61526],[-87.21167,13.66747],[-87.1839,13.68504],[-87.1507,13.66505],[-87.13318,13.6585],[-87.12822,13.6531],[-87.10077,13.64547],[-87.0908,13.63735],[-87.08329,13.63558],[-87.07399,13.62503],[-87.06351,13.60472],[-87.05308,13.59745],[-87.10854,13.5743],[-87.11059,13.55283]]]}},{"type":"Feature","id":"27666195B60931351506454","properties":{"admin_level":2,"municipality_code":"27666195B60931351506454","municipality":"Teupasenti","municipality_key":"teupasenti","department_code":"10453824B59135534570849","department":"El Paraíso","department_key":"elparaiso","join_key":"elparaiso|teupasenti","centroid_lat":14.28195,"centroid_lon":-86.67794},"geometry":{"type":"Polygon","coordinates":[[[-86.44463,14.30102],[-86.45981,14.29687],[-86.48629,14.30051],[-86.48915,14.29869],[-86.50855,14.30468],[-86.51107,14.29545],[-86.516,14.29518],[-86.51714,14.29162],[-86.52285,14.2916],[-86.52138,14.29581],[-86.52551,14.29668],[-86.5266,14.29293],[-86.53147,14.29312],[-86.52963,14.28804],[-86.53474,14.28625],[-86.53886,14.28823],[-86.54066,14.28618],[-86.53846,14.28317],[-86.54194,14.2802],[-86.54577,14.28056],[-86.546,14.28416],[-86.55288,14.28002],[-86.55876,14.28072],[-86.55797,14.27592],[-86.56256,14.27549],[-86.56576,14.27134],[-86.56628,14.26301],[-86.57165,14.2647],[-86.57448,14.26228],[-86.57344,14.25884],[-86.58044,14.25466],[-86.58475,14.25514],[-86.58789,14.25173],[-86.5917,14.25355],[-86.59314,14.24905],[-86.5998,14.25241],[-86.60438,14.24581],[-86.61633,14.24814],[-86.61486,14.24167],[-86.61829,14.23965],[-86.62106,14.22802],[-86.62718,14.21986],[-86.66404,14.19475],[-86.67225,14.19184],[-86.68309,14.16603],[-86.68892,14.16323],[-86.69675,14.15333],[-86.71175,14.14181],[-86.72505,14.14077],[-86.763,14.1575],[-86.76491,14.16945],[-86.77767,14.17167],[-86.78792,14.1779],[-86.78296,14.19233],[-86.77525,14.19755],[-86.7721,14.20392],[-86.81275,14.21576],[-86.81998,14.2211],[-86.8232,14.22918],[-86.81851,14.23609],[-86.81997,14.24316],[-86.81461,14.25711],[-86.80827,14.26718],[-86.80514,14.28948],[-86.8297,14.29064],[-86.8273,14.29394],[-86.83112,14.33137],[-86.71335,14.42161],[-86.7115,14.41499],[-86.70397,14.41358],[-86.69585,14.41725],[-86.68004,14.40934],[-86.67014,14.40825],[-86.66963,14.4035],[-86.65962,14.39857],[-86.65386,14.39865],[-86.64811,14.40825],[-86.63484,14.40355],[-86.62901,14.40601],[-86.62644,14.39935],[-86.6146,14.3924],[-86.61442,14.38325],[-86.60879,14.37278],[-86.59784,14.38071],[-86.52167,14.36302],[-86.51487,14.35321],[-86.50851,14.35205],[-86.50265,14.33655],[-86.4779,14.33138],[-86.46411,14.33235],[-86.45977,14.32324],[-86.44792,14.31258],[-86.44463,14.30102]]]}},{"type":"Feature","id":"27666195B35644327877667","properties":{"admin_level":2,"municipality_code":"27666195B35644327877667","municipality":"Texiguat","municipality_key":"texiguat","department_code":"10453824B59135534570849","department":"El Paraíso","department_key":"elparaiso","join_key":"elparaiso|texiguat","centroid_lat":13.66561,"centroid_lon":-87.04929},"geometry":{"type":"Polygon","coordinates":[[[-87.00009,13.59729],[-87.02166,13.60007],[-87.03033,13.59786],[-87.039,13.58495],[-87.0462,13.57972],[-87.0493,13.58116],[-87.05235,13.59404],[-87.05072,13.59664],[-87.06351,13.60472],[-87.07399,13.62503],[-87.08329,13.63558],[-87.0908,13.63735],[-87.10077,13.64547],[-87.12472,13.6538],[-87.13168,13.67093],[-87.11575,13.69747],[-87.10025,13.70871],[-87.09321,13.704],[-87.07819,13.71149],[-87.07341,13.71761],[-87.04478,13.72451],[-87.02998,13.73286],[-87.03062,13.74636],[-86.99809,13.74294],[-87.00553,13.72297],[-87.00167,13.71126],[-86.97962,13.70901],[-86.97254,13.69083],[-86.95496,13.69675],[-86.93206,13.69014],[-86.93941,13.68111],[-86.94962,13.6784],[-86.95554,13.66998],[-86.97664,13.66857],[-86.96149,13.66265],[-86.97801,13.65111],[-86.99224,13.64588],[-86.99374,13.63356],[-86.99142,13.62546],[-86.99623,13.62279],[-86.99669,13.61835],[-87.00073,13.61743],[-87.00385,13.61039],[-87.00009,13.59729]]]}},{"type":"Feature","id":"27666195B23836678424083","properties":{"admin_level":2,"municipality_code":"27666195B23836678424083","municipality":"Trojes","municipality_key":"trojes","department_code":"10453824B59135534570849","department":"El Paraíso","department_key":"elparaiso","join_key":"elparaiso|trojes","centroid_lat":14.05191,"centroid_lon":-85.79435},"geometry":{"type":"Polygon","coordinates":[[[-86.15173,14.03514],[-86.14943,14.12253],[-86.07104,14.18886],[-86.07816,14.2484],[-86.06895,14.24775],[-86.07129,14.25122],[-86.07072,14.26313],[-86.0621,14.27047],[-86.05293,14.27019],[-86.05113,14.26658],[-86.03786,14.26316],[-86.02035,14.26259],[-86.01325,14.24693],[-85.99889,14.22655],[-85.9936,14.18594],[-85.98268,14.17866],[-85.95296,14.17275],[-85.9469,14.16923],[-85.94046,14.171],[-85.9413,14.15878],[-85.94763,14.15026],[-85.94817,14.13938],[-85.95159,14.13409],[-85.94802,14.12332],[-85.93524,14.12886],[-85.92267,14.13945],[-85.90491,14.1254],[-85.88769,14.12732],[-85.87713,14.13439],[-85.87238,14.14557],[-85.87613,14.15619],[-85.8721,14.16245],[-85.85104,14.17142],[-85.84691,14.17952],[-85.83788,14.18492],[-85.8267,14.18579],[-85.81491,14.1719],[-85.81308,14.16588],[-85.80769,14.16181],[-85.79521,14.15982],[-85.77913,14.16173],[-85.77411,14.17852],[-85.76981,14.18231],[-85.76726,14.19583],[-85.7584,14.19986],[-85.75411,14.19659],[-85.75193,14.18973],[-85.73842,14.18409],[-85.72578,14.18888],[-85.71275,14.18958],[-85.70661,14.18178],[-85.70169,14.18358],[-85.69316,14.18045],[-85.68696,14.18274],[-85.67892,14.17614],[-85.66567,14.17142],[-85.65856,14.17572],[-85.66141,14.18328],[-85.65257,14.19132],[-85.6503,14.18583],[-85.63932,14.17623],[-85.63692,14.1663],[-85.61863,14.15969],[-85.61066,14.13765],[-85.60526,14.13285],[-85.60505,14.12116],[-85.60859,14.12016],[-85.61019,14.10957],[-85.60982,14.09485],[-85.60533,14.09128],[-85.60136,14.09197],[-85.58542,14.07871],[-85.57842,14.08184],[-85.56985,14.07035],[-85.57043,14.06352],[-85.57458,14.06418],[-85.5788,14.05823],[-85.57756,14.04288],[-85.58598,14.03957],[-85.591,14.04394],[-85.60403,14.02546],[-85.61604,14.01829],[-85.62494,14.02026],[-85.62489,14.00794],[-85.63947,14.01103],[-85.66511,14.01113],[-85.66823,13.9844],[-85.67804,13.97856],[-85.68312,13.97974],[-85.68739,13.98845],[-85.70696,13.992],[-85.7233,13.98149],[-85.72438,13.97555],[-85.73191,13.9695],[-85.75301,13.96711],[-85.75268,13.95524],[-85.75754,13.94935],[-85.75259,13.93774],[-85.75234,13.92796],[-85.75754,13.91003],[-85.75668,13.90176],[-85.7638,13.88463],[-85.76246,13.88157],[-85.75492,13.88155],[-85.73824,13.8695],[-85.73365,13.85988],[-85.74188,13.85216],[-85.73807,13.8419],[-85.74742,13.83893],[-85.75198,13.83174],[-85.75541,13.8451],[-85.75853,13.84214],[-85.7665,13.8476],[-85.77209,13.84758],[-85.78343,13.84434],[-85.7855,13.84112],[-85.79113,13.84343],[-85.79342,13.84085],[-85.8195,13.84839],[-85.82102,13.85754],[-85.82675,13.85782],[-85.8266,13.86937],[-85.8373,13.87755],[-85.83848,13.88375],[-85.84145,13.88355],[-85.83702,13.88713],[-85.84058,13.88871],[-85.83789,13.89231],[-85.84133,13.89521],[-85.83747,13.89697],[-85.8395,13.90154],[-85.83592,13.90405],[-85.84146,13.90547],[-85.84278,13.90944],[-85.83829,13.90971],[-85.84677,13.91716],[-85.85278,13.9203],[-85.86903,13.92136],[-85.8817,13.92925],[-85.88435,13.92449],[-85.88864,13.92386],[-85.88765,13.92028],[-85.8924,13.91554],[-85.88905,13.91266],[-85.89318,13.90288],[-85.91314,13.90758],[-85.91612,13.91528],[-85.91297,13.92583],[-85.91835,13.93677],[-85.92217,13.9308],[-85.93472,13.93668],[-85.93573,13.94005],[-85.94774,13.94388],[-85.95458,13.95052],[-85.96482,13.95056],[-85.96804,13.95621],[-85.96667,13.95914],[-85.97699,13.96185],[-85.98061,13.9673],[-85.98793,13.96893],[-85.98865,13.96472],[-85.99525,13.96348],[-85.99566,13.96881],[-86.00018,13.97081],[-86.003,13.97684],[-86.01098,13.98465],[-86.01671,13.98532],[-86.01769,13.9901],[-86.02367,13.99045],[-86.02787,13.997],[-86.03422,13.99233],[-86.0426,13.99458],[-86.00875,14.05485],[-86.01151,14.05966],[-86.00394,14.06912],[-86.01188,14.07916],[-86.03956,14.07576],[-86.04311,14.06867],[-86.07644,14.06865],[-86.07723,14.06251],[-86.08682,14.06386],[-86.10818,14.05639],[-86.11839,14.04362],[-86.12554,14.04323],[-86.13436,14.04897],[-86.13381,14.04223],[-86.14321,14.03647],[-86.15173,14.03514]]]}},{"type":"Feature","id":"27666195B76595113857627","properties":{"admin_level":2,"municipality_code":"27666195B76595113857627","municipality":"Vado Ancho","municipality_key":"vadoancho","department_code":"10453824B59135534570849","department":"El Paraíso","department_key":"elparaiso","join_key":"elparaiso|vadoancho","centroid_lat":13.63886,"centroid_lon":-86.96299},"geometry":{"type":"Polygon","coordinates":[[[-86.88881,13.65452],[-86.90479,13.64901],[-86.92328,13.64937],[-86.92668,13.65844],[-86.93133,13.66026],[-86.93398,13.64197],[-86.93178,13.63576],[-86.94007,13.61796],[-86.95996,13.59611],[-86.97142,13.5903],[-86.97464,13.58502],[-86.99138,13.58498],[-87.00252,13.57551],[-87.00368,13.58176],[-86.99967,13.59077],[-87.00385,13.61039],[-87.00073,13.61743],[-86.99669,13.61835],[-86.99623,13.62279],[-86.99142,13.62546],[-86.99374,13.63356],[-86.99224,13.64588],[-86.97801,13.65111],[-86.96149,13.66265],[-86.97664,13.66857],[-86.95554,13.66998],[-86.94962,13.6784],[-86.93941,13.68111],[-86.92419,13.6965],[-86.90547,13.68567],[-86.9013,13.67557],[-86.90293,13.66723],[-86.88881,13.65452]]]}},{"type":"Feature","id":"27666195B23214675582882","properties":{"admin_level":2,"municipality_code":"27666195B23214675582882","municipality":"Yauyupe","municipality_key":"yauyupe","department_code":"10453824B59135534570849","department":"El Paraíso","department_key":"elparaiso","join_key":"elparaiso|yauyupe","centroid_lat":13.75535,"centroid_lon":-87.07339},"geometry":{"type":"Polygon","coordinates":[[[-87.03155,13.77131],[-87.02998,13.73286],[-87.04478,13.72451],[-87.07341,13.71761],[-87.07819,13.71149],[-87.09542,13.70474],[-87.1142,13.72465],[-87.11346,13.72877],[-87.11754,13.73204],[-87.11649,13.73626],[-87.11935,13.74051],[-87.1163,13.74336],[-87.11979,13.74781],[-87.11197,13.7629],[-87.11449,13.76556],[-87.1117,13.76868],[-87.11689,13.77174],[-87.11784,13.77695],[-87.1207,13.77499],[-87.12237,13.77741],[-87.10752,13.8008],[-87.11326,13.80717],[-87.08669,13.78865],[-87.07969,13.77475],[-87.04636,13.77005],[-87.03155,13.77131]]]}},{"type":"Feature","id":"27666195B81385886170314","properties":{"admin_level":2,"municipality_code":"27666195B81385886170314","municipality":"Yuscaran","municipality_key":"yuscaran","department_code":"10453824B59135534570849","department":"El Paraíso","department_key":"elparaiso","join_key":"elparaiso|yuscaran","centroid_lat":13.96574,"centroid_lon":-86.83496},"geometry":{"type":"Polygon","coordinates":[[[-86.71272,13.93312],[-86.71508,13.92359],[-86.70878,13.91219],[-86.71803,13.89984],[-86.72256,13.89825],[-86.71742,13.89036],[-86.72375,13.88038],[-86.72008,13.87658],[-86.72094,13.87279],[-86.72988,13.87451],[-86.73229,13.86778],[-86.73809,13.8758],[-86.7425,13.87696],[-86.7569,13.87751],[-86.76358,13.86846],[-86.76898,13.8715],[-86.7715,13.86986],[-86.78132,13.88224],[-86.81759,13.87084],[-86.85978,13.86335],[-86.86554,13.8698],[-86.87995,13.87438],[-86.88344,13.87845],[-86.88277,13.88805],[-86.88626,13.89501],[-86.88273,13.89841],[-86.87994,13.92064],[-86.9157,13.95005],[-86.92944,13.95813],[-86.93709,13.95765],[-86.93973,13.9602],[-86.91453,13.98762],[-86.91919,13.99999],[-86.91124,14.00108],[-86.911,14.05041],[-86.90104,14.05902],[-86.89853,14.05792],[-86.88188,14.06615],[-86.8726,14.0645],[-86.86181,14.07061],[-86.85699,14.06494],[-86.85731,14.05935],[-86.84791,14.05848],[-86.83955,14.05097],[-86.8409,14.04805],[-86.83651,14.04655],[-86.83149,14.0226],[-86.82755,14.02162],[-86.82351,14.02454],[-86.81958,14.02038],[-86.81828,14.0257],[-86.80578,14.02385],[-86.79378,14.01713],[-86.78311,14.00545],[-86.77827,14.00446],[-86.76815,13.99124],[-86.76897,13.98557],[-86.75578,13.99213],[-86.75103,13.98414],[-86.75205,13.97909],[-86.73986,13.9768],[-86.74186,13.96955],[-86.7356,13.96902],[-86.73496,13.96246],[-86.73099,13.96018],[-86.72961,13.95709],[-86.73486,13.9481],[-86.72208,13.94861],[-86.72358,13.93661],[-86.71272,13.93312]]]}},{"type":"Feature","id":"27666195B63650973406682","properties":{"admin_level":2,"municipality_code":"27666195B63650973406682","municipality":"Alubaren","municipality_key":"alubaren","department_code":"10453824B24427405220616","department":"Francisco Morazán","department_key":"franciscomorazan","join_key":"franciscomorazan|alubaren","centroid_lat":13.78379,"centroid_lon":-87.4685},"geometry":{"type":"Polygon","coordinates":[[[-87.41393,13.75399],[-87.41983,13.75771],[-87.44234,13.75835],[-87.45232,13.75616],[-87.4561,13.75253],[-87.52521,13.79406],[-87.52105,13.81147],[-87.51382,13.8194],[-87.49406,13.81958],[-87.48494,13.81098],[-87.46819,13.80712],[-87.4446,13.78798],[-87.41315,13.77961],[-87.41393,13.75399]]]}},{"type":"Feature","id":"27666195B52498637855734","properties":{"admin_level":2,"municipality_code":"27666195B52498637855734","municipality":"Cedros","municipality_key":"cedros","department_code":"10453824B24427405220616","department":"Francisco Morazán","department_key":"franciscomorazan","join_key":"franciscomorazan|cedros","centroid_lat":14.52419,"centroid_lon":-87.16754},"geometry":{"type":"Polygon","coordinates":[[[-87.39469,14.36518],[-87.38479,14.39304],[-87.38564,14.39712],[-87.39443,14.40599],[-87.39694,14.41537],[-87.40454,14.41438],[-87.41943,14.42083],[-87.40427,14.42825],[-87.40304,14.44813],[-87.3928,14.45205],[-87.39134,14.4494],[-87.37645,14.44765],[-87.3696,14.44377],[-87.3537,14.45408],[-87.354,14.45958],[-87.34792,14.46563],[-87.34349,14.4643],[-87.34208,14.46694],[-87.339,14.46473],[-87.32864,14.46813],[-87.32794,14.47135],[-87.32046,14.47181],[-87.31212,14.48301],[-87.31336,14.48563],[-87.30565,14.48875],[-87.30191,14.4966],[-87.29528,14.49968],[-87.30085,14.5136],[-87.30763,14.51557],[-87.313,14.52145],[-87.31144,14.52693],[-87.31407,14.53269],[-87.32899,14.53665],[-87.3217,14.54123],[-87.3205,14.54732],[-87.32584,14.56174],[-87.29889,14.56451],[-87.29478,14.55996],[-87.28108,14.56423],[-87.23704,14.55799],[-87.23806,14.57808],[-87.22947,14.5847],[-87.22596,14.59971],[-87.22763,14.60549],[-87.22028,14.61567],[-87.22678,14.62237],[-87.222,14.63006],[-87.21767,14.63134],[-87.21987,14.63363],[-87.21315,14.63642],[-87.21146,14.64581],[-87.20775,14.64717],[-87.20901,14.65392],[-87.21411,14.6585],[-87.21122,14.66474],[-87.21268,14.66922],[-87.19482,14.68182],[-87.19352,14.68754],[-87.18665,14.69083],[-87.17945,14.68552],[-87.16403,14.70349],[-87.16157,14.70294],[-87.16234,14.69833],[-87.1509,14.69038],[-87.14654,14.68018],[-87.13666,14.68024],[-87.13971,14.67318],[-87.13272,14.66673],[-87.12815,14.66512],[-87.12404,14.66755],[-87.11653,14.66173],[-87.11196,14.66636],[-87.10826,14.66379],[-87.10406,14.66598],[-87.09966,14.65914],[-87.0942,14.65894],[-87.09048,14.66254],[-87.08821,14.65716],[-87.07491,14.65247],[-87.07092,14.64744],[-87.06248,14.65105],[-87.05575,14.64948],[-87.05327,14.64281],[-87.04232,14.63639],[-87.04055,14.62462],[-87.03321,14.62108],[-87.03328,14.60877],[-87.02871,14.60446],[-87.02801,14.59252],[-87.03065,14.59247],[-87.03169,14.58499],[-87.03495,14.58246],[-87.03784,14.5692],[-87.02319,14.54916],[-87.02225,14.48106],[-87.04131,14.47765],[-87.05347,14.47164],[-87.07114,14.4716],[-87.0747,14.47466],[-87.08466,14.47549],[-87.09523,14.46858],[-87.11431,14.46895],[-87.12362,14.47413],[-87.13979,14.47298],[-87.14601,14.47512],[-87.14919,14.47314],[-87.1501,14.47574],[-87.17047,14.47108],[-87.20439,14.44246],[-87.21194,14.43031],[-87.2203,14.42497],[-87.22047,14.4183],[-87.22963,14.4098],[-87.22994,14.39178],[-87.23716,14.38652],[-87.23772,14.37099],[-87.26111,14.35497],[-87.27761,14.35582],[-87.2878,14.35179],[-87.30854,14.35217],[-87.31794,14.35673],[-87.32745,14.34597],[-87.35413,14.3548],[-87.36828,14.36409],[-87.38163,14.3602],[-87.39029,14.36226],[-87.39469,14.36518]]]}},{"type":"Feature","id":"27666195B74261140264311","properties":{"admin_level":2,"municipality_code":"27666195B74261140264311","municipality":"Curaren","municipality_key":"curaren","department_code":"10453824B24427405220616","department":"Francisco Morazán","department_key":"franciscomorazan","join_key":"franciscomorazan|curaren","centroid_lat":13.83595,"centroid_lon":-87.56844},"geometry":{"type":"Polygon","coordinates":[[[-87.49406,13.81958],[-87.51382,13.8194],[-87.52105,13.81147],[-87.52521,13.79406],[-87.52407,13.76305],[-87.52844,13.75],[-87.52129,13.74144],[-87.5322,13.73696],[-87.53485,13.73136],[-87.54245,13.7284],[-87.54921,13.71596],[-87.58356,13.71215],[-87.62967,13.73957],[-87.64934,13.74252],[-87.64975,13.75615],[-87.64493,13.77802],[-87.64256,13.77796],[-87.64469,13.82929],[-87.63912,13.84261],[-87.62353,13.85426],[-87.61506,13.87045],[-87.61489,13.88975],[-87.60226,13.89563],[-87.60393,13.90971],[-87.59789,13.92683],[-87.59997,13.94386],[-87.59472,13.95481],[-87.55368,13.91873],[-87.48699,13.92749],[-87.48482,13.92469],[-87.48577,13.91312],[-87.49092,13.90664],[-87.48768,13.89949],[-87.4919,13.89661],[-87.49272,13.88966],[-87.49005,13.88058],[-87.48153,13.87438],[-87.4808,13.86288],[-87.49563,13.84788],[-87.49406,13.81958]]]}},{"type":"Feature","id":"27666195B1179860840093","properties":{"admin_level":2,"municipality_code":"27666195B1179860840093","municipality":"Distrito Central","municipality_key":"distritocentral","department_code":"10453824B24427405220616","department":"Francisco Morazán","department_key":"franciscomorazan","join_key":"franciscomorazan|distritocentral","centroid_lat":14.13749,"centroid_lon":-87.28152},"geometry":{"type":"Polygon","coordinates":[[[-87.47252,14.21005],[-87.43286,14.21355],[-87.42488,14.22352],[-87.43129,14.24397],[-87.44275,14.24798],[-87.46118,14.26318],[-87.46628,14.29627],[-87.46723,14.33032],[-87.46404,14.33425],[-87.45187,14.33749],[-87.43703,14.33381],[-87.43085,14.33848],[-87.40479,14.34278],[-87.39469,14.36518],[-87.38163,14.3602],[-87.36828,14.36409],[-87.35413,14.3548],[-87.32745,14.34597],[-87.31794,14.35673],[-87.30854,14.35217],[-87.2878,14.35179],[-87.27761,14.35582],[-87.26111,14.35497],[-87.23772,14.37099],[-87.1553,14.36407],[-87.13799,14.37074],[-87.11789,14.36226],[-87.12933,14.32342],[-87.12962,14.3137],[-87.13925,14.30442],[-87.13898,14.29998],[-87.12274,14.30041],[-87.10431,14.29621],[-87.11615,14.28015],[-87.11342,14.26594],[-87.10897,14.26732],[-87.02708,14.2184],[-87.01582,14.23912],[-87.00718,14.23761],[-87.00546,14.22868],[-87.01599,14.21821],[-87.0279,14.21284],[-87.03382,14.19468],[-87.07643,14.17426],[-87.09911,14.15729],[-87.12291,14.15443],[-87.12995,14.14679],[-87.13535,14.12819],[-87.12929,14.09925],[-87.11821,14.0947],[-87.10777,14.08049],[-87.09631,14.08236],[-87.07907,14.09934],[-87.06076,14.10469],[-87.05783,14.10833],[-87.05085,14.10394],[-87.04972,14.09496],[-87.05201,14.09583],[-87.05784,14.09036],[-87.04189,14.07317],[-87.05352,14.05569],[-87.07371,14.04893],[-87.08725,14.04901],[-87.10376,14.03853],[-87.12055,14.01666],[-87.1132,14.00005],[-87.11669,13.98656],[-87.12678,13.97125],[-87.08642,13.95055],[-87.12379,13.89416],[-87.13872,13.9124],[-87.13188,13.91694],[-87.1277,13.92541],[-87.13205,13.93666],[-87.18207,13.96375],[-87.19486,13.9645],[-87.21558,13.97305],[-87.23473,13.97604],[-87.32316,13.98342],[-87.3245,13.98623],[-87.31788,13.99547],[-87.30825,13.99893],[-87.31422,14.00444],[-87.34374,14.01923],[-87.34299,14.02616],[-87.37244,14.01148],[-87.37873,14.04698],[-87.37284,14.06684],[-87.35366,14.07578],[-87.37083,14.09609],[-87.3668,14.10601],[-87.37722,14.10931],[-87.38139,14.10281],[-87.39046,14.10929],[-87.40206,14.1074],[-87.4191,14.11547],[-87.44657,14.16905],[-87.44526,14.17403],[-87.44927,14.18284],[-87.46152,14.20159],[-87.47252,14.21005]]]}},{"type":"Feature","id":"27666195B45920652298174","properties":{"admin_level":2,"municipality_code":"27666195B45920652298174","municipality":"El Porvenir","municipality_key":"elporvenir","department_code":"10453824B24427405220616","department":"Francisco Morazán","department_key":"franciscomorazan","join_key":"franciscomorazan|elporvenir","centroid_lat":14.7076,"centroid_lon":-87.18353},"geometry":{"type":"Polygon","coordinates":[[[-87.33663,14.6053],[-87.33739,14.61024],[-87.33266,14.61479],[-87.33516,14.62467],[-87.33105,14.63226],[-87.32597,14.6322],[-87.33112,14.63889],[-87.32444,14.64436],[-87.33019,14.66407],[-87.32416,14.66799],[-87.32071,14.66166],[-87.3135,14.6619],[-87.31286,14.66583],[-87.31814,14.66542],[-87.31477,14.6767],[-87.30621,14.67481],[-87.29645,14.67941],[-87.29231,14.68575],[-87.28565,14.68556],[-87.28306,14.68903],[-87.27632,14.69062],[-87.27361,14.69623],[-87.26558,14.69751],[-87.27061,14.70493],[-87.26543,14.71027],[-87.26804,14.71428],[-87.26493,14.71985],[-87.2685,14.72364],[-87.25599,14.72418],[-87.25546,14.7365],[-87.24958,14.74272],[-87.24937,14.76389],[-87.25384,14.76709],[-87.25112,14.77302],[-87.25099,14.78678],[-87.25933,14.79706],[-87.26045,14.80824],[-87.26626,14.81098],[-87.26287,14.82697],[-87.25657,14.82987],[-87.25254,14.8388],[-87.24513,14.84524],[-87.22018,14.84218],[-87.21106,14.84685],[-87.20927,14.85774],[-87.19701,14.85956],[-87.19535,14.85691],[-87.19215,14.86018],[-87.1884,14.85495],[-87.17761,14.85275],[-87.17521,14.84844],[-87.16646,14.84743],[-87.16477,14.84448],[-87.15935,14.84541],[-87.15511,14.83962],[-87.14377,14.84043],[-87.13839,14.8256],[-87.13213,14.82009],[-87.13462,14.8103],[-87.13873,14.80863],[-87.14016,14.80121],[-87.14451,14.79629],[-87.14946,14.77848],[-87.14305,14.75881],[-87.11832,14.74102],[-87.09742,14.7048],[-87.10406,14.66598],[-87.10826,14.66379],[-87.11196,14.66636],[-87.11653,14.66173],[-87.12404,14.66755],[-87.12815,14.66512],[-87.13272,14.66673],[-87.13971,14.67318],[-87.13666,14.68024],[-87.14654,14.68018],[-87.1509,14.69038],[-87.16234,14.69833],[-87.16157,14.70294],[-87.16403,14.70349],[-87.17945,14.68552],[-87.18665,14.69083],[-87.19352,14.68754],[-87.19482,14.68182],[-87.21268,14.66922],[-87.21122,14.66474],[-87.21411,14.6585],[-87.20901,14.65392],[-87.20775,14.64717],[-87.21146,14.64581],[-87.21315,14.63642],[-87.21987,14.63363],[-87.21767,14.63134],[-87.222,14.63006],[-87.22678,14.62237],[-87.22028,14.61567],[-87.22763,14.60549],[-87.22596,14.59971],[-87.22947,14.5847],[-87.23806,14.57808],[-87.23704,14.55799],[-87.28108,14.56423],[-87.29478,14.55996],[-87.29889,14.56451],[-87.32584,14.56174],[-87.33202,14.56561],[-87.33102,14.57135],[-87.33758,14.57733],[-87.33624,14.58209],[-87.33916,14.59063],[-87.33429,14.59384],[-87.33147,14.60244],[-87.33663,14.6053]]]}},{"type":"Feature","id":"27666195B96410778118504","properties":{"admin_level":2,"municipality_code":"27666195B96410778118504","municipality":"Guaimaca","municipality_key":"guaimaca","department_code":"10453824B24427405220616","department":"Francisco Morazán","department_key":"franciscomorazan","join_key":"franciscomorazan|guaimaca","centroid_lat":14.49625,"centroid_lon":-86.87601},"geometry":{"type":"Polygon","coordinates":[[[-86.71335,14.42161],[-86.83112,14.33137],[-86.82973,14.31774],[-86.84054,14.32014],[-86.84378,14.32498],[-86.8496,14.32508],[-86.84997,14.33478],[-86.85767,14.34708],[-86.87487,14.35921],[-86.87532,14.36503],[-86.88371,14.37413],[-86.89505,14.37324],[-86.90102,14.36318],[-86.90711,14.36746],[-86.90494,14.37396],[-86.90967,14.37745],[-86.90902,14.38425],[-86.89757,14.40002],[-86.89042,14.39972],[-86.8848,14.40579],[-86.88546,14.41198],[-86.88107,14.41356],[-86.87932,14.43904],[-86.8825,14.43542],[-86.89588,14.4347],[-86.8987,14.4386],[-86.90687,14.43987],[-86.90899,14.44586],[-86.91344,14.443],[-86.93583,14.46397],[-86.9484,14.46264],[-86.95041,14.46485],[-86.96135,14.46126],[-86.98097,14.47385],[-87.02225,14.48106],[-87.02319,14.54916],[-87.03784,14.5692],[-87.03495,14.58246],[-87.03169,14.58499],[-87.03065,14.59247],[-87.02801,14.59252],[-87.02895,14.60584],[-87.03328,14.60877],[-87.03201,14.61161],[-87.01567,14.60275],[-87.00774,14.60612],[-86.99748,14.62723],[-86.99424,14.62838],[-86.99334,14.63374],[-86.9837,14.64565],[-86.98312,14.65973],[-86.94715,14.65515],[-86.93698,14.64504],[-86.92318,14.64451],[-86.91537,14.63862],[-86.89691,14.64514],[-86.88433,14.64587],[-86.8732,14.64301],[-86.86877,14.63731],[-86.85329,14.63805],[-86.84686,14.6417],[-86.8057,14.63892],[-86.79651,14.62942],[-86.79648,14.62077],[-86.78867,14.61917],[-86.77943,14.60972],[-86.76835,14.6055],[-86.76154,14.59688],[-86.75991,14.58521],[-86.74053,14.57574],[-86.73965,14.57053],[-86.75146,14.53131],[-86.7429,14.50881],[-86.72939,14.50463],[-86.7297,14.48788],[-86.73401,14.47804],[-86.71105,14.43321],[-86.71335,14.42161]]]}},{"type":"Feature","id":"27666195B53606089505662","properties":{"admin_level":2,"municipality_code":"27666195B53606089505662","municipality":"La Libertad","municipality_key":"lalibertad","department_code":"10453824B24427405220616","department":"Francisco Morazán","department_key":"franciscomorazan","join_key":"franciscomorazan|lalibertad","centroid_lat":13.70164,"centroid_lon":-87.49475},"geometry":{"type":"Polygon","coordinates":[[[-87.45955,13.6702],[-87.51846,13.69047],[-87.52045,13.69581],[-87.54214,13.7094],[-87.54384,13.7163],[-87.54921,13.71596],[-87.54902,13.71825],[-87.54245,13.7284],[-87.53485,13.73136],[-87.5322,13.73696],[-87.5185,13.74211],[-87.51441,13.73557],[-87.51551,13.73059],[-87.50839,13.72511],[-87.48986,13.72407],[-87.46934,13.71538],[-87.45979,13.70747],[-87.45971,13.69255],[-87.46466,13.68242],[-87.45955,13.6702]]]}},{"type":"Feature","id":"27666195B10946257085941","properties":{"admin_level":2,"municipality_code":"27666195B10946257085941","municipality":"La Venta","municipality_key":"laventa","department_code":"10453824B24427405220616","department":"Francisco Morazán","department_key":"franciscomorazan","join_key":"franciscomorazan|laventa","centroid_lat":13.7366,"centroid_lon":-87.33065},"geometry":{"type":"Polygon","coordinates":[[[-87.36005,13.68482],[-87.363,13.68892],[-87.3619,13.6979],[-87.37869,13.70351],[-87.38583,13.71211],[-87.38562,13.71747],[-87.39363,13.71738],[-87.39464,13.73114],[-87.37616,13.761],[-87.38722,13.76831],[-87.38202,13.77131],[-87.38341,13.77516],[-87.37756,13.77881],[-87.37931,13.78792],[-87.35394,13.79074],[-87.34532,13.78058],[-87.33462,13.78283],[-87.32292,13.77626],[-87.28051,13.76505],[-87.27794,13.75911],[-87.28069,13.7508],[-87.27804,13.74173],[-87.26728,13.73946],[-87.27282,13.73375],[-87.26129,13.71833],[-87.26422,13.71594],[-87.26198,13.70812],[-87.26476,13.69913],[-87.25871,13.69479],[-87.26121,13.68439],[-87.28961,13.67778],[-87.29228,13.68083],[-87.299,13.67998],[-87.30043,13.68413],[-87.31604,13.69012],[-87.32549,13.6853],[-87.33021,13.68705],[-87.36005,13.68482]]]}},{"type":"Feature","id":"27666195B26269396586320","properties":{"admin_level":2,"municipality_code":"27666195B26269396586320","municipality":"Lepaterique","municipality_key":"lepaterique","department_code":"10453824B24427405220616","department":"Francisco Morazán","department_key":"franciscomorazan","join_key":"franciscomorazan|lepaterique","centroid_lat":14.05691,"centroid_lon":-87.49221},"geometry":{"type":"Polygon","coordinates":[[[-87.60426,14.03265],[-87.61749,14.10579],[-87.58861,14.13751],[-87.58019,14.14312],[-87.54197,14.13291],[-87.50001,14.16049],[-87.49078,14.16949],[-87.49759,14.17332],[-87.49799,14.18003],[-87.4869,14.19742],[-87.47785,14.2022],[-87.47252,14.21005],[-87.46152,14.20159],[-87.44927,14.18284],[-87.44526,14.17403],[-87.44657,14.16905],[-87.4191,14.11547],[-87.40206,14.1074],[-87.39046,14.10929],[-87.38139,14.10281],[-87.37722,14.10931],[-87.3668,14.10601],[-87.37083,14.09609],[-87.35366,14.07578],[-87.37284,14.06684],[-87.37873,14.04698],[-87.37244,14.01148],[-87.40283,13.98882],[-87.40109,13.9753],[-87.40838,13.96427],[-87.41225,13.96304],[-87.41348,13.95618],[-87.42306,13.95244],[-87.43369,13.95478],[-87.44194,13.94704],[-87.4508,13.947],[-87.44434,13.93779],[-87.44332,13.92986],[-87.48699,13.92749],[-87.55368,13.91873],[-87.59472,13.95481],[-87.59138,13.96442],[-87.59859,13.97106],[-87.59227,13.97995],[-87.60538,14.00034],[-87.60426,14.03265]]]}},{"type":"Feature","id":"27666195B63042217012253","properties":{"admin_level":2,"municipality_code":"27666195B63042217012253","municipality":"Maraita","municipality_key":"maraita","department_code":"10453824B24427405220616","department":"Francisco Morazán","department_key":"franciscomorazan","join_key":"franciscomorazan|maraita","centroid_lat":13.87684,"centroid_lon":-87.0622},"geometry":{"type":"Polygon","coordinates":[[[-86.98861,13.95522],[-86.98504,13.93754],[-86.98037,13.93238],[-86.98708,13.92836],[-86.98512,13.92629],[-86.98876,13.92513],[-86.9897,13.92026],[-86.99547,13.91564],[-86.99748,13.90861],[-86.99014,13.90088],[-86.98631,13.88553],[-86.99555,13.85759],[-86.99263,13.85649],[-86.99235,13.8487],[-86.98925,13.84587],[-86.99569,13.82094],[-87.0105,13.7977],[-87.01613,13.77487],[-87.02268,13.76601],[-87.03123,13.76176],[-87.03155,13.77131],[-87.04636,13.77005],[-87.07969,13.77475],[-87.08669,13.78865],[-87.11326,13.80717],[-87.12752,13.8358],[-87.1406,13.84456],[-87.15507,13.84595],[-87.14827,13.87062],[-87.14048,13.87074],[-87.12995,13.88294],[-87.08642,13.95055],[-87.05754,13.94838],[-87.05156,13.94162],[-87.05156,13.9367],[-87.03842,13.94633],[-87.01663,13.95461],[-87.01659,13.97245],[-87.01326,13.98419],[-87.00337,13.97757],[-87.00237,13.96476],[-86.98861,13.95522]]]}},{"type":"Feature","id":"27666195B80016530117423","properties":{"admin_level":2,"municipality_code":"27666195B80016530117423","municipality":"Marale","municipality_key":"marale","department_code":"10453824B24427405220616","department":"Francisco Morazán","department_key":"franciscomorazan","join_key":"franciscomorazan|marale","centroid_lat":14.94203,"centroid_lon":-87.10781},"geometry":{"type":"Polygon","coordinates":[[[-87.20927,14.85774],[-87.21655,14.86911],[-87.22312,14.8698],[-87.2215,14.874],[-87.21728,14.87645],[-87.21723,14.88029],[-87.21131,14.88029],[-87.20668,14.87467],[-87.19983,14.87501],[-87.19853,14.8821],[-87.1931,14.88885],[-87.19848,14.89597],[-87.19802,14.90555],[-87.21574,14.91039],[-87.21796,14.91407],[-87.20814,14.9246],[-87.21466,14.93603],[-87.2134,14.94781],[-87.1851,14.96984],[-87.18715,14.98112],[-87.18432,15.00054],[-87.18719,15.00566],[-87.18537,15.01135],[-87.17305,15.02296],[-87.16731,15.02515],[-87.16285,15.02296],[-87.1527,15.02751],[-87.14709,15.02514],[-87.13876,15.0266],[-87.13435,15.03238],[-87.12669,15.02825],[-87.11816,15.03082],[-87.10214,15.02924],[-87.0918,15.02078],[-87.07666,15.01458],[-87.06301,15.02165],[-87.05383,15.0232],[-87.04709,15.02068],[-87.03013,15.02448],[-86.99128,15.01447],[-86.98853,15.00058],[-87.00242,14.98664],[-86.99354,14.97757],[-86.99952,14.9676],[-86.9973,14.96154],[-87.00287,14.93625],[-87.00101,14.91919],[-87.00818,14.90458],[-87.00424,14.88715],[-87.00723,14.87784],[-87.02087,14.86909],[-87.03551,14.85295],[-87.07348,14.85248],[-87.16477,14.84448],[-87.16646,14.84743],[-87.17521,14.84844],[-87.18137,14.85451],[-87.1884,14.85495],[-87.19215,14.86018],[-87.19535,14.85691],[-87.19701,14.85956],[-87.20927,14.85774]]]}},{"type":"Feature","id":"27666195B91464863052261","properties":{"admin_level":2,"municipality_code":"27666195B91464863052261","municipality":"Nueva Armenia","municipality_key":"nuevaarmenia","department_code":"10453824B24427405220616","department":"Francisco Morazán","department_key":"franciscomorazan","join_key":"franciscomorazan|nuevaarmenia","centroid_lat":13.75535,"centroid_lon":-87.15371},"geometry":{"type":"Polygon","coordinates":[[[-87.21167,13.66747],[-87.24452,13.68259],[-87.22678,13.69088],[-87.23267,13.70518],[-87.22601,13.71189],[-87.22078,13.71434],[-87.21649,13.71272],[-87.21127,13.72105],[-87.20445,13.71649],[-87.1942,13.72754],[-87.18997,13.7718],[-87.20244,13.79064],[-87.19577,13.82449],[-87.19887,13.83267],[-87.19796,13.83878],[-87.17673,13.84718],[-87.1406,13.84456],[-87.12752,13.8358],[-87.12732,13.83149],[-87.10752,13.8008],[-87.12237,13.77741],[-87.1207,13.77499],[-87.11784,13.77695],[-87.11689,13.77174],[-87.1117,13.76868],[-87.11449,13.76556],[-87.11197,13.7629],[-87.11979,13.74781],[-87.1163,13.74336],[-87.11935,13.74051],[-87.11649,13.73626],[-87.11754,13.73204],[-87.10025,13.70871],[-87.11575,13.69747],[-87.13168,13.67093],[-87.12731,13.6645],[-87.12614,13.65225],[-87.13318,13.6585],[-87.1507,13.66505],[-87.1839,13.68504],[-87.21167,13.66747]]]}},{"type":"Feature","id":"27666195B52120095193284","properties":{"admin_level":2,"municipality_code":"27666195B52120095193284","municipality":"Ojojona","municipality_key":"ojojona","department_code":"10453824B24427405220616","department":"Francisco Morazán","department_key":"franciscomorazan","join_key":"franciscomorazan|ojojona","centroid_lat":13.91808,"centroid_lon":-87.3402},"geometry":{"type":"Polygon","coordinates":[[[-87.37244,14.01148],[-87.34299,14.02616],[-87.34374,14.01923],[-87.31422,14.00444],[-87.30825,13.99893],[-87.31788,13.99547],[-87.3245,13.98623],[-87.32316,13.98342],[-87.26023,13.9778],[-87.25115,13.96388],[-87.27594,13.94554],[-87.29048,13.9089],[-87.28675,13.90028],[-87.275,13.8974],[-87.27405,13.89175],[-87.2657,13.89072],[-87.27808,13.87158],[-87.27712,13.86263],[-87.28382,13.8489],[-87.30064,13.84814],[-87.31238,13.83306],[-87.32711,13.827],[-87.33383,13.81968],[-87.34266,13.82453],[-87.3475,13.8346],[-87.34836,13.84034],[-87.34337,13.84922],[-87.36669,13.83444],[-87.39651,13.92725],[-87.44332,13.92986],[-87.44434,13.93779],[-87.4508,13.947],[-87.44194,13.94704],[-87.43369,13.95478],[-87.42306,13.95244],[-87.41348,13.95618],[-87.41225,13.96304],[-87.40838,13.96427],[-87.40109,13.9753],[-87.40283,13.98882],[-87.37244,14.01148]]]}},{"type":"Feature","id":"27666195B54094389197091","properties":{"admin_level":2,"municipality_code":"27666195B54094389197091","municipality":"Orica","municipality_key":"orica","department_code":"10453824B24427405220616","department":"Francisco Morazán","department_key":"franciscomorazan","join_key":"franciscomorazan|orica","centroid_lat":14.81798,"centroid_lon":-86.96588},"geometry":{"type":"Polygon","coordinates":[[[-86.82862,14.64072],[-86.84686,14.6417],[-86.85329,14.63805],[-86.86877,14.63731],[-86.8732,14.64301],[-86.88433,14.64587],[-86.89691,14.64514],[-86.91537,14.63862],[-86.92318,14.64451],[-86.93698,14.64504],[-86.94715,14.65515],[-86.98312,14.65973],[-86.98692,14.66274],[-86.98908,14.66846],[-86.97834,14.67464],[-86.9767,14.68245],[-86.98033,14.68807],[-86.97396,14.70121],[-86.97515,14.71253],[-86.97908,14.71673],[-86.98526,14.73533],[-86.98309,14.76867],[-86.99277,14.77501],[-87.00042,14.78455],[-87.00729,14.8095],[-87.02489,14.821],[-87.02905,14.82907],[-87.02601,14.83141],[-87.03204,14.83508],[-87.03415,14.84537],[-87.03815,14.84824],[-87.02087,14.86909],[-87.00723,14.87784],[-87.00424,14.88715],[-87.00818,14.90458],[-87.00101,14.91919],[-87.00287,14.93625],[-86.9973,14.96154],[-86.99952,14.9676],[-86.99354,14.97757],[-87.00242,14.98664],[-86.98853,15.00058],[-86.98254,14.99858],[-86.97697,14.98905],[-86.97258,14.98738],[-86.96992,14.97429],[-86.96197,14.9686],[-86.95598,14.97009],[-86.94857,14.96387],[-86.93412,14.96229],[-86.93185,14.95116],[-86.92235,14.94976],[-86.9034,14.9381],[-86.91424,14.93332],[-86.9181,14.92257],[-86.92473,14.91693],[-86.92286,14.90609],[-86.93018,14.90395],[-86.93617,14.89612],[-86.92968,14.88652],[-86.9301,14.86886],[-86.91951,14.86317],[-86.91038,14.84498],[-86.90445,14.82391],[-86.91108,14.82147],[-86.91188,14.81495],[-86.90858,14.80695],[-86.90564,14.80472],[-86.90459,14.80682],[-86.89144,14.79735],[-86.90115,14.77003],[-86.87879,14.74551],[-86.86943,14.71064],[-86.85119,14.66309],[-86.8338,14.65108],[-86.82862,14.64072]]]}},{"type":"Feature","id":"27666195B70397594739312","properties":{"admin_level":2,"municipality_code":"27666195B70397594739312","municipality":"Reitoca","municipality_key":"reitoca","department_code":"10453824B24427405220616","department":"Francisco Morazán","department_key":"franciscomorazan","join_key":"franciscomorazan|reitoca","centroid_lat":13.84116,"centroid_lon":-87.43206},"geometry":{"type":"Polygon","coordinates":[[[-87.3813,13.75442],[-87.39441,13.75241],[-87.40042,13.74795],[-87.41393,13.75399],[-87.41315,13.77961],[-87.4446,13.78798],[-87.46819,13.80712],[-87.48494,13.81098],[-87.49406,13.81958],[-87.49563,13.84788],[-87.4808,13.86288],[-87.48153,13.87438],[-87.49005,13.88058],[-87.49272,13.88966],[-87.4919,13.89661],[-87.48768,13.89949],[-87.49092,13.90664],[-87.48577,13.91312],[-87.48482,13.92469],[-87.48699,13.92749],[-87.44332,13.92986],[-87.39651,13.92725],[-87.36669,13.83444],[-87.37206,13.79884],[-87.38192,13.79428],[-87.37739,13.78488],[-87.37756,13.77881],[-87.38341,13.77516],[-87.38202,13.77131],[-87.38722,13.76831],[-87.37616,13.761],[-87.3813,13.75442]]]}},{"type":"Feature","id":"27666195B51862105966258","properties":{"admin_level":2,"municipality_code":"27666195B51862105966258","municipality":"Sabanagrande","municipality_key":"sabanagrande","department_code":"10453824B24427405220616","department":"Francisco Morazán","department_key":"franciscomorazan","join_key":"franciscomorazan|sabanagrande","centroid_lat":13.78928,"centroid_lon":-87.27712},"geometry":{"type":"Polygon","coordinates":[[[-87.24452,13.68259],[-87.25314,13.68669],[-87.26121,13.68439],[-87.25871,13.69479],[-87.26476,13.69913],[-87.26198,13.70812],[-87.26422,13.71594],[-87.26129,13.71833],[-87.27282,13.73375],[-87.26728,13.73946],[-87.27804,13.74173],[-87.28069,13.7508],[-87.27794,13.75911],[-87.28051,13.76505],[-87.32292,13.77626],[-87.33462,13.78283],[-87.34532,13.78058],[-87.35394,13.79074],[-87.37931,13.78792],[-87.38192,13.79428],[-87.37206,13.79884],[-87.36669,13.83444],[-87.34337,13.84922],[-87.34836,13.84034],[-87.3475,13.8346],[-87.34266,13.82453],[-87.33383,13.81968],[-87.32711,13.827],[-87.31238,13.83306],[-87.30064,13.84814],[-87.28382,13.8489],[-87.27712,13.86263],[-87.27808,13.87158],[-87.2657,13.89072],[-87.22963,13.89708],[-87.21185,13.88052],[-87.20182,13.86072],[-87.19347,13.85975],[-87.19204,13.85718],[-87.19403,13.85319],[-87.18987,13.84173],[-87.19796,13.83878],[-87.19887,13.83267],[-87.19577,13.82449],[-87.20244,13.79064],[-87.18997,13.7718],[-87.1942,13.72754],[-87.20445,13.71649],[-87.21127,13.72105],[-87.21649,13.71272],[-87.22078,13.71434],[-87.22601,13.71189],[-87.23267,13.70518],[-87.22678,13.69088],[-87.24452,13.68259]]]}},{"type":"Feature","id":"27666195B20875858813448","properties":{"admin_level":2,"municipality_code":"27666195B20875858813448","municipality":"San Antonio de Oriente","municipality_key":"sanantoniodeoriente","department_code":"10453824B24427405220616","department":"Francisco Morazán","department_key":"franciscomorazan","join_key":"franciscomorazan|sanantoniodeoriente","centroid_lat":14.04253,"centroid_lon":-87.00372},"geometry":{"type":"Polygon","coordinates":[[[-86.911,14.05041],[-86.91124,14.00108],[-86.91919,13.99999],[-86.91453,13.98762],[-86.9489,13.9506],[-86.95342,13.94952],[-86.96012,13.95639],[-86.97582,13.95787],[-86.98367,13.96206],[-86.984,13.96806],[-86.98778,13.96573],[-86.98768,13.96209],[-86.99101,13.96163],[-86.98861,13.95522],[-86.99277,13.95665],[-87.00237,13.96476],[-87.00337,13.97757],[-87.01326,13.98419],[-87.01827,13.99212],[-87.02622,13.99179],[-87.03554,13.9966],[-87.03971,14.0044],[-87.04614,14.0059],[-87.06277,14.01922],[-87.07458,14.02498],[-87.08901,14.02564],[-87.10544,14.03613],[-87.08725,14.04901],[-87.07371,14.04893],[-87.05352,14.05569],[-87.04189,14.07317],[-87.05784,14.09036],[-87.05201,14.09583],[-87.04972,14.09496],[-87.05085,14.10394],[-87.04143,14.10423],[-87.03247,14.09686],[-87.01346,14.0978],[-87.00605,14.10843],[-86.98774,14.12407],[-86.97146,14.09967],[-86.94739,14.0837],[-86.94494,14.06259],[-86.911,14.05041]]]}},{"type":"Feature","id":"27666195B50330868714175","properties":{"admin_level":2,"municipality_code":"27666195B50330868714175","municipality":"San Buenaventura","municipality_key":"sanbuenaventura","department_code":"10453824B24427405220616","department":"Francisco Morazán","department_key":"franciscomorazan","join_key":"franciscomorazan|sanbuenaventura","centroid_lat":13.90329,"centroid_lon":-87.18401},"geometry":{"type":"Polygon","coordinates":[[[-87.19486,13.9645],[-87.18207,13.96375],[-87.18107,13.95628],[-87.17402,13.94992],[-87.16538,13.91144],[-87.1562,13.90122],[-87.15587,13.88646],[-87.14827,13.87062],[-87.15507,13.84595],[-87.17673,13.84718],[-87.18987,13.84173],[-87.19403,13.85319],[-87.19347,13.85975],[-87.20182,13.86072],[-87.21185,13.88052],[-87.22038,13.88831],[-87.20851,13.90536],[-87.21377,13.91238],[-87.21277,13.92158],[-87.19486,13.9645]]]}},{"type":"Feature","id":"27666195B25957798922682","properties":{"admin_level":2,"municipality_code":"27666195B25957798922682","municipality":"San Ignacio","municipality_key":"sanignacio","department_code":"10453824B24427405220616","department":"Francisco Morazán","department_key":"franciscomorazan","join_key":"franciscomorazan|sanignacio","centroid_lat":14.72603,"centroid_lon":-87.04592},"geometry":{"type":"Polygon","coordinates":[[[-87.03201,14.61161],[-87.03321,14.62108],[-87.04055,14.62462],[-87.04232,14.63639],[-87.05327,14.64281],[-87.05575,14.64948],[-87.06248,14.65105],[-87.07092,14.64744],[-87.07491,14.65247],[-87.08821,14.65716],[-87.09048,14.66254],[-87.0942,14.65894],[-87.10286,14.66221],[-87.09742,14.7048],[-87.11832,14.74102],[-87.14305,14.75881],[-87.14946,14.77848],[-87.14451,14.79629],[-87.14016,14.80121],[-87.13873,14.80863],[-87.13462,14.8103],[-87.13213,14.82009],[-87.13839,14.8256],[-87.14377,14.84043],[-87.15511,14.83962],[-87.15935,14.84541],[-87.07348,14.85248],[-87.03551,14.85295],[-87.03815,14.84824],[-87.03415,14.84537],[-87.03204,14.83508],[-87.02601,14.83141],[-87.02905,14.82907],[-87.02489,14.821],[-87.00729,14.8095],[-87.00042,14.78455],[-86.99277,14.77501],[-86.98309,14.76867],[-86.98526,14.73533],[-86.97908,14.71673],[-86.97515,14.71253],[-86.97396,14.70121],[-86.98033,14.68807],[-86.9767,14.68245],[-86.97834,14.67464],[-86.98908,14.66846],[-86.98312,14.65973],[-86.98191,14.65045],[-87.00774,14.60612],[-87.01567,14.60275],[-87.03201,14.61161]]]}},{"type":"Feature","id":"27666195B42566611093852","properties":{"admin_level":2,"municipality_code":"27666195B42566611093852","municipality":"San Juan de Flores","municipality_key":"sanjuandeflores","department_code":"10453824B24427405220616","department":"Francisco Morazán","department_key":"franciscomorazan","join_key":"franciscomorazan|sanjuandeflores","centroid_lat":14.31163,"centroid_lon":-86.95299},"geometry":{"type":"Polygon","coordinates":[[[-86.8297,14.29064],[-86.84218,14.29125],[-86.86204,14.25954],[-86.88871,14.23327],[-86.95026,14.22529],[-86.95975,14.2308],[-86.96682,14.22905],[-87.01582,14.23912],[-87.02708,14.2184],[-87.10897,14.26732],[-87.11342,14.26594],[-87.11615,14.28015],[-87.10431,14.29621],[-87.09552,14.29606],[-87.0916,14.30477],[-87.08089,14.30551],[-87.05444,14.34587],[-86.99459,14.36812],[-86.98568,14.38901],[-86.9804,14.39469],[-86.97454,14.39587],[-86.97397,14.40002],[-86.922,14.37422],[-86.91371,14.37392],[-86.90967,14.37745],[-86.90494,14.37396],[-86.90767,14.37128],[-86.904,14.36403],[-86.90102,14.36318],[-86.89784,14.36624],[-86.89505,14.37324],[-86.88371,14.37413],[-86.87532,14.36503],[-86.87487,14.35921],[-86.85767,14.34708],[-86.84997,14.33478],[-86.8496,14.32508],[-86.84378,14.32498],[-86.84054,14.32014],[-86.82973,14.31774],[-86.8273,14.29394],[-86.8297,14.29064]]]}},{"type":"Feature","id":"27666195B71574157318497","properties":{"admin_level":2,"municipality_code":"27666195B71574157318497","municipality":"San Miguelito","municipality_key":"sanmiguelito","department_code":"10453824B24427405220616","department":"Francisco Morazán","department_key":"franciscomorazan","join_key":"franciscomorazan|sanmiguelito","centroid_lat":13.75127,"centroid_lon":-87.49204},"geometry":{"type":"Polygon","coordinates":[[[-87.4561,13.75253],[-87.45544,13.7343],[-87.45064,13.72784],[-87.45979,13.70747],[-87.46934,13.71538],[-87.48986,13.72407],[-87.50839,13.72511],[-87.51551,13.73059],[-87.51641,13.7402],[-87.52129,13.74144],[-87.52844,13.75],[-87.52407,13.76305],[-87.52521,13.79406],[-87.4561,13.75253]]]}},{"type":"Feature","id":"27666195B74591275827965","properties":{"admin_level":2,"municipality_code":"27666195B74591275827965","municipality":"Santa Ana","municipality_key":"santaana","department_code":"10453824B24427405220616","department":"Francisco Morazán","department_key":"franciscomorazan","join_key":"franciscomorazan|santaana","centroid_lat":13.93356,"centroid_lon":-87.24423},"geometry":{"type":"MultiPolygon","coordinates":[[[[-87.18207,13.96375],[-87.13205,13.93666],[-87.12877,13.93145],[-87.1277,13.92541],[-87.13188,13.91694],[-87.13872,13.9124],[-87.12379,13.89416],[-87.14048,13.87074],[-87.14827,13.87062],[-87.15587,13.88646],[-87.1562,13.90122],[-87.16538,13.91144],[-87.17402,13.94992],[-87.18107,13.95628],[-87.18207,13.96375]]],[[[-87.26023,13.9778],[-87.21558,13.97305],[-87.19486,13.9645],[-87.21277,13.92158],[-87.21377,13.91238],[-87.20851,13.90536],[-87.22038,13.88831],[-87.22963,13.89708],[-87.2657,13.89072],[-87.27405,13.89175],[-87.275,13.8974],[-87.28675,13.90028],[-87.29048,13.9089],[-87.27594,13.94554],[-87.25115,13.96388],[-87.26023,13.9778]]]]}},{"type":"Feature","id":"27666195B58255966540050","properties":{"admin_level":2,"municipality_code":"27666195B58255966540050","municipality":"Santa Lucia","municipality_key":"santalucia","department_code":"10453824B24427405220616","department":"Francisco Morazán","department_key":"franciscomorazan","join_key":"franciscomorazan|santalucia","centroid_lat":14.12996,"centroid_lon":-87.09684},"geometry":{"type":"Polygon","coordinates":[[[-87.05474,14.10643],[-87.05783,14.10833],[-87.06076,14.10469],[-87.07302,14.10263],[-87.09631,14.08236],[-87.10777,14.08049],[-87.11821,14.0947],[-87.12929,14.09925],[-87.13535,14.12819],[-87.12995,14.14679],[-87.12291,14.15443],[-87.09911,14.15729],[-87.06838,14.17812],[-87.06446,14.13496],[-87.05819,14.13174],[-87.06074,14.12486],[-87.05474,14.10643]]]}},{"type":"Feature","id":"27666195B86037952896272","properties":{"admin_level":2,"municipality_code":"27666195B86037952896272","municipality":"Talanga","municipality_key":"talanga","department_code":"10453824B24427405220616","department":"Francisco Morazán","department_key":"franciscomorazan","join_key":"franciscomorazan|talanga","centroid_lat":14.38777,"centroid_lon":-87.11083},"geometry":{"type":"Polygon","coordinates":[[[-87.09552,14.29606],[-87.12274,14.30041],[-87.13898,14.29998],[-87.13925,14.30442],[-87.12962,14.3137],[-87.12933,14.32342],[-87.11789,14.36226],[-87.13799,14.37074],[-87.1553,14.36407],[-87.23772,14.37099],[-87.23716,14.38652],[-87.22994,14.39178],[-87.22963,14.4098],[-87.22047,14.4183],[-87.2203,14.42497],[-87.21194,14.43031],[-87.20439,14.44246],[-87.17047,14.47108],[-87.1501,14.47574],[-87.14919,14.47314],[-87.14601,14.47512],[-87.13979,14.47298],[-87.12362,14.47413],[-87.11431,14.46895],[-87.09523,14.46858],[-87.08466,14.47549],[-87.0747,14.47466],[-87.07114,14.4716],[-87.05347,14.47164],[-87.04131,14.47765],[-87.01857,14.48139],[-86.98097,14.47385],[-86.96135,14.46126],[-86.95041,14.46485],[-86.9484,14.46264],[-86.93583,14.46397],[-86.91344,14.443],[-86.90899,14.44586],[-86.90687,14.43987],[-86.8987,14.4386],[-86.89588,14.4347],[-86.8825,14.43542],[-86.87932,14.43904],[-86.88107,14.41356],[-86.88546,14.41198],[-86.8848,14.40579],[-86.89042,14.39972],[-86.89757,14.40002],[-86.90493,14.39265],[-86.90967,14.37745],[-86.91371,14.37392],[-86.922,14.37422],[-86.97397,14.40002],[-86.97454,14.39587],[-86.9804,14.39469],[-86.98568,14.38901],[-86.99459,14.36812],[-87.05444,14.34587],[-87.08089,14.30551],[-87.0916,14.30477],[-87.09552,14.29606]]]}},{"type":"Feature","id":"27666195B81412432628344","properties":{"admin_level":2,"municipality_code":"27666195B81412432628344","municipality":"Tatumbla","municipality_key":"tatumbla","department_code":"10453824B24427405220616","department":"Francisco Morazán","department_key":"franciscomorazan","join_key":"franciscomorazan|tatumbla","centroid_lat":13.98538,"centroid_lon":-87.06574},"geometry":{"type":"Polygon","coordinates":[[[-87.08642,13.95055],[-87.12678,13.97125],[-87.11669,13.98656],[-87.1132,14.00005],[-87.12055,14.01666],[-87.10544,14.03613],[-87.08901,14.02564],[-87.07458,14.02498],[-87.06277,14.01922],[-87.04614,14.0059],[-87.03971,14.0044],[-87.03554,13.9966],[-87.02622,13.99179],[-87.01827,13.99212],[-87.01326,13.98419],[-87.01659,13.97245],[-87.01663,13.95461],[-87.03842,13.94633],[-87.05156,13.9367],[-87.05156,13.94162],[-87.05754,13.94838],[-87.08642,13.95055]]]}},{"type":"Feature","id":"27666195B29826450958821","properties":{"admin_level":2,"municipality_code":"27666195B29826450958821","municipality":"Valle de Angeles","municipality_key":"valledeangeles","department_code":"10453824B24427405220616","department":"Francisco Morazán","department_key":"franciscomorazan","join_key":"franciscomorazan|valledeangeles","centroid_lat":14.16088,"centroid_lon":-87.00806},"geometry":{"type":"Polygon","coordinates":[[[-86.90774,14.14387],[-86.91315,14.13675],[-86.91427,14.12915],[-86.91721,14.13209],[-86.92821,14.13008],[-86.93181,14.13308],[-86.9398,14.13264],[-86.94943,14.13968],[-86.96375,14.13874],[-86.97372,14.14195],[-87.01346,14.0978],[-87.03247,14.09686],[-87.04143,14.10423],[-87.05085,14.10394],[-87.05474,14.10643],[-87.06074,14.12486],[-87.05819,14.13174],[-87.06446,14.13496],[-87.06838,14.17812],[-87.03382,14.19468],[-87.0279,14.21284],[-87.01599,14.21821],[-87.00546,14.22868],[-86.99369,14.16838],[-86.97911,14.16339],[-86.95494,14.16489],[-86.94576,14.15838],[-86.91334,14.15062],[-86.90774,14.14387]]]}},{"type":"Feature","id":"27666195B71251784838701","properties":{"admin_level":2,"municipality_code":"27666195B71251784838701","municipality":"Vallecillo","municipality_key":"vallecillo","department_code":"10453824B24427405220616","department":"Francisco Morazán","department_key":"franciscomorazan","join_key":"franciscomorazan|vallecillo","centroid_lat":14.53467,"centroid_lon":-87.38785},"geometry":{"type":"Polygon","coordinates":[[[-87.3928,14.45205],[-87.41277,14.44605],[-87.42001,14.4508],[-87.42227,14.45791],[-87.43161,14.46109],[-87.43966,14.47223],[-87.45445,14.47516],[-87.46878,14.52305],[-87.42024,14.56163],[-87.41215,14.5737],[-87.40757,14.57381],[-87.41132,14.58509],[-87.40789,14.58848],[-87.41011,14.59169],[-87.40412,14.59977],[-87.40577,14.60345],[-87.4024,14.6063],[-87.40541,14.62046],[-87.3969,14.6229],[-87.37612,14.61392],[-87.36642,14.61722],[-87.36561,14.60929],[-87.36138,14.60993],[-87.35762,14.60576],[-87.34984,14.60715],[-87.33147,14.60244],[-87.33429,14.59384],[-87.33916,14.59063],[-87.33624,14.58209],[-87.33758,14.57733],[-87.33102,14.57135],[-87.33202,14.56561],[-87.32584,14.56174],[-87.32029,14.55139],[-87.3217,14.54123],[-87.32899,14.53665],[-87.31407,14.53269],[-87.31144,14.52693],[-87.313,14.52145],[-87.30763,14.51557],[-87.30085,14.5136],[-87.29528,14.49968],[-87.30191,14.4966],[-87.30565,14.48875],[-87.31336,14.48563],[-87.31212,14.48301],[-87.32046,14.47181],[-87.32794,14.47135],[-87.32864,14.46813],[-87.339,14.46473],[-87.34208,14.46694],[-87.34349,14.4643],[-87.34792,14.46563],[-87.354,14.45958],[-87.3537,14.45408],[-87.3696,14.44377],[-87.37645,14.44765],[-87.39134,14.4494],[-87.3928,14.45205]]]}},{"type":"Feature","id":"27666195B57613210290297","properties":{"admin_level":2,"municipality_code":"27666195B57613210290297","municipality":"Villa de San Francisco","municipality_key":"villadesanfrancisco","department_code":"10453824B24427405220616","department":"Francisco Morazán","department_key":"franciscomorazan","join_key":"franciscomorazan|villadesanfrancisco","centroid_lat":14.19086,"centroid_lon":-86.95459},"geometry":{"type":"Polygon","coordinates":[[[-86.89668,14.23082],[-86.89706,14.21139],[-86.90298,14.20897],[-86.89885,14.19899],[-86.90642,14.19053],[-86.91056,14.19119],[-86.92374,14.18333],[-86.92311,14.17889],[-86.92944,14.17253],[-86.92498,14.167],[-86.92044,14.1702],[-86.91133,14.16911],[-86.89755,14.15922],[-86.90774,14.14387],[-86.91334,14.15062],[-86.94576,14.15838],[-86.95494,14.16489],[-86.97911,14.16339],[-86.99369,14.16838],[-87.00718,14.23761],[-86.96682,14.22905],[-86.95975,14.2308],[-86.95026,14.22529],[-86.89668,14.23082]]]}},{"type":"Feature","id":"27666195B1442019449651","properties":{"admin_level":2,"municipality_code":"27666195B1442019449651","municipality":"Ahuas","municipality_key":"ahuas","department_code":"10453824B77004064719389","department":"Gracias a Dios","department_key":"graciasadios","join_key":"graciasadios|ahuas","centroid_lat":15.49312,"centroid_lon":-84.30309},"geometry":{"type":"Polygon","coordinates":[[[-84.19476,15.72757],[-84.19843,15.71019],[-84.19886,15.67885],[-84.18756,15.61796],[-84.18962,15.5406],[-84.19743,15.52299],[-84.21951,15.53608],[-84.23028,15.53855],[-84.23842,15.52691],[-84.22585,15.5125],[-84.22483,15.50619],[-84.2031,15.49516],[-84.20451,15.46604],[-84.1993,15.48057],[-84.20107,15.46591],[-84.1924,15.40937],[-84.1953,15.39642],[-84.19164,15.3914],[-84.19367,15.37922],[-84.19092,15.37557],[-84.19757,15.36707],[-84.20839,15.35998],[-84.20986,15.35458],[-84.20583,15.34232],[-84.21007,15.33921],[-84.21017,15.33153],[-84.21396,15.32751],[-84.21219,15.31981],[-84.21841,15.30814],[-84.22499,15.30415],[-84.22793,15.29379],[-84.23258,15.29476],[-84.2387,15.29077],[-84.23737,15.28533],[-84.24453,15.27276],[-84.24143,15.26052],[-84.25881,15.25034],[-84.26597,15.23733],[-84.27908,15.23342],[-84.28698,15.23487],[-84.30435,15.2256],[-84.30446,15.21701],[-84.31673,15.20541],[-84.31866,15.20001],[-84.33122,15.20242],[-84.33348,15.20742],[-84.34095,15.20661],[-84.3411,15.19486],[-84.35044,15.19362],[-84.35331,15.18777],[-84.37009,15.18752],[-84.37717,15.18083],[-84.39536,15.17969],[-84.40813,15.17437],[-84.42556,15.26974],[-84.48063,15.38299],[-84.49841,15.4087],[-84.48909,15.40724],[-84.48707,15.42033],[-84.48935,15.42442],[-84.50051,15.42771],[-84.50184,15.43361],[-84.49948,15.43584],[-84.48693,15.43162],[-84.48148,15.41891],[-84.47492,15.42154],[-84.47104,15.4337],[-84.47379,15.43735],[-84.48734,15.4366],[-84.49057,15.4389],[-84.49238,15.44389],[-84.48954,15.44702],[-84.4825,15.45056],[-84.4699,15.45041],[-84.4635,15.43904],[-84.44894,15.44655],[-84.43731,15.4437],[-84.43587,15.4473],[-84.44792,15.45422],[-84.44346,15.47496],[-84.42517,15.48198],[-84.40333,15.47403],[-84.38915,15.48833],[-84.39284,15.49108],[-84.40406,15.48986],[-84.40212,15.49571],[-84.39508,15.49879],[-84.38482,15.49776],[-84.38144,15.50722],[-84.37392,15.51074],[-84.37023,15.50753],[-84.36756,15.49756],[-84.36147,15.49884],[-84.36046,15.50515],[-84.36405,15.51604],[-84.35556,15.52272],[-84.35687,15.52997],[-84.3526,15.53534],[-84.35206,15.54121],[-84.35385,15.5471],[-84.35846,15.55168],[-84.37479,15.55233],[-84.38473,15.54161],[-84.38987,15.54167],[-84.3884,15.54707],[-84.3752,15.55686],[-84.36946,15.56718],[-84.36937,15.57441],[-84.37718,15.58445],[-84.3692,15.58752],[-84.3687,15.59022],[-84.37985,15.59488],[-84.3695,15.60018],[-84.36806,15.60378],[-84.38017,15.60618],[-84.38,15.61884],[-84.38602,15.62343],[-84.38222,15.62836],[-84.37286,15.6296],[-84.37188,15.6332],[-84.38486,15.64059],[-84.3956,15.64072],[-84.39692,15.64752],[-84.38198,15.65442],[-84.37353,15.66343],[-84.35999,15.66248],[-84.35902,15.67016],[-84.36695,15.67199],[-84.38006,15.66661],[-84.38518,15.67115],[-84.38516,15.67477],[-84.37532,15.68287],[-84.36459,15.67786],[-84.35475,15.68687],[-84.35243,15.68279],[-84.34962,15.68323],[-84.34726,15.6891],[-84.35421,15.70269],[-84.34441,15.69949],[-84.33923,15.71032],[-84.32942,15.70847],[-84.32334,15.71071],[-84.32142,15.722],[-84.31396,15.71971],[-84.30787,15.7215],[-84.30264,15.74182],[-84.30399,15.75358],[-84.28761,15.75984],[-84.28196,15.76841],[-84.29967,15.77978],[-84.29778,15.78429],[-84.2903,15.78516],[-84.28654,15.78876],[-84.2943,15.81076],[-84.25768,15.77859],[-84.20918,15.74298],[-84.19476,15.72757]]]}},{"type":"Feature","id":"27666195B63914214220022","properties":{"admin_level":2,"municipality_code":"27666195B63914214220022","municipality":"Brus Laguna","municipality_key":"bruslaguna","department_code":"10453824B77004064719389","department":"Gracias a Dios","department_key":"graciasadios","join_key":"graciasadios|bruslaguna","centroid_lat":15.44137,"centroid_lon":-84.74553},"geometry":{"type":"Polygon","coordinates":[[[-84.2943,15.81076],[-84.28654,15.78876],[-84.2903,15.78516],[-84.29778,15.78429],[-84.29967,15.77978],[-84.28196,15.76841],[-84.28761,15.75984],[-84.30399,15.75358],[-84.30264,15.74182],[-84.30787,15.7215],[-84.31396,15.71971],[-84.32142,15.722],[-84.32334,15.71071],[-84.32942,15.70847],[-84.33923,15.71032],[-84.34441,15.69949],[-84.35421,15.70269],[-84.34726,15.6891],[-84.34962,15.68323],[-84.35243,15.68279],[-84.35475,15.68687],[-84.36459,15.67786],[-84.37532,15.68287],[-84.38516,15.67477],[-84.38518,15.67115],[-84.38006,15.66661],[-84.36695,15.67199],[-84.35902,15.67016],[-84.35999,15.66248],[-84.37353,15.66343],[-84.38198,15.65442],[-84.39692,15.64752],[-84.3956,15.64072],[-84.38486,15.64059],[-84.37188,15.6332],[-84.37286,15.6296],[-84.38222,15.62836],[-84.38602,15.62343],[-84.38,15.61884],[-84.38017,15.60618],[-84.36806,15.60378],[-84.3695,15.60018],[-84.37985,15.59488],[-84.3687,15.59022],[-84.3692,15.58752],[-84.37718,15.58445],[-84.36937,15.57441],[-84.36946,15.56718],[-84.3752,15.55686],[-84.3884,15.54707],[-84.38987,15.54167],[-84.38473,15.54161],[-84.37479,15.55233],[-84.35846,15.55168],[-84.35385,15.5471],[-84.35206,15.54121],[-84.3526,15.53534],[-84.35687,15.52997],[-84.35556,15.52272],[-84.36405,15.51604],[-84.36046,15.50515],[-84.36147,15.49884],[-84.36756,15.49756],[-84.37023,15.50753],[-84.37392,15.51074],[-84.38144,15.50722],[-84.38482,15.49776],[-84.39508,15.49879],[-84.40212,15.49571],[-84.40406,15.48986],[-84.39284,15.49108],[-84.38915,15.48833],[-84.40333,15.47403],[-84.42517,15.48198],[-84.44346,15.47496],[-84.44792,15.45422],[-84.43587,15.4473],[-84.43731,15.4437],[-84.44894,15.44655],[-84.4635,15.43904],[-84.4699,15.45041],[-84.4825,15.45056],[-84.48954,15.44702],[-84.49238,15.44389],[-84.49057,15.4389],[-84.48734,15.4366],[-84.47379,15.43735],[-84.47109,15.42963],[-84.47492,15.42154],[-84.48148,15.41891],[-84.48693,15.43162],[-84.49948,15.43584],[-84.50184,15.43361],[-84.50051,15.42771],[-84.48935,15.42442],[-84.48707,15.42033],[-84.48909,15.40724],[-84.49841,15.4087],[-84.50161,15.41371],[-84.51838,15.41662],[-84.51518,15.41116],[-84.51578,15.39986],[-84.50749,15.39118],[-84.51051,15.37223],[-84.52174,15.36965],[-84.54926,15.37041],[-84.55574,15.37455],[-84.55997,15.37234],[-84.56049,15.36782],[-84.54979,15.36454],[-84.54658,15.36043],[-84.5494,15.35821],[-84.56054,15.36285],[-84.5616,15.35247],[-84.5748,15.34086],[-84.57439,15.33588],[-84.56977,15.33176],[-84.57318,15.3196],[-84.56764,15.31456],[-84.56678,15.30822],[-84.57245,15.30196],[-84.58313,15.3066],[-84.59293,15.30625],[-84.59772,15.29501],[-84.61562,15.27983],[-84.61953,15.26405],[-84.61495,15.25677],[-84.61918,15.2541],[-84.61921,15.25094],[-84.61036,15.25084],[-84.60619,15.24808],[-84.6105,15.23864],[-84.6093,15.22054],[-84.61074,15.21694],[-84.61401,15.21698],[-84.61764,15.22515],[-84.62275,15.22702],[-84.6279,15.22527],[-84.62935,15.22031],[-84.62478,15.21303],[-84.62768,15.20311],[-84.6324,15.19864],[-84.64222,15.19603],[-84.64367,15.19108],[-84.64232,15.18654],[-84.63444,15.18329],[-84.63499,15.17561],[-84.62659,15.17598],[-84.62336,15.17323],[-84.62589,15.15608],[-84.62418,15.14204],[-84.62798,15.13621],[-84.63687,15.13269],[-84.65362,15.13558],[-84.65753,15.11889],[-84.6534,15.11297],[-84.65854,15.11212],[-84.66549,15.11581],[-84.68224,15.1178],[-84.68771,15.12916],[-84.69189,15.13011],[-84.7394,15.09036],[-84.76704,15.07618],[-84.7871,15.07412],[-84.80661,15.07929],[-84.81594,15.07848],[-84.81839,15.06674],[-84.82965,15.06007],[-84.83258,15.04654],[-84.84005,15.0448],[-84.84479,15.03671],[-84.85777,15.04362],[-84.87362,15.04242],[-84.88492,15.03122],[-84.88314,15.02216],[-84.88599,15.01721],[-84.8916,15.01501],[-84.9004,15.02006],[-84.9046,15.0192],[-84.91189,14.98898],[-84.93122,14.96519],[-84.94906,14.95089],[-84.95409,14.95998],[-84.98996,14.9594],[-84.99979,14.96638],[-84.99957,15.46485],[-84.99282,15.47163],[-84.97788,15.46664],[-84.97321,15.47026],[-84.96294,15.4707],[-84.95405,15.48879],[-84.97365,15.50237],[-84.9713,15.50915],[-84.98016,15.52182],[-84.98574,15.54579],[-84.98152,15.56071],[-84.97685,15.56297],[-84.97171,15.56116],[-84.96237,15.56522],[-84.96049,15.57607],[-84.97356,15.57879],[-84.97496,15.58151],[-84.95579,15.59325],[-84.95298,15.60003],[-84.95531,15.60998],[-84.94783,15.61405],[-84.94363,15.60636],[-84.93476,15.60002],[-84.93009,15.60001],[-84.9212,15.6095],[-84.92025,15.62126],[-84.91511,15.62532],[-84.91274,15.64612],[-84.90011,15.65606],[-84.8931,15.65786],[-84.89122,15.66057],[-84.89401,15.67188],[-84.88839,15.68001],[-84.88231,15.68091],[-84.87252,15.66959],[-84.86317,15.67139],[-84.85428,15.67952],[-84.85054,15.67861],[-84.84914,15.67363],[-84.83793,15.67271],[-84.82995,15.69079],[-84.82387,15.69575],[-84.82667,15.69892],[-84.81543,15.70614],[-84.81725,15.73593],[-84.83262,15.79389],[-84.83572,15.80321],[-84.84205,15.80947],[-84.85136,15.8364],[-84.85128,15.84466],[-84.86282,15.86232],[-84.86789,15.88714],[-84.86982,15.92661],[-84.84897,15.91998],[-84.84318,15.91388],[-84.84394,15.90391],[-84.84729,15.89841],[-84.85279,15.89212],[-84.86098,15.89204],[-84.86052,15.88974],[-84.8534,15.88845],[-84.86044,15.88045],[-84.85191,15.87549],[-84.84914,15.85816],[-84.84431,15.85034],[-84.83777,15.85135],[-84.83755,15.84676],[-84.82881,15.83778],[-84.81861,15.83476],[-84.81314,15.83578],[-84.813,15.84025],[-84.80849,15.83909],[-84.80633,15.8447],[-84.77105,15.84755],[-84.75622,15.86745],[-84.75821,15.87319],[-84.75262,15.87443],[-84.7597,15.88501],[-84.77426,15.89344],[-84.83808,15.91192],[-84.84707,15.92009],[-84.8698,15.92905],[-84.86924,15.93203],[-84.83661,15.92143],[-84.82287,15.91312],[-84.79903,15.90443],[-84.76844,15.89422],[-84.75609,15.89337],[-84.74875,15.88875],[-84.73095,15.88582],[-84.7146,15.87749],[-84.65633,15.86899],[-84.64901,15.86162],[-84.65676,15.85718],[-84.66286,15.84791],[-84.66536,15.82613],[-84.67233,15.80942],[-84.66742,15.79678],[-84.64925,15.77617],[-84.62943,15.77551],[-84.6162,15.78417],[-84.6126,15.79241],[-84.61905,15.80505],[-84.61649,15.81697],[-84.59875,15.80508],[-84.59513,15.79474],[-84.58593,15.78472],[-84.57918,15.7817],[-84.56126,15.78116],[-84.5543,15.77367],[-84.54979,15.77434],[-84.5526,15.78135],[-84.5417,15.77774],[-84.5406,15.78198],[-84.5318,15.78458],[-84.53542,15.79468],[-84.53079,15.79558],[-84.53136,15.79868],[-84.51616,15.79952],[-84.51053,15.80832],[-84.50425,15.80589],[-84.49896,15.81664],[-84.48775,15.80649],[-84.48357,15.80991],[-84.4892,15.82141],[-84.50071,15.82261],[-84.50484,15.82653],[-84.50243,15.83179],[-84.51545,15.83782],[-84.57892,15.84696],[-84.61139,15.85755],[-84.63144,15.86096],[-84.62766,15.85739],[-84.63016,15.85706],[-84.64542,15.86653],[-84.58173,15.8534],[-84.55266,15.85028],[-84.47157,15.8306],[-84.31875,15.81875],[-84.29883,15.81542],[-84.2943,15.81076]]]}},{"type":"Feature","id":"27666195B12686081930969","properties":{"admin_level":2,"municipality_code":"27666195B12686081930969","municipality":"Juan Francisco  Bulnes","municipality_key":"juanfranciscobulnes","department_code":"10453824B77004064719389","department":"Gracias a Dios","department_key":"graciasadios","join_key":"graciasadios|juanfranciscobulnes","centroid_lat":15.72104,"centroid_lon":-84.90773},"geometry":{"type":"Polygon","coordinates":[[[-84.86982,15.92661],[-84.86789,15.88714],[-84.86282,15.86232],[-84.85128,15.84466],[-84.85136,15.8364],[-84.84205,15.80947],[-84.83572,15.80321],[-84.83262,15.79389],[-84.81725,15.73593],[-84.81543,15.70614],[-84.82667,15.69892],[-84.82387,15.69575],[-84.82995,15.69079],[-84.83793,15.67271],[-84.84914,15.67363],[-84.85054,15.67861],[-84.85428,15.67952],[-84.86317,15.67139],[-84.87252,15.66959],[-84.88231,15.68091],[-84.88839,15.68001],[-84.89401,15.67188],[-84.89122,15.66057],[-84.91274,15.64612],[-84.91511,15.62532],[-84.92025,15.62126],[-84.9212,15.6095],[-84.93009,15.60001],[-84.93476,15.60002],[-84.94363,15.60636],[-84.94783,15.61405],[-84.95531,15.60998],[-84.95298,15.60003],[-84.95579,15.59325],[-84.97496,15.58151],[-84.97356,15.57879],[-84.96049,15.57607],[-84.96237,15.56522],[-84.97171,15.56116],[-84.97685,15.56297],[-84.98152,15.56071],[-84.98574,15.54579],[-84.98016,15.52182],[-84.9713,15.50915],[-84.97365,15.50237],[-84.96572,15.49513],[-84.95545,15.49105],[-84.95499,15.48472],[-84.96294,15.4707],[-84.97321,15.47026],[-84.97788,15.46664],[-84.99282,15.47163],[-84.99957,15.46485],[-84.99867,15.98237],[-84.9747,15.97212],[-84.93587,15.96409],[-84.92533,15.95706],[-84.92771,15.95466],[-84.94006,15.95745],[-84.96105,15.96761],[-84.9778,15.96903],[-84.98212,15.95941],[-84.97783,15.96204],[-84.9784,15.9672],[-84.97175,15.96741],[-84.95608,15.96381],[-84.95052,15.95633],[-84.96689,15.93367],[-84.9595,15.93915],[-84.9588,15.93709],[-84.94936,15.94887],[-84.94308,15.94507],[-84.94506,15.95494],[-84.92701,15.9519],[-84.9232,15.95407],[-84.92036,15.95142],[-84.92482,15.93549],[-84.92044,15.93272],[-84.89275,15.93527],[-84.86982,15.92661]]]}},{"type":"Feature","id":"27666195B20969327250579","properties":{"admin_level":2,"municipality_code":"27666195B20969327250579","municipality":"Puerto Lempira","municipality_key":"puertolempira","department_code":"10453824B77004064719389","department":"Gracias a Dios","department_key":"graciasadios","join_key":"graciasadios|puertolempira","centroid_lat":15.07181,"centroid_lon":-83.98167},"geometry":{"type":"MultiPolygon","coordinates":[[[[-84.19906,15.45692],[-84.1953,15.4927],[-84.19116,15.49165],[-84.19097,15.485],[-84.18613,15.48347],[-84.16759,15.48978],[-84.16484,15.49343],[-84.17553,15.50542],[-84.17568,15.51792],[-84.17139,15.52053],[-84.15186,15.51754],[-84.15354,15.51491],[-84.14715,15.51304],[-84.1511,15.50859],[-84.13903,15.5053],[-84.13569,15.49336],[-84.12412,15.48789],[-84.12369,15.46748],[-84.10692,15.44502],[-84.11014,15.42727],[-84.1213,15.42401],[-84.1233,15.42632],[-84.12079,15.42951],[-84.12526,15.43252],[-84.13789,15.42343],[-84.13125,15.4094],[-84.14015,15.40705],[-84.14035,15.39673],[-84.13053,15.3797],[-84.12753,15.36856],[-84.10452,15.34273],[-84.08257,15.3333],[-84.05878,15.33268],[-84.0708,15.32508],[-84.07154,15.32107],[-84.06836,15.3191],[-84.06203,15.32674],[-84.04122,15.32236],[-84.03586,15.32634],[-84.034,15.3371],[-84.03511,15.34605],[-84.04564,15.36252],[-84.04301,15.36491],[-84.03708,15.35111],[-84.02931,15.3459],[-84.02583,15.33785],[-84.02098,15.33644],[-84.02632,15.32043],[-84.02713,15.30828],[-84.02274,15.29507],[-84.0159,15.29238],[-84.0011,15.29251],[-83.97931,15.29385],[-83.94943,15.30029],[-83.94423,15.29853],[-83.96024,15.29463],[-83.95889,15.28717],[-83.9725,15.28646],[-83.96907,15.27245],[-83.97652,15.27377],[-83.97673,15.2623],[-83.96469,15.25878],[-83.93427,15.23082],[-83.91771,15.23105],[-83.8891,15.24092],[-83.84809,15.24864],[-83.84009,15.25729],[-83.84165,15.26819],[-83.87641,15.2845],[-83.88934,15.29515],[-83.89089,15.30731],[-83.90091,15.31254],[-83.89883,15.31975],[-83.87896,15.31846],[-83.87728,15.32039],[-83.87939,15.32316],[-83.90556,15.32163],[-83.91157,15.32535],[-83.92612,15.32637],[-83.92555,15.3235],[-83.91103,15.31881],[-83.91214,15.31343],[-83.92551,15.31421],[-83.94217,15.31835],[-83.96162,15.32823],[-83.97322,15.32877],[-83.9805,15.33559],[-83.98699,15.33747],[-83.99967,15.33606],[-84.01386,15.33891],[-84.03433,15.35453],[-84.03872,15.36843],[-84.04676,15.37032],[-84.04092,15.37418],[-84.04744,15.37411],[-84.0526,15.37953],[-84.05258,15.38286],[-84.04796,15.38306],[-84.04874,15.38902],[-84.03224,15.3935],[-84.01894,15.38366],[-83.99975,15.38364],[-84.0144,15.38798],[-84.01799,15.39787],[-84.02393,15.39631],[-84.02424,15.40101],[-84.02056,15.4019],[-83.97857,15.39622],[-83.98146,15.39016],[-83.97702,15.38302],[-83.97214,15.38631],[-83.9766,15.39093],[-83.97492,15.39401],[-83.96417,15.39015],[-83.93355,15.37079],[-83.92005,15.35705],[-83.89529,15.34506],[-83.88431,15.32927],[-83.86829,15.31998],[-83.85728,15.32058],[-83.83484,15.31457],[-83.82527,15.29982],[-83.80949,15.29099],[-83.80726,15.28879],[-83.81101,15.27954],[-83.82815,15.26901],[-83.83092,15.26341],[-83.82514,15.26142],[-83.82038,15.26402],[-83.82523,15.26452],[-83.82214,15.26598],[-83.80401,15.26882],[-83.79985,15.27085],[-83.79777,15.27783],[-83.78852,15.28028],[-83.78562,15.27395],[-83.77295,15.26227],[-83.77067,15.25332],[-83.77326,15.24187],[-83.78119,15.22864],[-83.77229,15.2053],[-83.77672,15.19972],[-83.77149,15.18948],[-83.77652,15.18287],[-83.77466,15.17965],[-83.76567,15.17912],[-83.764,15.18105],[-83.76878,15.18865],[-83.76771,15.20171],[-83.76404,15.18908],[-83.76374,15.19629],[-83.75864,15.19752],[-83.76083,15.20407],[-83.75963,15.20623],[-83.75514,15.20517],[-83.74361,15.199],[-83.74912,15.19102],[-83.74743,15.18253],[-83.75164,15.17488],[-83.7486,15.17107],[-83.7449,15.17483],[-83.74594,15.18928],[-83.74138,15.19646],[-83.72754,15.19624],[-83.71969,15.20144],[-83.7117,15.23267],[-83.69624,15.24114],[-83.68154,15.244],[-83.67672,15.25313],[-83.65903,15.25951],[-83.65349,15.26955],[-83.64949,15.29141],[-83.63412,15.30113],[-83.63681,15.29244],[-83.63446,15.29116],[-83.62415,15.29233],[-83.5991,15.28879],[-83.59458,15.2915],[-83.59246,15.29068],[-83.59289,15.28278],[-83.58949,15.28057],[-83.58485,15.28271],[-83.57529,15.28022],[-83.56792,15.28325],[-83.55565,15.28005],[-83.55161,15.29376],[-83.54684,15.28547],[-83.55003,15.27427],[-83.54588,15.26391],[-83.53156,15.25347],[-83.54049,15.24794],[-83.55174,15.23486],[-83.55216,15.22822],[-83.5479,15.21695],[-83.5624,15.21077],[-83.56138,15.20584],[-83.55423,15.19947],[-83.56149,15.19541],[-83.56893,15.19616],[-83.59298,15.228],[-83.60734,15.23489],[-83.61765,15.23257],[-83.62538,15.21705],[-83.62228,15.20728],[-83.63691,15.19892],[-83.64462,15.18466],[-83.64447,15.17595],[-83.63962,15.16388],[-83.63299,15.16451],[-83.62844,15.171],[-83.6261,15.18004],[-83.62951,15.19405],[-83.61575,15.21032],[-83.6133,15.20629],[-83.61798,15.17619],[-83.61465,15.16573],[-83.60621,15.15821],[-83.58341,15.15595],[-83.581,15.13725],[-83.57868,15.14456],[-83.5797,15.16039],[-83.56694,15.1707],[-83.5622,15.1835],[-83.55165,15.19807],[-83.55862,15.20982],[-83.54795,15.21259],[-83.53211,15.21199],[-83.52391,15.20378],[-83.51825,15.20224],[-83.50412,15.20727],[-83.49837,15.21421],[-83.49995,15.22225],[-83.52118,15.23848],[-83.53035,15.25564],[-83.54127,15.26387],[-83.53906,15.27107],[-83.53229,15.27388],[-83.53135,15.28498],[-83.53615,15.28961],[-83.55359,15.29653],[-83.558,15.30436],[-83.6112,15.32122],[-83.65266,15.34129],[-83.66058,15.34261],[-83.64142,15.3295],[-83.60276,15.31312],[-83.61083,15.31159],[-83.62005,15.30066],[-83.62822,15.29947],[-83.63488,15.30813],[-83.64868,15.31306],[-83.6321,15.31452],[-83.62969,15.31828],[-83.6517,15.31847],[-83.65557,15.32229],[-83.65455,15.33007],[-83.65938,15.33252],[-83.66537,15.32478],[-83.65971,15.32289],[-83.66596,15.31298],[-83.67172,15.32873],[-83.68029,15.33648],[-83.68408,15.33559],[-83.68415,15.32872],[-83.68652,15.32828],[-83.69068,15.33897],[-83.70303,15.34698],[-83.73879,15.35782],[-83.74002,15.36528],[-83.73401,15.37555],[-83.72445,15.38429],[-83.72221,15.38382],[-83.72438,15.37914],[-83.72178,15.379],[-83.73168,15.37129],[-83.7193,15.37783],[-83.72004,15.38735],[-83.72538,15.38637],[-83.72174,15.39539],[-83.67413,15.36084],[-83.61124,15.3289],[-83.481,15.29094],[-83.43874,15.27107],[-83.42623,15.2687],[-83.42863,15.24823],[-83.42627,15.23433],[-83.42975,15.22534],[-83.44146,15.21775],[-83.44539,15.19248],[-83.44821,15.18934],[-83.45846,15.18851],[-83.46783,15.1818],[-83.47805,15.18459],[-83.48227,15.18191],[-83.48561,15.17109],[-83.49735,15.15898],[-83.49192,15.13906],[-83.49803,15.13143],[-83.50327,15.11655],[-83.50702,15.11297],[-83.51541,15.11167],[-83.52466,15.11987],[-83.54466,15.12181],[-83.54981,15.11913],[-83.55359,15.11148],[-83.54941,15.10919],[-83.53638,15.10956],[-83.53409,15.10412],[-83.55272,15.10334],[-83.55793,15.09073],[-83.55103,15.07984],[-83.55672,15.06632],[-83.55515,15.02701],[-83.56359,15.01081],[-83.56655,14.98816],[-83.56177,14.96288],[-83.55674,14.95272],[-83.55705,14.93717],[-83.56051,14.92992],[-83.5583,14.91409],[-83.5639,14.91097],[-83.57223,14.9178],[-83.58158,14.91063],[-83.58805,14.917],[-83.5955,14.91524],[-83.59786,14.91118],[-83.59417,14.90709],[-83.59513,14.90168],[-83.61283,14.89863],[-83.61056,14.89093],[-83.61673,14.87335],[-83.61542,14.86115],[-83.62239,14.86209],[-83.62228,14.87745],[-83.63621,14.88115],[-83.66368,14.87726],[-83.68467,14.8688],[-83.69438,14.87654],[-83.69673,14.87339],[-83.69635,14.86073],[-83.71826,14.85182],[-83.71736,14.8473],[-83.70525,14.8513],[-83.70014,14.84901],[-83.69699,14.83318],[-83.69841,14.82912],[-83.70542,14.82509],[-83.70859,14.83776],[-83.71602,14.83871],[-83.72861,14.83426],[-83.73324,14.837],[-83.73737,14.84561],[-83.74063,14.84563],[-83.74344,14.84293],[-83.74253,14.83976],[-83.73004,14.82795],[-83.73427,14.82164],[-83.73986,14.82032],[-83.74678,14.8294],[-83.75236,14.82898],[-83.75526,14.81182],[-83.75994,14.80733],[-83.76691,14.80782],[-83.77432,14.81283],[-83.78123,14.82326],[-83.78543,14.82148],[-83.78504,14.80928],[-83.78971,14.80478],[-83.79948,14.80393],[-83.81153,14.81168],[-83.81618,14.8117],[-83.81667,14.80719],[-83.81251,14.8031],[-83.79394,14.79758],[-83.79538,14.7899],[-83.80791,14.79404],[-83.8177,14.79092],[-83.82653,14.79187],[-83.84523,14.7739],[-83.86151,14.77262],[-83.8741,14.76727],[-83.87734,14.76954],[-83.87727,14.78219],[-83.88283,14.78539],[-83.8875,14.78179],[-83.88712,14.76643],[-83.89318,14.7642],[-83.89734,14.76919],[-83.89214,14.78453],[-83.89864,14.78546],[-83.90428,14.776],[-83.90753,14.77557],[-83.9103,14.7801],[-83.90933,14.78778],[-83.91582,14.79052],[-83.91957,14.78557],[-83.91683,14.77651],[-83.91825,14.77245],[-83.93079,14.77387],[-83.935,14.76937],[-83.92484,14.75622],[-83.92813,14.75036],[-83.93837,14.7486],[-83.94763,14.75587],[-83.97419,14.7456],[-84.00669,14.75479],[-84.02395,14.74402],[-84.04484,14.75179],[-84.04574,14.75631],[-84.04106,14.76398],[-84.04707,14.76988],[-84.06991,14.75913],[-84.08247,14.75828],[-84.08559,14.78722],[-84.09999,14.79134],[-84.11304,14.78597],[-84.11729,14.77152],[-84.10205,14.74751],[-84.097,14.73438],[-84.09841,14.73032],[-84.12165,14.73312],[-84.13563,14.7273],[-84.14869,14.71741],[-84.16916,14.71387],[-84.19379,14.71848],[-84.21465,14.73483],[-84.22395,14.73486],[-84.22718,14.7412],[-84.22296,14.74932],[-84.22525,14.75701],[-84.23874,14.75887],[-84.24341,14.75256],[-84.26672,14.73952],[-84.2728,14.7305],[-84.27237,14.7201],[-84.26314,14.70199],[-84.26599,14.68528],[-84.25904,14.68028],[-84.25812,14.67576],[-84.27352,14.6627],[-84.28283,14.65911],[-84.29862,14.66323],[-84.30646,14.68134],[-84.31064,14.68316],[-84.31808,14.68137],[-84.32461,14.67551],[-84.3381,14.6751],[-84.34553,14.67829],[-84.35108,14.68599],[-84.35199,14.69232],[-84.34265,14.70405],[-84.35287,14.70634],[-84.36354,14.7136],[-84.36681,14.7109],[-84.36823,14.70096],[-84.37709,14.69465],[-84.38225,14.67975],[-84.40184,14.66217],[-84.41488,14.65497],[-84.41073,14.64366],[-84.41447,14.6387],[-84.42562,14.64008],[-84.43494,14.63197],[-84.46191,14.63203],[-84.46567,14.61757],[-84.46846,14.61577],[-84.49913,14.62172],[-84.50237,14.62444],[-84.50467,14.63439],[-84.51071,14.63666],[-84.52373,14.63669],[-84.5256,14.63172],[-84.52932,14.63037],[-84.53766,14.64486],[-84.52277,14.64935],[-84.52647,14.65704],[-84.55111,14.65755],[-84.56136,14.65124],[-84.56645,14.65848],[-84.57995,14.65489],[-84.58829,14.66485],[-84.59807,14.6599],[-84.6134,14.66535],[-84.62782,14.66402],[-84.63338,14.67624],[-84.66827,14.67222],[-84.67196,14.68715],[-84.68033,14.68716],[-84.69199,14.66638],[-84.69898,14.66142],[-84.70223,14.66233],[-84.70129,14.67227],[-84.70917,14.6872],[-84.71242,14.69037],[-84.72172,14.69129],[-84.72496,14.69763],[-84.73751,14.70397],[-84.73936,14.70985],[-84.74819,14.71574],[-84.74443,14.74242],[-84.75047,14.74378],[-84.76304,14.73882],[-84.76722,14.7429],[-84.76907,14.75421],[-84.76581,14.75601],[-84.75232,14.75283],[-84.74952,14.75644],[-84.75044,14.76051],[-84.75601,14.77047],[-84.78112,14.78316],[-84.79179,14.80488],[-84.78992,14.81077],[-84.7815,14.81863],[-84.77502,14.81952],[-84.76135,14.83593],[-84.73674,14.84742],[-84.72188,14.87659],[-84.7165,14.88035],[-84.71853,14.88095],[-84.70233,14.90269],[-84.6988,14.91762],[-84.67735,14.92941],[-84.67076,14.95427],[-84.5974,14.98616],[-84.56807,14.99579],[-84.55962,14.99522],[-84.54275,15.00533],[-84.53485,15.00606],[-84.50415,14.9996],[-84.48833,15.00279],[-84.47821,15.00734],[-84.47171,15.01571],[-84.46733,15.01703],[-84.46638,15.02629],[-84.45323,15.04927],[-84.44348,15.05163],[-84.43133,15.04867],[-84.41032,15.06243],[-84.40811,15.0773],[-84.41568,15.08034],[-84.43639,15.11217],[-84.43487,15.12169],[-84.4271,15.12915],[-84.42344,15.1289],[-84.42522,15.13325],[-84.42018,15.14321],[-84.41135,15.14441],[-84.40451,15.1512],[-84.40263,15.16168],[-84.40867,15.16333],[-84.40813,15.17437],[-84.39536,15.17969],[-84.37717,15.18083],[-84.37009,15.18752],[-84.35331,15.18777],[-84.35044,15.19362],[-84.3411,15.19486],[-84.34095,15.20661],[-84.33348,15.20742],[-84.33122,15.20242],[-84.31866,15.20001],[-84.31673,15.20541],[-84.30446,15.21701],[-84.30435,15.2256],[-84.28698,15.23487],[-84.27908,15.23342],[-84.26597,15.23733],[-84.25881,15.25034],[-84.24143,15.26052],[-84.24453,15.27276],[-84.23737,15.28533],[-84.2387,15.29077],[-84.23258,15.29476],[-84.22793,15.29379],[-84.22499,15.30415],[-84.21841,15.30814],[-84.21219,15.31981],[-84.21396,15.32751],[-84.21017,15.33153],[-84.21007,15.33921],[-84.20583,15.34232],[-84.20986,15.35458],[-84.20839,15.35998],[-84.19757,15.36707],[-84.19092,15.37557],[-84.19367,15.37922],[-84.19164,15.3914],[-84.1953,15.39642],[-84.1924,15.40937],[-84.19906,15.45692]]],[[[-84.19476,15.72757],[-84.15741,15.69992],[-84.16118,15.6981],[-84.16122,15.69404],[-84.16986,15.69016],[-84.16037,15.68589],[-84.16172,15.69133],[-84.1567,15.69828],[-84.15271,15.69664],[-84.0771,15.63192],[-83.97826,15.5363],[-83.94111,15.50967],[-83.88997,15.46446],[-83.82733,15.42398],[-83.76961,15.40369],[-83.75347,15.39542],[-83.72887,15.39258],[-83.73592,15.38622],[-83.73887,15.37479],[-83.75975,15.37026],[-83.81393,15.41287],[-83.84448,15.42686],[-83.85917,15.42571],[-83.87647,15.43822],[-83.91142,15.43723],[-83.92099,15.43948],[-83.93534,15.45173],[-83.92658,15.45075],[-83.92729,15.46417],[-83.93276,15.47556],[-83.93945,15.48329],[-83.96126,15.4948],[-83.96244,15.5039],[-83.96952,15.49956],[-83.9841,15.49852],[-84.01772,15.51584],[-84.02969,15.51661],[-84.04265,15.52495],[-84.05343,15.52514],[-84.05902,15.52312],[-84.04966,15.52282],[-84.04802,15.52017],[-84.05908,15.50064],[-84.06816,15.49245],[-84.07983,15.49975],[-84.10411,15.50049],[-84.11552,15.51169],[-84.10061,15.50941],[-84.09202,15.51669],[-84.08551,15.53063],[-84.08568,15.53877],[-84.09087,15.5419],[-84.10287,15.53763],[-84.11353,15.53919],[-84.12673,15.53286],[-84.13024,15.52428],[-84.1277,15.51452],[-84.11637,15.50928],[-84.11433,15.49758],[-84.10775,15.49065],[-84.10991,15.48631],[-84.09939,15.48349],[-84.0989,15.48624],[-84.10314,15.48867],[-84.09755,15.49093],[-84.08883,15.48514],[-84.0922,15.4792],[-84.09898,15.47603],[-84.10068,15.47077],[-84.11203,15.47303],[-84.1198,15.4803],[-84.11927,15.48672],[-84.1307,15.49527],[-84.13928,15.5201],[-84.15235,15.53016],[-84.1676,15.5353],[-84.18089,15.53297],[-84.19743,15.52299],[-84.18962,15.5406],[-84.18756,15.61796],[-84.19886,15.67885],[-84.19843,15.71019],[-84.19476,15.72757]],[[-84.15537,15.68106],[-84.16001,15.67459],[-84.15267,15.66096],[-84.15688,15.66009],[-84.16432,15.66422],[-84.16668,15.66153],[-84.16038,15.63661],[-84.17011,15.64528],[-84.17341,15.6426],[-84.17492,15.63176],[-84.17169,15.62721],[-84.1465,15.62293],[-84.14524,15.60755],[-84.14763,15.6026],[-84.14402,15.58991],[-84.14413,15.5777],[-84.14649,15.57592],[-84.1544,15.57914],[-84.16656,15.57789],[-84.16524,15.56929],[-84.15501,15.56468],[-84.15076,15.56917],[-84.14338,15.55961],[-84.1243,15.55222],[-84.1084,15.55345],[-84.09855,15.55788],[-84.08722,15.56999],[-84.08317,15.60115],[-84.09833,15.6266],[-84.1192,15.6426],[-84.13413,15.64453],[-84.14257,15.64234],[-84.14881,15.62567],[-84.17212,15.63083],[-84.17016,15.64031],[-84.16322,15.63347],[-84.15899,15.63524],[-84.15976,15.65288],[-84.15035,15.65913],[-84.15076,15.66501],[-84.15722,15.67321],[-84.15439,15.67635],[-84.15537,15.68106]],[[-84.18635,15.68301],[-84.19262,15.68615],[-84.19543,15.68527],[-84.18989,15.67799],[-84.18635,15.68301]]],[[[-84.07368,15.47948],[-84.05611,15.47227],[-84.05428,15.4587],[-84.03966,15.41833],[-84.048,15.40636],[-84.05352,15.40987],[-84.05346,15.42285],[-84.06159,15.43558],[-84.06162,15.45062],[-84.07465,15.46869],[-84.08311,15.47418],[-84.08432,15.48155],[-84.07823,15.4847],[-84.07368,15.47948]]],[[[-84.07271,15.49073],[-84.07516,15.48409],[-84.09918,15.49596],[-84.08516,15.49879],[-84.07271,15.49073]]]]}},{"type":"Feature","id":"27666195B49147516395854","properties":{"admin_level":2,"municipality_code":"27666195B49147516395854","municipality":"Ramón Villeda Morales","municipality_key":"ramonvilledamorales","department_code":"10453824B77004064719389","department":"Gracias a Dios","department_key":"graciasadios","join_key":"graciasadios|ramonvilledamorales","centroid_lat":15.09789,"centroid_lon":-83.43585},"geometry":{"type":"Polygon","coordinates":[[[-83.55705,14.93717],[-83.55674,14.95272],[-83.56177,14.96288],[-83.56655,14.98816],[-83.56359,15.01081],[-83.55515,15.02701],[-83.55672,15.06632],[-83.55103,15.07984],[-83.55793,15.09073],[-83.55272,15.10334],[-83.53409,15.10412],[-83.53638,15.10956],[-83.54941,15.10919],[-83.55359,15.11148],[-83.54981,15.11913],[-83.54466,15.12181],[-83.52466,15.11987],[-83.51541,15.11167],[-83.50702,15.11297],[-83.50327,15.11655],[-83.49803,15.13143],[-83.49192,15.13906],[-83.49735,15.15898],[-83.48561,15.17109],[-83.48227,15.18191],[-83.47805,15.18459],[-83.46783,15.1818],[-83.45846,15.18851],[-83.44821,15.18934],[-83.44539,15.19248],[-83.44146,15.21775],[-83.42975,15.22534],[-83.42627,15.23433],[-83.42863,15.24823],[-83.42623,15.2687],[-83.39868,15.25625],[-83.37258,15.23129],[-83.35333,15.20083],[-83.35392,15.18953],[-83.34588,15.15646],[-83.33316,15.12561],[-83.31349,15.09243],[-83.28723,15.06597],[-83.26785,15.04907],[-83.23548,15.02889],[-83.18219,15.0076],[-83.16917,15.00567],[-83.15015,14.9955],[-83.16646,14.99248],[-83.17487,14.98803],[-83.19248,14.9954],[-83.20224,14.99593],[-83.2167,14.99154],[-83.2354,14.98085],[-83.25255,14.98776],[-83.28,14.98752],[-83.27913,14.98074],[-83.2852,14.97808],[-83.29123,14.97993],[-83.29306,14.98401],[-83.29116,14.98806],[-83.27622,14.99427],[-83.2794,15.00333],[-83.29387,14.99757],[-83.30877,14.99633],[-83.34169,15.00968],[-83.34775,15.00792],[-83.34874,15.0016],[-83.34599,14.99661],[-83.3502,14.99394],[-83.35992,14.99988],[-83.36307,15.0121],[-83.38771,15.01544],[-83.39879,15.02637],[-83.40622,15.02733],[-83.40768,15.01966],[-83.40305,15.01646],[-83.40778,15.00701],[-83.40787,14.99662],[-83.41575,14.99939],[-83.42375,14.98906],[-83.43162,14.99363],[-83.44001,14.99234],[-83.44938,14.98337],[-83.45638,14.98071],[-83.46613,14.98303],[-83.46935,14.98848],[-83.47958,14.98945],[-83.479,15.00345],[-83.48644,15.00441],[-83.49478,15.00989],[-83.5013,15.00903],[-83.51114,15.00006],[-83.51447,14.98969],[-83.52656,14.99158],[-83.5266,14.98616],[-83.52153,14.9798],[-83.5253,14.97305],[-83.52995,14.97399],[-83.53455,14.98034],[-83.53875,14.97902],[-83.53703,14.96003],[-83.53055,14.95547],[-83.53013,14.94959],[-83.54037,14.94831],[-83.54312,14.9542],[-83.54637,14.95512],[-83.54735,14.94835],[-83.53857,14.94062],[-83.54418,14.93659],[-83.55705,14.93717]]]}},{"type":"Feature","id":"27666195B3053537582037","properties":{"admin_level":2,"municipality_code":"27666195B3053537582037","municipality":"Wampusirpi","municipality_key":"wampusirpi","department_code":"10453824B77004064719389","department":"Gracias a Dios","department_key":"graciasadios","join_key":"graciasadios|wampusirpi","centroid_lat":15.07043,"centroid_lon":-84.61308},"geometry":{"type":"Polygon","coordinates":[[[-84.40813,15.17437],[-84.40867,15.16333],[-84.40263,15.16168],[-84.40451,15.1512],[-84.41135,15.14441],[-84.42018,15.14321],[-84.42522,15.13325],[-84.42344,15.1289],[-84.4271,15.12915],[-84.43487,15.12169],[-84.43639,15.11217],[-84.41568,15.08034],[-84.40811,15.0773],[-84.40889,15.06475],[-84.43133,15.04867],[-84.44348,15.05163],[-84.45323,15.04927],[-84.46638,15.02629],[-84.46733,15.01703],[-84.47171,15.01571],[-84.47821,15.00734],[-84.50415,14.9996],[-84.53485,15.00606],[-84.54275,15.00533],[-84.55962,14.99522],[-84.56807,14.99579],[-84.5974,14.98616],[-84.67076,14.95427],[-84.67735,14.92941],[-84.6988,14.91762],[-84.70233,14.90269],[-84.71853,14.88095],[-84.7165,14.88035],[-84.72188,14.87659],[-84.73674,14.84742],[-84.76135,14.83593],[-84.77502,14.81952],[-84.7815,14.81863],[-84.78992,14.81077],[-84.80154,14.81936],[-84.82248,14.82526],[-84.84529,14.81895],[-84.85368,14.80946],[-84.90162,14.80994],[-84.91,14.80226],[-84.9142,14.79141],[-84.93191,14.76971],[-84.93191,14.76474],[-84.92493,14.76202],[-84.9268,14.7584],[-84.93192,14.75524],[-84.94029,14.75524],[-84.94402,14.75117],[-84.95472,14.75299],[-84.96356,14.75118],[-84.97147,14.74621],[-84.97427,14.73988],[-84.98823,14.73536],[-84.99894,14.72043],[-84.99979,14.96638],[-84.98996,14.9594],[-84.95409,14.95998],[-84.94906,14.95089],[-84.93122,14.96519],[-84.91189,14.98898],[-84.9046,15.0192],[-84.9004,15.02006],[-84.8916,15.01501],[-84.88599,15.01721],[-84.88314,15.02216],[-84.88492,15.03122],[-84.87362,15.04242],[-84.85777,15.04362],[-84.84479,15.03671],[-84.84005,15.0448],[-84.83258,15.04654],[-84.82965,15.06007],[-84.81839,15.06674],[-84.81594,15.07848],[-84.80661,15.07929],[-84.7871,15.07412],[-84.76704,15.07618],[-84.7394,15.09036],[-84.69189,15.13011],[-84.68771,15.12916],[-84.68224,15.1178],[-84.66549,15.11581],[-84.65854,15.11212],[-84.6534,15.11297],[-84.65753,15.11889],[-84.65362,15.13558],[-84.63687,15.13269],[-84.62798,15.13621],[-84.62418,15.14204],[-84.62589,15.15608],[-84.62336,15.17323],[-84.62659,15.17598],[-84.63499,15.17561],[-84.63444,15.18329],[-84.64232,15.18654],[-84.64367,15.19108],[-84.64222,15.19603],[-84.6324,15.19864],[-84.62768,15.20311],[-84.62478,15.21303],[-84.62935,15.22031],[-84.6279,15.22527],[-84.62275,15.22702],[-84.61764,15.22515],[-84.61401,15.21698],[-84.61074,15.21694],[-84.6093,15.22054],[-84.6105,15.23864],[-84.60619,15.24808],[-84.61036,15.25084],[-84.61921,15.25094],[-84.61918,15.2541],[-84.61495,15.25677],[-84.61953,15.26405],[-84.61562,15.27983],[-84.59772,15.29501],[-84.59293,15.30625],[-84.58313,15.3066],[-84.57245,15.30196],[-84.56678,15.30822],[-84.56764,15.31456],[-84.57318,15.3196],[-84.56977,15.33176],[-84.57439,15.33588],[-84.5748,15.34086],[-84.5616,15.35247],[-84.56054,15.36285],[-84.5494,15.35821],[-84.54658,15.36043],[-84.54979,15.36454],[-84.56049,15.36782],[-84.55997,15.37234],[-84.55574,15.37455],[-84.54926,15.37041],[-84.52174,15.36965],[-84.51051,15.37223],[-84.50749,15.39118],[-84.51578,15.39986],[-84.51518,15.41116],[-84.51838,15.41662],[-84.51603,15.41795],[-84.51141,15.41428],[-84.50161,15.41371],[-84.48063,15.38299],[-84.45372,15.32438],[-84.4285,15.27739],[-84.40813,15.17437]]]}},{"type":"Feature","id":"27666195B75939641956291","properties":{"admin_level":2,"municipality_code":"27666195B75939641956291","municipality":"Camasca","municipality_key":"camasca","department_code":"10453824B62561105591680","department":"Intibucá","department_key":"intibuca","join_key":"intibuca|camasca","centroid_lat":13.99789,"centroid_lon":-88.39364},"geometry":{"type":"Polygon","coordinates":[[[-88.43549,14.01834],[-88.42657,14.01838],[-88.40313,14.03473],[-88.38342,14.038],[-88.38242,14.04317],[-88.37706,14.04429],[-88.37352,14.04148],[-88.37481,14.03881],[-88.36546,14.01335],[-88.34093,13.99163],[-88.33382,13.99473],[-88.33826,13.98781],[-88.33175,13.97798],[-88.34283,13.97236],[-88.34159,13.95932],[-88.35527,13.95497],[-88.36916,13.97166],[-88.37825,13.97057],[-88.37852,13.9635],[-88.41907,13.96658],[-88.43252,13.97171],[-88.42745,13.97676],[-88.4283,13.98312],[-88.43218,13.98489],[-88.44101,14.00106],[-88.43549,14.01834]]]}},{"type":"Feature","id":"27666195B91470082357426","properties":{"admin_level":2,"municipality_code":"27666195B91470082357426","municipality":"Colomoncagua","municipality_key":"colomoncagua","department_code":"10453824B62561105591680","department":"Intibucá","department_key":"intibuca","join_key":"intibuca|colomoncagua","centroid_lat":13.98739,"centroid_lon":-88.28671},"geometry":{"type":"Polygon","coordinates":[[[-88.35527,13.95497],[-88.34159,13.95932],[-88.34283,13.97236],[-88.33175,13.97798],[-88.33826,13.98781],[-88.3316,14.00021],[-88.30331,14.01177],[-88.26302,14.02048],[-88.26381,14.02501],[-88.27185,14.03092],[-88.26672,14.03563],[-88.26507,14.04238],[-88.27344,14.05005],[-88.27383,14.04599],[-88.28211,14.04299],[-88.28564,14.04587],[-88.28523,14.05044],[-88.28242,14.0583],[-88.27221,14.06094],[-88.26196,14.07214],[-88.25616,14.07279],[-88.24799,14.08657],[-88.23643,14.08451],[-88.23643,14.07859],[-88.22848,14.06659],[-88.21356,14.05901],[-88.20468,14.05036],[-88.21722,13.99212],[-88.22998,13.99902],[-88.23296,13.99483],[-88.23853,13.99377],[-88.23788,13.98857],[-88.23455,13.98697],[-88.23612,13.96931],[-88.21957,13.95291],[-88.22706,13.93713],[-88.26147,13.93793],[-88.26645,13.93362],[-88.26343,13.9262],[-88.26651,13.92309],[-88.26314,13.9177],[-88.26892,13.91186],[-88.27197,13.91292],[-88.28102,13.90826],[-88.28971,13.91342],[-88.30717,13.90151],[-88.3137,13.90106],[-88.3172,13.89677],[-88.31784,13.88907],[-88.32985,13.89309],[-88.33318,13.89007],[-88.34335,13.89544],[-88.34994,13.88856],[-88.35451,13.89429],[-88.35785,13.91519],[-88.35051,13.91861],[-88.34763,13.93022],[-88.35527,13.95497]]]}},{"type":"Feature","id":"27666195B925617765542","properties":{"admin_level":2,"municipality_code":"27666195B925617765542","municipality":"Concepcion","municipality_key":"concepcion","department_code":"10453824B62561105591680","department":"Intibucá","department_key":"intibuca","join_key":"intibuca|concepcion","centroid_lat":14.04782,"centroid_lon":-88.32968},"geometry":{"type":"Polygon","coordinates":[[[-88.33382,13.99473],[-88.34093,13.99163],[-88.36546,14.01335],[-88.37481,14.03881],[-88.37352,14.04148],[-88.37706,14.04429],[-88.3725,14.04998],[-88.36501,14.05198],[-88.35118,14.0744],[-88.3456,14.07233],[-88.34099,14.07704],[-88.3329,14.07437],[-88.32736,14.07818],[-88.33378,14.09543],[-88.32937,14.09809],[-88.32833,14.10351],[-88.31777,14.10581],[-88.28083,14.0942],[-88.27091,14.06398],[-88.27221,14.06094],[-88.28242,14.0583],[-88.28564,14.04587],[-88.28211,14.04299],[-88.27097,14.04978],[-88.26507,14.04238],[-88.26672,14.03563],[-88.27185,14.03092],[-88.26381,14.02501],[-88.26302,14.02048],[-88.30331,14.01177],[-88.3316,14.00021],[-88.33382,13.99473]]]}},{"type":"Feature","id":"27666195B32253104626052","properties":{"admin_level":2,"municipality_code":"27666195B32253104626052","municipality":"Dolores","municipality_key":"dolores","department_code":"10453824B62561105591680","department":"Intibucá","department_key":"intibuca","join_key":"intibuca|dolores","centroid_lat":14.26918,"centroid_lon":-88.35816},"geometry":{"type":"Polygon","coordinates":[[[-88.40948,14.27988],[-88.38936,14.29189],[-88.37869,14.29506],[-88.34563,14.29602],[-88.3405,14.28784],[-88.3373,14.2874],[-88.311,14.29421],[-88.30203,14.28571],[-88.29702,14.28465],[-88.29512,14.27993],[-88.30401,14.25848],[-88.30522,14.24694],[-88.31622,14.22877],[-88.33752,14.22462],[-88.36061,14.2301],[-88.36705,14.22881],[-88.36936,14.23138],[-88.38391,14.22832],[-88.38905,14.23363],[-88.40202,14.23638],[-88.40563,14.24186],[-88.40976,14.24085],[-88.4208,14.24544],[-88.42508,14.25022],[-88.42496,14.25711],[-88.40948,14.27988]]]}},{"type":"Feature","id":"27666195B5918981797779","properties":{"admin_level":2,"municipality_code":"27666195B5918981797779","municipality":"Intibuca","municipality_key":"intibuca","department_code":"10453824B62561105591680","department":"Intibucá","department_key":"intibuca","join_key":"intibuca|intibuca","centroid_lat":14.44989,"centroid_lon":-88.18399},"geometry":{"type":"Polygon","coordinates":[[[-88.21481,14.62544],[-88.21065,14.63437],[-88.20485,14.63668],[-88.2061,14.63938],[-88.20108,14.64152],[-88.19191,14.6557],[-88.16333,14.65765],[-88.12887,14.6493],[-88.13443,14.64571],[-88.13561,14.64082],[-88.13338,14.63604],[-88.12863,14.63413],[-88.13046,14.62597],[-88.15996,14.6114],[-88.15985,14.60401],[-88.16338,14.60003],[-88.14943,14.56578],[-88.15613,14.56113],[-88.15115,14.55084],[-88.1494,14.51726],[-88.14207,14.50304],[-88.12786,14.51734],[-88.1158,14.44187],[-88.06555,14.42936],[-88.05149,14.42223],[-88.06168,14.41383],[-88.0669,14.40377],[-88.05661,14.37748],[-88.059,14.37097],[-88.05471,14.36667],[-88.05422,14.35725],[-88.05821,14.35585],[-88.06201,14.34337],[-88.0693,14.33855],[-88.04307,14.31866],[-88.04035,14.30894],[-88.03035,14.29689],[-88.02762,14.28518],[-88.02009,14.27383],[-88.01395,14.27123],[-88.00643,14.27398],[-88.00445,14.2682],[-88.00891,14.25163],[-88.04503,14.25302],[-88.05649,14.2491],[-88.05883,14.25573],[-88.0648,14.25752],[-88.07081,14.26432],[-88.06964,14.27059],[-88.07969,14.28089],[-88.08531,14.28191],[-88.0967,14.29369],[-88.10741,14.29616],[-88.11865,14.30543],[-88.12613,14.30444],[-88.13167,14.31056],[-88.14078,14.31218],[-88.16341,14.30732],[-88.18264,14.30842],[-88.19035,14.30368],[-88.19701,14.30331],[-88.2047,14.3038],[-88.20702,14.3083],[-88.21647,14.31112],[-88.2065,14.34259],[-88.22302,14.35207],[-88.2214,14.38333],[-88.24337,14.40459],[-88.24876,14.41801],[-88.24587,14.4366],[-88.25395,14.4579],[-88.25388,14.4683],[-88.24572,14.4729],[-88.24545,14.48151],[-88.23911,14.48411],[-88.24257,14.49598],[-88.23895,14.51392],[-88.24992,14.51861],[-88.25186,14.52251],[-88.2486,14.52656],[-88.24896,14.532],[-88.23997,14.53689],[-88.2367,14.54544],[-88.23127,14.54776],[-88.21903,14.56123],[-88.2209,14.56972],[-88.2177,14.58378],[-88.22037,14.58858],[-88.21726,14.59875],[-88.21051,14.59407],[-88.20091,14.59711],[-88.19087,14.60225],[-88.18385,14.61254],[-88.19855,14.61646],[-88.21481,14.62544]]]}},{"type":"Feature","id":"27666195B82528281460638","properties":{"admin_level":2,"municipality_code":"27666195B82528281460638","municipality":"Jesus de Otoro","municipality_key":"jesusdeotoro","department_code":"10453824B62561105591680","department":"Intibucá","department_key":"intibuca","join_key":"intibuca|jesusdeotoro","centroid_lat":14.53847,"centroid_lon":-88.00627},"geometry":{"type":"Polygon","coordinates":[[[-88.07647,14.6619],[-88.06763,14.65375],[-88.06655,14.64502],[-88.06024,14.63672],[-88.04111,14.63996],[-87.99757,14.62506],[-87.98837,14.61329],[-87.98536,14.61431],[-87.98591,14.61681],[-87.9792,14.61711],[-87.97267,14.61259],[-87.96829,14.61398],[-87.96425,14.61135],[-87.96576,14.59971],[-87.96393,14.59401],[-87.95153,14.58116],[-87.95288,14.56893],[-87.94299,14.54241],[-87.91026,14.53452],[-87.90187,14.52794],[-87.89977,14.51947],[-87.90425,14.50939],[-87.90269,14.50025],[-87.89747,14.49696],[-87.9061,14.48664],[-87.93393,14.46941],[-87.925,14.46381],[-87.92872,14.46028],[-87.92882,14.45097],[-87.93242,14.44496],[-87.94483,14.43912],[-87.95348,14.43089],[-87.96666,14.42791],[-87.97053,14.43825],[-87.98078,14.43812],[-87.98497,14.44064],[-88.00111,14.43097],[-88.00874,14.4348],[-88.0175,14.43501],[-88.0173,14.4315],[-88.03529,14.42218],[-88.05149,14.42223],[-88.06555,14.42936],[-88.1158,14.44187],[-88.12786,14.51734],[-88.09196,14.53094],[-88.08261,14.54257],[-88.08069,14.54705],[-88.08242,14.55139],[-88.06795,14.56097],[-88.06731,14.56731],[-88.06297,14.56765],[-88.06206,14.57129],[-88.06526,14.57376],[-88.08096,14.57393],[-88.08379,14.58654],[-88.09407,14.59297],[-88.09358,14.59731],[-88.0975,14.6014],[-88.11366,14.60745],[-88.13046,14.62597],[-88.12863,14.63413],[-88.13338,14.63604],[-88.13561,14.64082],[-88.13443,14.64571],[-88.12887,14.6493],[-88.10078,14.64132],[-88.08911,14.65724],[-88.07647,14.6619]]]}},{"type":"Feature","id":"27666195B40908355189071","properties":{"admin_level":2,"municipality_code":"27666195B40908355189071","municipality":"La Esperanza","municipality_key":"laesperanza","department_code":"10453824B62561105591680","department":"Intibucá","department_key":"intibuca","join_key":"intibuca|laesperanza","centroid_lat":14.23163,"centroid_lon":-88.12036},"geometry":{"type":"MultiPolygon","coordinates":[[[[-88.05649,14.2491],[-88.1066,14.21038],[-88.10776,14.19127],[-88.11759,14.18288],[-88.11974,14.17209],[-88.13021,14.16845],[-88.13181,14.16496],[-88.13713,14.16555],[-88.13873,14.16264],[-88.15442,14.15927],[-88.15442,14.16356],[-88.16501,14.17146],[-88.16379,14.18184],[-88.16692,14.18801],[-88.15783,14.19997],[-88.1541,14.21165],[-88.16127,14.2219],[-88.16199,14.24136],[-88.2184,14.30518],[-88.21647,14.31112],[-88.20702,14.3083],[-88.2047,14.3038],[-88.19701,14.30331],[-88.19035,14.30368],[-88.18264,14.30842],[-88.16341,14.30732],[-88.14078,14.31218],[-88.13167,14.31056],[-88.12613,14.30444],[-88.11865,14.30543],[-88.10741,14.29616],[-88.0967,14.29369],[-88.08531,14.28191],[-88.07969,14.28089],[-88.06964,14.27059],[-88.07081,14.26432],[-88.0648,14.25752],[-88.05883,14.25573],[-88.05649,14.2491]]],[[[-88.19191,14.6557],[-88.21949,14.62053],[-88.23231,14.62879],[-88.24125,14.63039],[-88.2528,14.62582],[-88.2551,14.63053],[-88.25158,14.63489],[-88.25438,14.64322],[-88.23282,14.6529],[-88.19191,14.6557]]]]}},{"type":"Feature","id":"27666195B97095820119427","properties":{"admin_level":2,"municipality_code":"27666195B97095820119427","municipality":"Magdalena","municipality_key":"magdalena","department_code":"10453824B62561105591680","department":"Intibucá","department_key":"intibuca","join_key":"intibuca|magdalena","centroid_lat":13.92372,"centroid_lon":-88.36628},"geometry":{"type":"Polygon","coordinates":[[[-88.39931,13.96431],[-88.37852,13.9635],[-88.37825,13.97057],[-88.36916,13.97166],[-88.35527,13.95497],[-88.34763,13.93022],[-88.35051,13.91861],[-88.35785,13.91519],[-88.35451,13.89429],[-88.34994,13.88856],[-88.35093,13.87568],[-88.35606,13.86991],[-88.36152,13.86881],[-88.37048,13.87403],[-88.37647,13.88409],[-88.39129,13.8822],[-88.397,13.8947],[-88.37141,13.91268],[-88.37756,13.91579],[-88.38703,13.92883],[-88.4002,13.93543],[-88.40174,13.94307],[-88.39789,13.94724],[-88.39668,13.95471],[-88.39931,13.96431]]]}},{"type":"Feature","id":"27666195B25129383511057","properties":{"admin_level":2,"municipality_code":"27666195B25129383511057","municipality":"Masaguara","municipality_key":"masaguara","department_code":"10453824B62561105591680","department":"Intibucá","department_key":"intibuca","join_key":"intibuca|masaguara","centroid_lat":14.38604,"centroid_lon":-88.00895},"geometry":{"type":"Polygon","coordinates":[[[-87.89747,14.49696],[-87.88736,14.49074],[-87.88071,14.47751],[-87.8591,14.4554],[-87.85909,14.45167],[-87.85178,14.44753],[-87.85152,14.43791],[-87.84766,14.43292],[-87.86632,14.41275],[-87.91725,14.38015],[-87.92877,14.38353],[-87.93399,14.38089],[-87.94802,14.38381],[-87.95042,14.38826],[-87.95791,14.38974],[-87.958,14.37935],[-87.9552,14.37381],[-87.96181,14.36781],[-87.95809,14.3652],[-87.9563,14.35594],[-87.95863,14.34899],[-87.95484,14.34906],[-87.95113,14.34169],[-87.9542,14.33631],[-87.95228,14.33052],[-87.95586,14.3287],[-87.95257,14.32696],[-87.96892,14.32168],[-87.97046,14.31257],[-87.96826,14.3077],[-87.97399,14.30273],[-87.97771,14.29298],[-87.9806,14.29515],[-87.99803,14.28741],[-88.00464,14.27202],[-88.00643,14.27398],[-88.01395,14.27123],[-88.02009,14.27383],[-88.02762,14.28518],[-88.03035,14.29689],[-88.04035,14.30894],[-88.04307,14.31866],[-88.0693,14.33855],[-88.06201,14.34337],[-88.05821,14.35585],[-88.05422,14.35725],[-88.05471,14.36667],[-88.059,14.37097],[-88.05661,14.37748],[-88.0669,14.40377],[-88.06398,14.40594],[-88.06426,14.40989],[-88.05149,14.42223],[-88.03529,14.42218],[-88.0173,14.4315],[-88.0175,14.43501],[-88.00874,14.4348],[-88.00111,14.43097],[-87.98497,14.44064],[-87.98078,14.43812],[-87.97053,14.43825],[-87.96666,14.42791],[-87.95348,14.43089],[-87.94483,14.43912],[-87.93242,14.44496],[-87.92882,14.45097],[-87.92872,14.46028],[-87.925,14.46381],[-87.93393,14.46941],[-87.9061,14.48664],[-87.89747,14.49696]]]}},{"type":"Feature","id":"27666195B78525968217176","properties":{"admin_level":2,"municipality_code":"27666195B78525968217176","municipality":"San Antonio","municipality_key":"sanantonio","department_code":"10453824B62561105591680","department":"Intibucá","department_key":"intibuca","join_key":"intibuca|sanantonio","centroid_lat":13.93652,"centroid_lon":-88.46258},"geometry":{"type":"Polygon","coordinates":[[[-88.43549,14.01834],[-88.44101,14.00106],[-88.43218,13.98489],[-88.4283,13.98312],[-88.42745,13.97676],[-88.43252,13.97171],[-88.41367,13.9651],[-88.42043,13.9536],[-88.43239,13.94877],[-88.41962,13.94476],[-88.41642,13.93184],[-88.43366,13.93144],[-88.44844,13.91419],[-88.45261,13.91638],[-88.45614,13.91452],[-88.45636,13.89254],[-88.46623,13.89045],[-88.46618,13.88622],[-88.47138,13.8842],[-88.47119,13.88072],[-88.47967,13.87227],[-88.479,13.86856],[-88.48615,13.86474],[-88.48395,13.86249],[-88.49181,13.8599],[-88.49594,13.86571],[-88.49582,13.87216],[-88.49125,13.87659],[-88.50096,13.89268],[-88.50549,13.90742],[-88.5114,13.91151],[-88.50643,13.92202],[-88.50857,13.92607],[-88.50715,13.94119],[-88.49797,13.94993],[-88.49961,13.96398],[-88.49541,13.9652],[-88.49215,13.96234],[-88.48975,13.97259],[-88.48094,13.97455],[-88.47966,13.9785],[-88.47681,13.97872],[-88.48102,13.99088],[-88.46903,13.99454],[-88.46233,14.00773],[-88.44486,14.0093],[-88.43995,14.01691],[-88.43549,14.01834]]]}},{"type":"Feature","id":"27666195B85472464338427","properties":{"admin_level":2,"municipality_code":"27666195B85472464338427","municipality":"San Francisco de Opalaca","municipality_key":"sanfranciscodeopalaca","department_code":"10453824B62561105591680","department":"Intibucá","department_key":"intibuca","join_key":"intibuca|sanfranciscodeopalaca","centroid_lat":14.52056,"centroid_lon":-88.29778},"geometry":{"type":"Polygon","coordinates":[[[-88.25438,14.64322],[-88.25158,14.63489],[-88.2551,14.63053],[-88.2528,14.62582],[-88.24125,14.63039],[-88.23231,14.62879],[-88.21949,14.62053],[-88.21481,14.62544],[-88.19855,14.61646],[-88.18385,14.61254],[-88.19087,14.60225],[-88.20091,14.59711],[-88.21051,14.59407],[-88.21726,14.59875],[-88.22037,14.58858],[-88.2177,14.58378],[-88.2209,14.56972],[-88.21903,14.56123],[-88.23127,14.54776],[-88.2367,14.54544],[-88.23997,14.53689],[-88.24896,14.532],[-88.2486,14.52656],[-88.25186,14.52251],[-88.24992,14.51861],[-88.23895,14.51392],[-88.2383,14.50875],[-88.24257,14.49598],[-88.23911,14.48411],[-88.24545,14.48151],[-88.24572,14.4729],[-88.25388,14.4683],[-88.25132,14.44601],[-88.24587,14.4366],[-88.24876,14.41801],[-88.24337,14.40459],[-88.22497,14.38679],[-88.25951,14.39061],[-88.27668,14.40821],[-88.30034,14.42647],[-88.35945,14.46535],[-88.375,14.47912],[-88.34512,14.5056],[-88.34322,14.51739],[-88.34873,14.5294],[-88.32323,14.56716],[-88.33051,14.62226],[-88.34792,14.65252],[-88.2914,14.6445],[-88.25438,14.64322]]]}},{"type":"Feature","id":"27666195B3515972016416","properties":{"admin_level":2,"municipality_code":"27666195B3515972016416","municipality":"San Isidro","municipality_key":"sanisidro","department_code":"10453824B62561105591680","department":"Intibucá","department_key":"intibuca","join_key":"intibuca|sanisidro","centroid_lat":14.56345,"centroid_lon":-88.11024},"geometry":{"type":"Polygon","coordinates":[[[-88.12786,14.51734],[-88.14207,14.50304],[-88.1494,14.51726],[-88.15115,14.55084],[-88.15613,14.56113],[-88.14943,14.56578],[-88.16338,14.60003],[-88.15985,14.60401],[-88.15996,14.6114],[-88.13046,14.62597],[-88.11366,14.60745],[-88.0997,14.60288],[-88.09358,14.59731],[-88.09407,14.59297],[-88.08379,14.58654],[-88.08096,14.57393],[-88.06526,14.57376],[-88.06206,14.57129],[-88.06297,14.56765],[-88.06731,14.56731],[-88.06795,14.56097],[-88.08242,14.55139],[-88.08069,14.54705],[-88.08261,14.54257],[-88.09196,14.53094],[-88.12786,14.51734]]]}},{"type":"Feature","id":"27666195B28906986091339","properties":{"admin_level":2,"municipality_code":"27666195B28906986091339","municipality":"San Juan","municipality_key":"sanjuan","department_code":"10453824B62561105591680","department":"Intibucá","department_key":"intibuca","join_key":"intibuca|sanjuan","centroid_lat":14.41739,"centroid_lon":-88.41775},"geometry":{"type":"Polygon","coordinates":[[[-88.44988,14.3615],[-88.48872,14.3892],[-88.49994,14.40564],[-88.49471,14.40788],[-88.49452,14.41195],[-88.50067,14.42282],[-88.49876,14.42858],[-88.50324,14.43344],[-88.50185,14.44365],[-88.49812,14.44923],[-88.50269,14.4525],[-88.47316,14.4713],[-88.44977,14.47806],[-88.43083,14.47218],[-88.38688,14.47405],[-88.375,14.47912],[-88.35945,14.46535],[-88.36868,14.44887],[-88.33369,14.42769],[-88.33683,14.42468],[-88.33879,14.41146],[-88.36234,14.38608],[-88.38968,14.37449],[-88.38398,14.37167],[-88.38848,14.3651],[-88.38214,14.36064],[-88.38492,14.3561],[-88.39914,14.35159],[-88.41917,14.35205],[-88.42279,14.34712],[-88.42669,14.362],[-88.44,14.36644],[-88.44988,14.3615]]]}},{"type":"Feature","id":"27666195B33277731304286","properties":{"admin_level":2,"municipality_code":"27666195B33277731304286","municipality":"San Marcos de Sierra","municipality_key":"sanmarcosdesierra","department_code":"10453824B62561105591680","department":"Intibucá","department_key":"intibuca","join_key":"intibuca|sanmarcosdesierra","centroid_lat":14.12925,"centroid_lon":-88.25461},"geometry":{"type":"Polygon","coordinates":[[[-88.16379,14.18184],[-88.16501,14.17146],[-88.15442,14.16356],[-88.15442,14.15927],[-88.17108,14.14116],[-88.18309,14.1366],[-88.1978,14.11037],[-88.20272,14.10958],[-88.20566,14.10075],[-88.21769,14.09609],[-88.22422,14.08299],[-88.22747,14.08673],[-88.23237,14.08399],[-88.24799,14.08657],[-88.25616,14.07279],[-88.26196,14.07214],[-88.27091,14.06398],[-88.28083,14.0942],[-88.31777,14.10581],[-88.31705,14.11799],[-88.32074,14.12189],[-88.32359,14.13852],[-88.3196,14.14411],[-88.31906,14.15564],[-88.32925,14.16467],[-88.32889,14.1685],[-88.2846,14.1769],[-88.19283,14.17347],[-88.17164,14.1816],[-88.16379,14.18184]]]}},{"type":"Feature","id":"27666195B17260395757329","properties":{"admin_level":2,"municipality_code":"27666195B17260395757329","municipality":"San Miguelito","municipality_key":"sanmiguelito","department_code":"10453824B62561105591680","department":"Intibucá","department_key":"intibuca","join_key":"intibuca|sanmiguelito","centroid_lat":14.37308,"centroid_lon":-88.34122},"geometry":{"type":"Polygon","coordinates":[[[-88.3289,14.29024],[-88.3405,14.28784],[-88.34563,14.29602],[-88.37869,14.29506],[-88.38936,14.29189],[-88.40948,14.27988],[-88.41574,14.32484],[-88.42279,14.34712],[-88.41917,14.35205],[-88.39914,14.35159],[-88.38492,14.3561],[-88.38214,14.36064],[-88.38848,14.3651],[-88.38398,14.37167],[-88.38968,14.37449],[-88.36234,14.38608],[-88.33879,14.41146],[-88.33683,14.42468],[-88.33369,14.42769],[-88.36868,14.44887],[-88.35945,14.46535],[-88.30034,14.42647],[-88.25878,14.3914],[-88.26808,14.37791],[-88.27913,14.38308],[-88.28663,14.38214],[-88.30389,14.36472],[-88.31166,14.36265],[-88.30832,14.35371],[-88.29288,14.34395],[-88.29315,14.33982],[-88.28712,14.33348],[-88.2969,14.32134],[-88.30607,14.31649],[-88.3289,14.29024]]]}},{"type":"Feature","id":"27666195B24919955333863","properties":{"admin_level":2,"municipality_code":"27666195B24919955333863","municipality":"Santa Lucia","municipality_key":"santalucia","department_code":"10453824B62561105591680","department":"Intibucá","department_key":"intibuca","join_key":"intibuca|santalucia","centroid_lat":13.90369,"centroid_lon":-88.42023},"geometry":{"type":"Polygon","coordinates":[[[-88.41482,13.9665],[-88.40096,13.96667],[-88.39668,13.95471],[-88.39789,13.94724],[-88.40174,13.94307],[-88.4002,13.93543],[-88.38703,13.92883],[-88.37756,13.91579],[-88.37141,13.91268],[-88.397,13.8947],[-88.39129,13.8822],[-88.40376,13.88188],[-88.41381,13.87825],[-88.41889,13.88479],[-88.42469,13.87838],[-88.43222,13.8771],[-88.43978,13.85871],[-88.44569,13.86324],[-88.45062,13.86311],[-88.45181,13.85851],[-88.46585,13.86209],[-88.46733,13.84805],[-88.47249,13.85369],[-88.48643,13.85989],[-88.48395,13.86249],[-88.48615,13.86474],[-88.479,13.86856],[-88.47967,13.87227],[-88.47119,13.88072],[-88.47138,13.8842],[-88.46618,13.88622],[-88.46623,13.89045],[-88.45636,13.89254],[-88.45614,13.91452],[-88.45261,13.91638],[-88.44844,13.91419],[-88.43366,13.93144],[-88.41642,13.93184],[-88.41962,13.94476],[-88.43239,13.94877],[-88.42043,13.9536],[-88.41482,13.9665]]]}},{"type":"Feature","id":"27666195B33223985620442","properties":{"admin_level":2,"municipality_code":"27666195B33223985620442","municipality":"Yamaranguila","municipality_key":"yamaranguila","department_code":"10453824B62561105591680","department":"Intibucá","department_key":"intibuca","join_key":"intibuca|yamaranguila","centroid_lat":14.2692,"centroid_lon":-88.24308},"geometry":{"type":"Polygon","coordinates":[[[-88.2065,14.34259],[-88.2184,14.30518],[-88.16199,14.24136],[-88.16127,14.2219],[-88.1541,14.21165],[-88.15783,14.19997],[-88.16692,14.18801],[-88.16379,14.18184],[-88.17164,14.1816],[-88.19283,14.17347],[-88.2846,14.1769],[-88.32889,14.1685],[-88.33398,14.17721],[-88.32683,14.19028],[-88.32787,14.1974],[-88.32113,14.20886],[-88.33279,14.22661],[-88.31622,14.22877],[-88.30522,14.24694],[-88.30401,14.25848],[-88.29512,14.27993],[-88.29702,14.28465],[-88.30203,14.28571],[-88.311,14.29421],[-88.3289,14.29024],[-88.30607,14.31649],[-88.2969,14.32134],[-88.28712,14.33348],[-88.29315,14.33982],[-88.29288,14.34395],[-88.30832,14.35371],[-88.31166,14.36265],[-88.30389,14.36472],[-88.28663,14.38214],[-88.27913,14.38308],[-88.26808,14.37791],[-88.25951,14.39061],[-88.22497,14.38679],[-88.2214,14.38333],[-88.22302,14.35207],[-88.2065,14.34259]]]}},{"type":"Feature","id":"27666195B50891803381013","properties":{"admin_level":2,"municipality_code":"27666195B50891803381013","municipality":"Aguanqueterique","municipality_key":"aguanqueterique","department_code":"10453824B11843061934635","department":"La Paz","department_key":"lapaz","join_key":"lapaz|aguanqueterique","centroid_lat":13.98077,"centroid_lon":-87.64592},"geometry":{"type":"Polygon","coordinates":[[[-87.68896,14.04644],[-87.66142,14.06992],[-87.65661,14.08091],[-87.65215,14.08435],[-87.64291,14.08698],[-87.61515,14.08615],[-87.60426,14.03265],[-87.60538,14.00034],[-87.59227,13.97995],[-87.59859,13.97106],[-87.59138,13.96442],[-87.59997,13.94386],[-87.59789,13.92683],[-87.60393,13.90971],[-87.60226,13.89563],[-87.61489,13.88975],[-87.61627,13.87551],[-87.63702,13.88389],[-87.64512,13.8841],[-87.65096,13.88903],[-87.65899,13.88735],[-87.66473,13.89221],[-87.66906,13.8895],[-87.67336,13.89323],[-87.66813,13.90624],[-87.68125,13.91542],[-87.68074,13.91799],[-87.67676,13.91787],[-87.67696,13.93434],[-87.67916,13.93798],[-87.68545,13.93928],[-87.68101,13.94322],[-87.68081,13.95015],[-87.6871,13.95034],[-87.69891,13.96873],[-87.69703,13.97867],[-87.69983,13.98159],[-87.69333,13.9913],[-87.69404,14.00242],[-87.69041,14.00745],[-87.69198,14.01237],[-87.68535,14.01966],[-87.68839,14.02935],[-87.68496,14.03155],[-87.68896,14.04644]]]}},{"type":"Feature","id":"27666195B79825163063269","properties":{"admin_level":2,"municipality_code":"27666195B79825163063269","municipality":"Cabanas","municipality_key":"cabanas","department_code":"10453824B11843061934635","department":"La Paz","department_key":"lapaz","join_key":"lapaz|cabanas","centroid_lat":13.99468,"centroid_lon":-88.02393},"geometry":{"type":"Polygon","coordinates":[[[-87.99391,14.08883],[-87.99489,14.06871],[-88.00049,14.06616],[-88.01019,14.06773],[-88.01289,14.063],[-88.01085,14.05719],[-87.99397,14.05306],[-87.98503,14.05981],[-87.98203,14.05899],[-87.9728,14.04792],[-87.97162,14.04127],[-87.97406,14.03651],[-87.96973,14.02727],[-87.97748,14.02386],[-87.99544,14.02431],[-87.99821,14.015],[-87.99161,14.00573],[-87.98453,14.00352],[-87.99078,13.99971],[-87.99,13.99629],[-87.97117,13.99601],[-87.9613,13.99088],[-87.95753,13.98044],[-87.9473,13.97029],[-87.94965,13.9674],[-87.94809,13.96029],[-87.9494,13.95618],[-87.95432,13.95652],[-87.95389,13.94642],[-87.96315,13.95481],[-87.97074,13.95614],[-87.97557,13.96056],[-87.98717,13.95686],[-87.97775,13.93517],[-87.97769,13.92517],[-87.984,13.92075],[-88.02069,13.92015],[-88.02032,13.91464],[-88.02606,13.90739],[-88.02684,13.9013],[-88.03326,13.91251],[-88.04347,13.92191],[-88.04663,13.9317],[-88.05698,13.94158],[-88.06349,13.94328],[-88.06572,13.96342],[-88.07282,13.97525],[-88.07286,13.99156],[-88.07994,13.99335],[-88.07797,13.99716],[-88.07961,14.00088],[-88.06697,14.02886],[-88.05676,14.03968],[-88.05251,14.05402],[-88.04443,14.05777],[-88.03166,14.05508],[-88.012,14.07228],[-88.01159,14.0773],[-88.00655,14.08339],[-87.99854,14.08885],[-87.99391,14.08883]]]}},{"type":"Feature","id":"27666195B14338204727731","properties":{"admin_level":2,"municipality_code":"27666195B14338204727731","municipality":"Cane","municipality_key":"cane","department_code":"10453824B11843061934635","department":"La Paz","department_key":"lapaz","join_key":"lapaz|cane","centroid_lat":14.28182,"centroid_lon":-87.68394},"geometry":{"type":"Polygon","coordinates":[[[-87.64969,14.26165],[-87.65463,14.26796],[-87.65712,14.26267],[-87.66317,14.26559],[-87.66845,14.25642],[-87.67079,14.26164],[-87.67878,14.25718],[-87.67827,14.26362],[-87.68968,14.27036],[-87.70968,14.26624],[-87.71374,14.26354],[-87.71209,14.26106],[-87.71541,14.25721],[-87.72403,14.25696],[-87.72702,14.26004],[-87.74773,14.26087],[-87.75385,14.27094],[-87.72869,14.28732],[-87.72036,14.28611],[-87.71539,14.28915],[-87.69321,14.29155],[-87.67972,14.30858],[-87.66512,14.30668],[-87.65364,14.30949],[-87.63357,14.30671],[-87.63468,14.30301],[-87.6306,14.30247],[-87.63033,14.29849],[-87.62642,14.2961],[-87.62863,14.29212],[-87.62491,14.28556],[-87.62886,14.28589],[-87.63337,14.27614],[-87.64074,14.27808],[-87.63804,14.26795],[-87.64969,14.26165]]]}},{"type":"Feature","id":"27666195B76416581203448","properties":{"admin_level":2,"municipality_code":"27666195B76416581203448","municipality":"Chinacla","municipality_key":"chinacla","department_code":"10453824B11843061934635","department":"La Paz","department_key":"lapaz","join_key":"lapaz|chinacla","centroid_lat":14.18141,"centroid_lon":-87.9568},"geometry":{"type":"Polygon","coordinates":[[[-87.88018,14.18713],[-87.88062,14.17716],[-87.89558,14.17743],[-87.90476,14.18426],[-87.91022,14.17855],[-87.92219,14.17404],[-87.92351,14.16716],[-87.93311,14.16127],[-87.94311,14.13191],[-87.94998,14.13591],[-87.95224,14.16359],[-87.97729,14.16618],[-87.98003,14.1485],[-87.99409,14.15509],[-88.01316,14.19681],[-88.01437,14.21129],[-88.00933,14.21475],[-88.01383,14.22922],[-88.00895,14.23033],[-88.0047,14.22457],[-88.00201,14.2262],[-87.98587,14.21686],[-87.98364,14.20107],[-87.96128,14.20476],[-87.95331,14.20208],[-87.9187,14.2036],[-87.90988,14.19714],[-87.90077,14.19688],[-87.89376,14.2032],[-87.88018,14.18713]]]}},{"type":"Feature","id":"27666195B37681585704124","properties":{"admin_level":2,"municipality_code":"27666195B37681585704124","municipality":"Guajiquiro","municipality_key":"guajiquiro","department_code":"10453824B11843061934635","department":"La Paz","department_key":"lapaz","join_key":"lapaz|guajiquiro","centroid_lat":14.08994,"centroid_lon":-87.77326},"geometry":{"type":"Polygon","coordinates":[[[-87.76866,14.16227],[-87.78525,14.15218],[-87.78584,14.13713],[-87.75962,14.13083],[-87.73791,14.1299],[-87.71441,14.09358],[-87.69762,14.1033],[-87.68658,14.08003],[-87.68948,14.07955],[-87.69098,14.07395],[-87.68985,14.06532],[-87.69281,14.06529],[-87.68954,14.06186],[-87.69038,14.0538],[-87.68771,14.05193],[-87.69107,14.05129],[-87.68496,14.03155],[-87.68839,14.02935],[-87.68535,14.01966],[-87.69198,14.01237],[-87.69041,14.00745],[-87.69404,14.00242],[-87.69333,13.9913],[-87.69751,13.98635],[-87.75859,13.97444],[-87.77583,13.97546],[-87.78296,13.972],[-87.80057,13.98537],[-87.80529,13.98396],[-87.80759,13.97862],[-87.81226,13.97803],[-87.82909,14.00477],[-87.82875,14.00994],[-87.838,14.02928],[-87.85707,14.0349],[-87.86833,14.04573],[-87.85851,14.07778],[-87.85335,14.08629],[-87.8575,14.09427],[-87.85462,14.11292],[-87.86093,14.12566],[-87.87278,14.12623],[-87.87376,14.14737],[-87.87964,14.15463],[-87.88369,14.17259],[-87.88062,14.17716],[-87.88018,14.18713],[-87.84805,14.19854],[-87.84541,14.1946],[-87.84082,14.19559],[-87.82949,14.21145],[-87.82591,14.21187],[-87.82539,14.19947],[-87.78798,14.18924],[-87.76866,14.16227]]]}},{"type":"Feature","id":"27666195B4973342406625","properties":{"admin_level":2,"municipality_code":"27666195B4973342406625","municipality":"La Paz","municipality_key":"lapaz","department_code":"10453824B11843061934635","department":"La Paz","department_key":"lapaz","join_key":"lapaz|lapaz","centroid_lat":14.31131,"centroid_lon":-87.74033},"geometry":{"type":"Polygon","coordinates":[[[-87.65564,14.37192],[-87.64941,14.36758],[-87.64598,14.37179],[-87.6471,14.36052],[-87.64444,14.36086],[-87.63959,14.35462],[-87.64027,14.34481],[-87.63396,14.34057],[-87.64013,14.33153],[-87.6387,14.32382],[-87.63559,14.32292],[-87.63668,14.31644],[-87.62598,14.31344],[-87.62954,14.30689],[-87.67972,14.30858],[-87.69321,14.29155],[-87.71539,14.28915],[-87.72036,14.28611],[-87.72869,14.28732],[-87.75385,14.27094],[-87.74773,14.26087],[-87.72702,14.26004],[-87.72403,14.25696],[-87.71541,14.25721],[-87.71209,14.26106],[-87.71374,14.26354],[-87.70968,14.26624],[-87.68968,14.27036],[-87.67827,14.26362],[-87.67851,14.26158],[-87.68185,14.26402],[-87.68372,14.25987],[-87.7002,14.24961],[-87.70758,14.25202],[-87.71756,14.24851],[-87.721,14.24989],[-87.72421,14.24677],[-87.73457,14.24523],[-87.74114,14.23584],[-87.75524,14.23874],[-87.76441,14.23417],[-87.76901,14.23599],[-87.77595,14.23415],[-87.78113,14.24268],[-87.81632,14.22806],[-87.8177,14.23364],[-87.82142,14.23178],[-87.82661,14.24492],[-87.81982,14.25203],[-87.82778,14.25775],[-87.8257,14.26467],[-87.83155,14.26551],[-87.82856,14.27426],[-87.83235,14.27808],[-87.83253,14.28547],[-87.8432,14.29456],[-87.86332,14.29583],[-87.86987,14.29899],[-87.86911,14.30405],[-87.85496,14.30918],[-87.83912,14.33276],[-87.82404,14.34151],[-87.8049,14.36304],[-87.78912,14.39136],[-87.78258,14.37297],[-87.75426,14.37073],[-87.72881,14.35713],[-87.71303,14.35528],[-87.70136,14.34555],[-87.65564,14.37192]]]}},{"type":"Feature","id":"27666195B69493881597747","properties":{"admin_level":2,"municipality_code":"27666195B69493881597747","municipality":"Lauterique","municipality_key":"lauterique","department_code":"10453824B11843061934635","department":"La Paz","department_key":"lapaz","join_key":"lapaz|lauterique","centroid_lat":13.85824,"centroid_lon":-87.65547},"geometry":{"type":"Polygon","coordinates":[[[-87.61627,13.87551],[-87.61506,13.87045],[-87.62353,13.85426],[-87.63912,13.84261],[-87.64469,13.82929],[-87.65577,13.83288],[-87.66893,13.83275],[-87.68011,13.84463],[-87.68931,13.84742],[-87.69335,13.85369],[-87.6861,13.86222],[-87.68698,13.86853],[-87.6788,13.87507],[-87.68229,13.87821],[-87.68081,13.88992],[-87.67785,13.89067],[-87.67077,13.88496],[-87.66473,13.89221],[-87.65899,13.88735],[-87.65096,13.88903],[-87.64512,13.8841],[-87.63702,13.88389],[-87.61627,13.87551]]]}},{"type":"Feature","id":"27666195B78924696380449","properties":{"admin_level":2,"municipality_code":"27666195B78924696380449","municipality":"Marcala","municipality_key":"marcala","department_code":"10453824B11843061934635","department":"La Paz","department_key":"lapaz","join_key":"lapaz|marcala","centroid_lat":14.1237,"centroid_lon":-88.00327},"geometry":{"type":"Polygon","coordinates":[[[-88.11856,14.17699],[-88.11759,14.18288],[-88.10776,14.19127],[-88.1066,14.21038],[-88.06814,14.23783],[-88.06509,14.24411],[-88.04503,14.25302],[-88.0084,14.25313],[-88.01383,14.22922],[-88.00933,14.21475],[-88.01437,14.21129],[-88.01314,14.20774],[-88.0153,14.20589],[-87.99409,14.15509],[-87.98003,14.1485],[-87.97729,14.16618],[-87.95224,14.16359],[-87.94998,14.13591],[-87.94311,14.13191],[-87.95553,14.11623],[-87.97496,14.11381],[-87.96913,14.10364],[-87.97158,14.08958],[-87.98368,14.08461],[-87.98914,14.09292],[-87.99177,14.09216],[-88.00655,14.08339],[-88.01159,14.0773],[-88.012,14.07228],[-88.03166,14.05508],[-88.04443,14.05777],[-88.05251,14.05402],[-88.05676,14.03968],[-88.06697,14.02886],[-88.07433,14.01528],[-88.07338,14.01094],[-88.07811,14.00509],[-88.07994,13.99335],[-88.10797,14.00045],[-88.10658,14.01051],[-88.10083,14.01578],[-88.09976,14.0279],[-88.09404,14.03446],[-88.09414,14.04107],[-88.09063,14.04215],[-88.08901,14.0467],[-88.0774,14.04629],[-88.07531,14.05307],[-88.07813,14.06026],[-88.06201,14.07165],[-88.05658,14.08181],[-88.04999,14.08325],[-88.05088,14.09153],[-88.03778,14.08828],[-88.03929,14.0965],[-88.02978,14.10267],[-88.03286,14.10747],[-88.04611,14.10686],[-88.05723,14.11126],[-88.0547,14.11832],[-88.05915,14.12909],[-88.05227,14.13413],[-88.05387,14.13825],[-88.06891,14.1376],[-88.08048,14.15657],[-88.09553,14.16243],[-88.09609,14.16776],[-88.09928,14.1688],[-88.10134,14.17432],[-88.10863,14.17868],[-88.11435,14.17228],[-88.11856,14.17699]]]}},{"type":"Feature","id":"27666195B10683229568553","properties":{"admin_level":2,"municipality_code":"27666195B10683229568553","municipality":"Mercedes de Oriente","municipality_key":"mercedesdeoriente","department_code":"10453824B11843061934635","department":"La Paz","department_key":"lapaz","join_key":"lapaz|mercedesdeoriente","centroid_lat":13.92819,"centroid_lon":-87.78543},"geometry":{"type":"Polygon","coordinates":[[[-87.80759,13.97862],[-87.80529,13.98396],[-87.80057,13.98537],[-87.78757,13.97602],[-87.78163,13.9605],[-87.77183,13.94807],[-87.77245,13.93853],[-87.76699,13.91872],[-87.75522,13.91094],[-87.75188,13.90317],[-87.75594,13.89019],[-87.75033,13.88821],[-87.75081,13.8751],[-87.76251,13.86563],[-87.77149,13.8746],[-87.78451,13.87696],[-87.78639,13.88272],[-87.79583,13.88723],[-87.80016,13.89416],[-87.79478,13.9024],[-87.79852,13.92401],[-87.80401,13.93237],[-87.79647,13.9388],[-87.7981,13.95075],[-87.79596,13.96076],[-87.80137,13.97314],[-87.80759,13.97862]]]}},{"type":"Feature","id":"27666195B51886309725377","properties":{"admin_level":2,"municipality_code":"27666195B51886309725377","municipality":"Opatoro","municipality_key":"opatoro","department_code":"10453824B11843061934635","department":"La Paz","department_key":"lapaz","join_key":"lapaz|opatoro","centroid_lat":14.04216,"centroid_lon":-87.88734},"geometry":{"type":"Polygon","coordinates":[[[-87.94311,14.13191],[-87.93311,14.16127],[-87.92351,14.16716],[-87.92219,14.17404],[-87.91022,14.17855],[-87.90476,14.18426],[-87.89558,14.17743],[-87.88062,14.17716],[-87.88391,14.16815],[-87.87964,14.15463],[-87.87376,14.14737],[-87.87278,14.12623],[-87.86093,14.12566],[-87.85462,14.11292],[-87.8575,14.09427],[-87.85335,14.08629],[-87.85851,14.07778],[-87.86833,14.04573],[-87.85707,14.0349],[-87.838,14.02928],[-87.81872,13.98539],[-87.81226,13.97803],[-87.80759,13.97862],[-87.80137,13.97314],[-87.79596,13.96076],[-87.7981,13.95075],[-87.79647,13.9388],[-87.80401,13.93237],[-87.79852,13.92401],[-87.79655,13.91094],[-87.80409,13.9205],[-87.83115,13.91772],[-87.84241,13.9056],[-87.84432,13.89747],[-87.85659,13.89333],[-87.86447,13.89839],[-87.87375,13.89563],[-87.88169,13.90185],[-87.88309,13.89974],[-87.88708,13.90097],[-87.87815,13.9061],[-87.8786,13.91397],[-87.87381,13.92033],[-87.87889,13.92478],[-87.89699,13.92313],[-87.89697,13.93448],[-87.90735,13.95132],[-87.87829,13.96701],[-87.88401,13.97866],[-87.89618,13.98983],[-87.89731,13.99579],[-87.91747,14.00204],[-87.92735,14.01046],[-87.9138,14.02397],[-87.90745,14.03858],[-87.91556,14.04967],[-87.91193,14.05449],[-87.91293,14.06218],[-87.90973,14.0652],[-87.91933,14.07197],[-87.9244,14.08297],[-87.94384,14.10343],[-87.94537,14.11027],[-87.9496,14.11217],[-87.94802,14.12719],[-87.94311,14.13191]]]}},{"type":"Feature","id":"27666195B2585232862225","properties":{"admin_level":2,"municipality_code":"27666195B2585232862225","municipality":"San Antonio del Norte","municipality_key":"sanantoniodelnorte","department_code":"10453824B11843061934635","department":"La Paz","department_key":"lapaz","join_key":"lapaz|sanantoniodelnorte","centroid_lat":13.88907,"centroid_lon":-87.71683},"geometry":{"type":"Polygon","coordinates":[[[-87.69698,13.93606],[-87.67916,13.93798],[-87.67696,13.93434],[-87.67676,13.91787],[-87.68074,13.91799],[-87.68125,13.91542],[-87.66813,13.90624],[-87.67336,13.89323],[-87.66827,13.88668],[-87.67367,13.88569],[-87.67785,13.89067],[-87.68081,13.88992],[-87.68229,13.87821],[-87.6788,13.87507],[-87.68698,13.86853],[-87.6861,13.86222],[-87.69335,13.85369],[-87.68931,13.84742],[-87.7049,13.85068],[-87.73129,13.84722],[-87.745,13.84047],[-87.74666,13.85453],[-87.75662,13.86372],[-87.76251,13.86563],[-87.75081,13.8751],[-87.75033,13.88821],[-87.75594,13.89019],[-87.75188,13.90317],[-87.75522,13.91094],[-87.76699,13.91872],[-87.76996,13.92984],[-87.76545,13.93314],[-87.75547,13.92419],[-87.73069,13.93162],[-87.70896,13.92514],[-87.69698,13.93606]]]}},{"type":"Feature","id":"27666195B94160628539031","properties":{"admin_level":2,"municipality_code":"27666195B94160628539031","municipality":"San Jose","municipality_key":"sanjose","department_code":"10453824B11843061934635","department":"La Paz","department_key":"lapaz","join_key":"lapaz|sanjose","centroid_lat":14.23442,"centroid_lon":-87.96606},"geometry":{"type":"Polygon","coordinates":[[[-88.01245,14.23032],[-88.00445,14.2682],[-87.97335,14.27008],[-87.96988,14.2725],[-87.95522,14.26409],[-87.95251,14.25425],[-87.94213,14.24883],[-87.9302,14.23511],[-87.92135,14.23495],[-87.91285,14.22948],[-87.91237,14.22608],[-87.90601,14.22614],[-87.906,14.23383],[-87.90195,14.23786],[-87.88923,14.23792],[-87.89252,14.2339],[-87.88981,14.2302],[-87.88827,14.21462],[-87.89376,14.2032],[-87.90077,14.19688],[-87.90988,14.19714],[-87.9187,14.2036],[-87.95331,14.20208],[-87.96128,14.20476],[-87.98364,14.20107],[-87.98587,14.21686],[-88.01245,14.23032]]]}},{"type":"Feature","id":"27666195B87762475019358","properties":{"admin_level":2,"municipality_code":"27666195B87762475019358","municipality":"San Juan","municipality_key":"sanjuan","department_code":"10453824B11843061934635","department":"La Paz","department_key":"lapaz","join_key":"lapaz|sanjuan","centroid_lat":13.95542,"centroid_lon":-87.734},"geometry":{"type":"Polygon","coordinates":[[[-87.69751,13.98635],[-87.69983,13.98159],[-87.69703,13.97867],[-87.69891,13.96873],[-87.6871,13.95034],[-87.68081,13.95015],[-87.68101,13.94322],[-87.68545,13.93928],[-87.68276,13.93734],[-87.69698,13.93606],[-87.70896,13.92514],[-87.73069,13.93162],[-87.75547,13.92419],[-87.76545,13.93314],[-87.76996,13.92984],[-87.77183,13.94807],[-87.78163,13.9605],[-87.7855,13.97296],[-87.77583,13.97546],[-87.75859,13.97444],[-87.69751,13.98635]]]}},{"type":"Feature","id":"27666195B44797155238261","properties":{"admin_level":2,"municipality_code":"27666195B44797155238261","municipality":"San Pedro de Tutule","municipality_key":"sanpedrodetutule","department_code":"10453824B11843061934635","department":"La Paz","department_key":"lapaz","join_key":"lapaz|sanpedrodetutule","centroid_lat":14.24847,"centroid_lon":-87.85201},"geometry":{"type":"Polygon","coordinates":[[[-87.82142,14.23178],[-87.83008,14.22746],[-87.83353,14.2221],[-87.82591,14.21187],[-87.82949,14.21145],[-87.84082,14.19559],[-87.84541,14.1946],[-87.86029,14.21398],[-87.87784,14.22594],[-87.88147,14.23209],[-87.87919,14.24303],[-87.88219,14.25307],[-87.8752,14.26073],[-87.87469,14.26568],[-87.86637,14.27336],[-87.86978,14.27971],[-87.86617,14.28332],[-87.86332,14.29583],[-87.8432,14.29456],[-87.83253,14.28547],[-87.83235,14.27808],[-87.82856,14.27426],[-87.83155,14.26551],[-87.8257,14.26467],[-87.82778,14.25775],[-87.81982,14.25203],[-87.82661,14.24492],[-87.82142,14.23178]]]}},{"type":"Feature","id":"27666195B3859139292279","properties":{"admin_level":2,"municipality_code":"27666195B3859139292279","municipality":"Santa Ana","municipality_key":"santaana","department_code":"10453824B11843061934635","department":"La Paz","department_key":"lapaz","join_key":"lapaz|santaana","centroid_lat":13.99333,"centroid_lon":-87.93143},"geometry":{"type":"Polygon","coordinates":[[[-88.02684,13.9013],[-88.02606,13.90739],[-88.02032,13.91464],[-88.02069,13.92015],[-87.984,13.92075],[-87.97769,13.92517],[-87.97775,13.93517],[-87.98717,13.95686],[-87.97557,13.96056],[-87.97074,13.95614],[-87.96315,13.95481],[-87.95389,13.94642],[-87.95432,13.95652],[-87.9494,13.95618],[-87.94965,13.9674],[-87.9473,13.97029],[-87.95753,13.98044],[-87.9613,13.99088],[-87.97117,13.99601],[-87.99,13.99629],[-87.99078,13.99971],[-87.98453,14.00352],[-87.99161,14.00573],[-87.99821,14.015],[-87.99544,14.02431],[-87.97748,14.02386],[-87.96973,14.02727],[-87.97406,14.03651],[-87.97162,14.04127],[-87.9728,14.04792],[-87.98203,14.05899],[-87.98503,14.05981],[-87.99397,14.05306],[-88.0083,14.05523],[-88.01289,14.063],[-88.01019,14.06773],[-88.00049,14.06616],[-87.99489,14.06871],[-87.99177,14.09216],[-87.98914,14.09292],[-87.98368,14.08461],[-87.96953,14.09202],[-87.96913,14.10364],[-87.97496,14.11381],[-87.95553,14.11623],[-87.95006,14.12083],[-87.9496,14.11217],[-87.94537,14.11027],[-87.94384,14.10343],[-87.9244,14.08297],[-87.91933,14.07197],[-87.90973,14.0652],[-87.91293,14.06218],[-87.91193,14.05449],[-87.91556,14.04967],[-87.90745,14.03858],[-87.9138,14.02397],[-87.92735,14.01046],[-87.91747,14.00204],[-87.89731,13.99579],[-87.89618,13.98983],[-87.88401,13.97866],[-87.87829,13.96701],[-87.90735,13.95132],[-87.89697,13.93448],[-87.89699,13.92313],[-87.87889,13.92478],[-87.87381,13.92033],[-87.8786,13.91397],[-87.87815,13.9061],[-87.88962,13.89768],[-87.89768,13.90203],[-87.9115,13.89857],[-87.91378,13.89635],[-87.91213,13.89246],[-87.91607,13.8917],[-87.91752,13.89494],[-87.92141,13.8931],[-87.91979,13.88707],[-87.9225,13.88422],[-87.9333,13.89259],[-87.94295,13.89531],[-87.95137,13.89078],[-87.95919,13.90216],[-87.96453,13.89204],[-87.96801,13.89414],[-87.97876,13.88677],[-87.986,13.88705],[-87.99744,13.87706],[-88.00511,13.87492],[-88.00655,13.87031],[-88.01347,13.8719],[-88.01571,13.88981],[-88.02684,13.9013]]]}},{"type":"Feature","id":"27666195B24762769200166","properties":{"admin_level":2,"municipality_code":"27666195B24762769200166","municipality":"Santa Elena","municipality_key":"santaelena","department_code":"10453824B11843061934635","department":"La Paz","department_key":"lapaz","join_key":"lapaz|santaelena","centroid_lat":14.07162,"centroid_lon":-88.16274},"geometry":{"type":"Polygon","coordinates":[[[-88.21722,13.99212],[-88.20468,14.05036],[-88.21356,14.05901],[-88.22848,14.06659],[-88.23643,14.07859],[-88.23643,14.08451],[-88.22747,14.08673],[-88.22422,14.08299],[-88.21769,14.09609],[-88.20566,14.10075],[-88.20272,14.10958],[-88.1978,14.11037],[-88.18309,14.1366],[-88.17108,14.14116],[-88.15926,14.15435],[-88.14128,14.14231],[-88.13676,14.13564],[-88.11211,14.12375],[-88.0938,14.10448],[-88.0996,14.09849],[-88.10386,14.09784],[-88.09825,14.08889],[-88.09346,14.08773],[-88.09549,14.07665],[-88.09147,14.06556],[-88.12391,14.02466],[-88.12156,14.01185],[-88.11541,14.00637],[-88.11831,13.99597],[-88.13538,13.98942],[-88.14889,13.99047],[-88.1526,13.98607],[-88.16317,13.98287],[-88.16625,13.98551],[-88.17342,13.98456],[-88.17687,13.98976],[-88.18017,13.98826],[-88.1806,13.9912],[-88.18758,13.98942],[-88.19395,13.99165],[-88.19766,13.99629],[-88.21722,13.99212]]]}},{"type":"Feature","id":"27666195B95776032700257","properties":{"admin_level":2,"municipality_code":"27666195B95776032700257","municipality":"Santa Maria","municipality_key":"santamaria","department_code":"10453824B11843061934635","department":"La Paz","department_key":"lapaz","join_key":"lapaz|santamaria","centroid_lat":14.25917,"centroid_lon":-87.9157},"geometry":{"type":"Polygon","coordinates":[[[-88.00445,14.2682],[-88.00607,14.27229],[-88.00037,14.28528],[-87.9806,14.29515],[-87.97771,14.29298],[-87.97469,14.29651],[-87.97399,14.30273],[-87.96826,14.3077],[-87.96997,14.31903],[-87.96402,14.3237],[-87.96014,14.3227],[-87.95257,14.32696],[-87.94775,14.32519],[-87.94751,14.32216],[-87.89169,14.31278],[-87.88822,14.30689],[-87.87666,14.30614],[-87.87401,14.30086],[-87.87497,14.28126],[-87.87821,14.27227],[-87.868,14.27169],[-87.88219,14.25307],[-87.87919,14.24303],[-87.88147,14.23209],[-87.86846,14.21776],[-87.86029,14.21398],[-87.84805,14.19854],[-87.88018,14.18713],[-87.89376,14.2032],[-87.88827,14.21462],[-87.88981,14.2302],[-87.89252,14.2339],[-87.88923,14.23792],[-87.90195,14.23786],[-87.906,14.23383],[-87.90601,14.22614],[-87.91237,14.22608],[-87.91285,14.22948],[-87.92135,14.23495],[-87.9302,14.23511],[-87.94213,14.24883],[-87.95251,14.25425],[-87.95522,14.26409],[-87.96988,14.2725],[-87.97335,14.27008],[-88.00445,14.2682]]]}},{"type":"Feature","id":"27666195B8735504948943","properties":{"admin_level":2,"municipality_code":"27666195B8735504948943","municipality":"Santiago de Puringla","municipality_key":"santiagodepuringla","department_code":"10453824B11843061934635","department":"La Paz","department_key":"lapaz","join_key":"lapaz|santiagodepuringla","centroid_lat":14.34534,"centroid_lon":-87.8868},"geometry":{"type":"Polygon","coordinates":[[[-87.8551,14.4259],[-87.84829,14.41973],[-87.8356,14.39393],[-87.78912,14.39136],[-87.8049,14.36304],[-87.82404,14.34151],[-87.83912,14.33276],[-87.85496,14.30918],[-87.86911,14.30405],[-87.86987,14.29899],[-87.86332,14.29583],[-87.86617,14.28332],[-87.86978,14.27971],[-87.86637,14.27336],[-87.87463,14.27097],[-87.87821,14.27227],[-87.87497,14.28126],[-87.87401,14.30086],[-87.87666,14.30614],[-87.88822,14.30689],[-87.89169,14.31278],[-87.94751,14.32216],[-87.94775,14.32519],[-87.95586,14.3287],[-87.95228,14.33052],[-87.9542,14.33631],[-87.95113,14.34169],[-87.95484,14.34906],[-87.95863,14.34899],[-87.9563,14.35594],[-87.95809,14.3652],[-87.96181,14.36781],[-87.9552,14.37381],[-87.958,14.37935],[-87.95791,14.38974],[-87.95042,14.38826],[-87.94802,14.38381],[-87.93399,14.38089],[-87.92877,14.38353],[-87.91725,14.38015],[-87.86632,14.41275],[-87.8551,14.4259]]]}},{"type":"Feature","id":"27666195B51928369453828","properties":{"admin_level":2,"municipality_code":"27666195B51928369453828","municipality":"Yarula","municipality_key":"yarula","department_code":"10453824B11843061934635","department":"La Paz","department_key":"lapaz","join_key":"lapaz|yarula","centroid_lat":14.08549,"centroid_lon":-88.07205},"geometry":{"type":"Polygon","coordinates":[[[-88.15442,14.15927],[-88.13873,14.16264],[-88.13713,14.16555],[-88.13181,14.16496],[-88.13021,14.16845],[-88.11974,14.17209],[-88.11856,14.17699],[-88.11435,14.17228],[-88.10863,14.17868],[-88.10134,14.17432],[-88.09928,14.1688],[-88.09609,14.16776],[-88.09553,14.16243],[-88.08048,14.15657],[-88.06891,14.1376],[-88.05805,14.13962],[-88.05202,14.13608],[-88.05915,14.12909],[-88.0547,14.11832],[-88.05723,14.11126],[-88.04611,14.10686],[-88.03286,14.10747],[-88.02978,14.10267],[-88.03929,14.0965],[-88.03778,14.08828],[-88.05088,14.09153],[-88.04999,14.08325],[-88.05658,14.08181],[-88.06201,14.07165],[-88.07813,14.06026],[-88.07531,14.05307],[-88.0774,14.04629],[-88.08901,14.0467],[-88.09063,14.04215],[-88.09414,14.04107],[-88.09404,14.03446],[-88.09976,14.0279],[-88.10083,14.01578],[-88.10658,14.01051],[-88.10797,14.00045],[-88.11831,13.99597],[-88.11541,14.00637],[-88.12156,14.01185],[-88.12391,14.02466],[-88.09147,14.06556],[-88.09549,14.07665],[-88.09346,14.08773],[-88.09825,14.08889],[-88.10386,14.09784],[-88.0996,14.09849],[-88.0938,14.10448],[-88.11211,14.12375],[-88.13676,14.13564],[-88.14128,14.14231],[-88.15926,14.15435],[-88.15442,14.15927]]]}},{"type":"Feature","id":"27666195B74461525568246","properties":{"admin_level":2,"municipality_code":"27666195B74461525568246","municipality":"Belen","municipality_key":"belen","department_code":"10453824B36949426591135","department":"Lempira","department_key":"lempira","join_key":"lempira|belen","centroid_lat":14.52143,"centroid_lon":-88.43802},"geometry":{"type":"Polygon","coordinates":[[[-88.375,14.47912],[-88.38688,14.47405],[-88.43083,14.47218],[-88.44977,14.47806],[-88.47316,14.4713],[-88.50269,14.4525],[-88.50362,14.46239],[-88.50921,14.46446],[-88.50808,14.46849],[-88.51213,14.46851],[-88.51413,14.47375],[-88.51339,14.47918],[-88.50884,14.48354],[-88.51022,14.48848],[-88.51773,14.49173],[-88.5266,14.50938],[-88.52927,14.50865],[-88.52767,14.51079],[-88.53057,14.51342],[-88.53116,14.52546],[-88.53629,14.52892],[-88.53487,14.53098],[-88.53796,14.53463],[-88.53358,14.54051],[-88.52911,14.54172],[-88.52954,14.54431],[-88.51889,14.54565],[-88.51213,14.56576],[-88.4785,14.55808],[-88.4735,14.56446],[-88.46175,14.56329],[-88.45186,14.55264],[-88.44443,14.55218],[-88.44088,14.54144],[-88.42138,14.5374],[-88.40605,14.54657],[-88.40673,14.58343],[-88.40169,14.59358],[-88.39,14.59129],[-88.38527,14.58665],[-88.36693,14.59116],[-88.35521,14.58805],[-88.3524,14.58104],[-88.33828,14.57654],[-88.33386,14.56919],[-88.33063,14.55373],[-88.34873,14.5294],[-88.34322,14.51739],[-88.34512,14.5056],[-88.375,14.47912]]]}},{"type":"Feature","id":"27666195B3501505273689","properties":{"admin_level":2,"municipality_code":"27666195B3501505273689","municipality":"Candelaria","municipality_key":"candelaria","department_code":"10453824B36949426591135","department":"Lempira","department_key":"lempira","join_key":"lempira|candelaria","centroid_lat":14.05644,"centroid_lon":-88.5618},"geometry":{"type":"Polygon","coordinates":[[[-88.59297,14.03638],[-88.60311,14.05903],[-88.57447,14.09424],[-88.55911,14.09626],[-88.52892,14.0754],[-88.52977,14.07218],[-88.52356,14.06845],[-88.52594,14.05978],[-88.51834,14.05386],[-88.52023,14.05127],[-88.51779,14.04538],[-88.52199,14.04233],[-88.52386,14.03219],[-88.52008,14.03018],[-88.52182,14.0242],[-88.51772,14.02277],[-88.52327,14.01737],[-88.51993,14.01521],[-88.52043,14.0119],[-88.54634,14.02469],[-88.59297,14.03638]]]}},{"type":"Feature","id":"27666195B2519536680444","properties":{"admin_level":2,"municipality_code":"27666195B2519536680444","municipality":"Cololaca","municipality_key":"cololaca","department_code":"10453824B36949426591135","department":"Lempira","department_key":"lempira","join_key":"lempira|cololaca","centroid_lat":14.30571,"centroid_lon":-88.88539},"geometry":{"type":"Polygon","coordinates":[[[-88.80571,14.38421],[-88.79907,14.36439],[-88.78442,14.35],[-88.78324,14.33608],[-88.80202,14.30899],[-88.81305,14.30096],[-88.81819,14.30062],[-88.82113,14.29727],[-88.83666,14.29725],[-88.8388,14.29256],[-88.83484,14.26656],[-88.84453,14.2663],[-88.84937,14.26332],[-88.85666,14.26565],[-88.86638,14.26164],[-88.8707,14.263],[-88.88096,14.2563],[-88.88539,14.25803],[-88.88894,14.24659],[-88.89609,14.24497],[-88.89888,14.23876],[-88.93022,14.26514],[-88.94077,14.26267],[-88.9525,14.25477],[-88.95248,14.25097],[-88.92941,14.22919],[-88.91976,14.20677],[-88.92444,14.20717],[-88.93138,14.20236],[-88.94094,14.20211],[-88.97186,14.21239],[-88.97424,14.21782],[-88.96599,14.22685],[-88.97341,14.25557],[-88.96575,14.27026],[-88.98155,14.29852],[-88.97806,14.30166],[-88.96893,14.30243],[-88.9567,14.31102],[-88.95612,14.31876],[-88.94763,14.32284],[-88.9471,14.3295],[-88.95125,14.33608],[-88.94842,14.34056],[-88.91119,14.34475],[-88.89753,14.35271],[-88.88724,14.3549],[-88.87865,14.36981],[-88.87956,14.4106],[-88.87102,14.40688],[-88.85876,14.40646],[-88.85493,14.3957],[-88.83624,14.38334],[-88.80571,14.38421]]]}},{"type":"Feature","id":"27666195B48277462959075","properties":{"admin_level":2,"municipality_code":"27666195B48277462959075","municipality":"Erandique","municipality_key":"erandique","department_code":"10453824B36949426591135","department":"Lempira","department_key":"lempira","join_key":"lempira|erandique","centroid_lat":14.24365,"centroid_lon":-88.47416},"geometry":{"type":"Polygon","coordinates":[[[-88.40948,14.27988],[-88.42496,14.25711],[-88.42508,14.25022],[-88.4208,14.24544],[-88.40976,14.24085],[-88.40563,14.24186],[-88.40202,14.23638],[-88.38905,14.23363],[-88.38391,14.22832],[-88.36936,14.23138],[-88.36705,14.22881],[-88.36061,14.2301],[-88.33752,14.22462],[-88.33279,14.22661],[-88.32987,14.21965],[-88.34568,14.2088],[-88.34738,14.20361],[-88.36934,14.18383],[-88.38308,14.18063],[-88.39099,14.18481],[-88.39447,14.17978],[-88.40715,14.17487],[-88.41285,14.16175],[-88.4336,14.1467],[-88.43636,14.13804],[-88.43402,14.13494],[-88.45112,14.13387],[-88.45681,14.131],[-88.47117,14.13522],[-88.47532,14.13247],[-88.47548,14.12581],[-88.48334,14.12272],[-88.48034,14.14583],[-88.48397,14.15078],[-88.49077,14.15012],[-88.49642,14.15868],[-88.52322,14.17626],[-88.53071,14.18411],[-88.53221,14.2045],[-88.51649,14.21174],[-88.52974,14.22737],[-88.53379,14.25884],[-88.53936,14.26543],[-88.54035,14.27123],[-88.54457,14.2719],[-88.55356,14.2805],[-88.56239,14.28247],[-88.55295,14.28885],[-88.55214,14.29342],[-88.54692,14.29791],[-88.53275,14.29216],[-88.51501,14.29992],[-88.50568,14.2951],[-88.49999,14.29529],[-88.49511,14.30581],[-88.467,14.34131],[-88.4671,14.35207],[-88.46149,14.35218],[-88.45771,14.35705],[-88.45315,14.35642],[-88.44988,14.3615],[-88.44,14.36644],[-88.42669,14.362],[-88.41574,14.32484],[-88.40948,14.27988]]]}},{"type":"Feature","id":"27666195B65386405180850","properties":{"admin_level":2,"municipality_code":"27666195B65386405180850","municipality":"Gracias","municipality_key":"gracias","department_code":"10453824B36949426591135","department":"Lempira","department_key":"lempira","join_key":"lempira|gracias","centroid_lat":14.62722,"centroid_lon":-88.61365},"geometry":{"type":"MultiPolygon","coordinates":[[[[-88.33051,14.62226],[-88.32323,14.56716],[-88.33063,14.55373],[-88.33386,14.56919],[-88.33828,14.57654],[-88.3524,14.58104],[-88.35521,14.58805],[-88.36693,14.59116],[-88.38527,14.58665],[-88.39671,14.59331],[-88.38779,14.6085],[-88.38098,14.61194],[-88.36571,14.61294],[-88.35922,14.62119],[-88.35489,14.62253],[-88.33051,14.62226]]],[[[-88.77748,14.54867],[-88.77045,14.57104],[-88.75869,14.59263],[-88.7528,14.59406],[-88.73356,14.61056],[-88.70859,14.61125],[-88.70482,14.62215],[-88.7018,14.62335],[-88.70534,14.63109],[-88.70482,14.63843],[-88.68476,14.6473],[-88.67802,14.65453],[-88.66206,14.65872],[-88.65419,14.65483],[-88.63977,14.65569],[-88.63111,14.66712],[-88.62121,14.66909],[-88.61773,14.67354],[-88.62584,14.68953],[-88.61693,14.68805],[-88.59438,14.70736],[-88.58683,14.70394],[-88.58277,14.70831],[-88.57549,14.70957],[-88.54898,14.74419],[-88.49521,14.74709],[-88.49503,14.71527],[-88.52643,14.70544],[-88.54259,14.68513],[-88.52627,14.65219],[-88.52577,14.64624],[-88.52958,14.63885],[-88.52631,14.6372],[-88.52722,14.63356],[-88.51978,14.62003],[-88.52726,14.61597],[-88.53772,14.59566],[-88.53092,14.58509],[-88.52105,14.5785],[-88.52477,14.56993],[-88.52081,14.57144],[-88.51213,14.56576],[-88.51889,14.54565],[-88.52954,14.54431],[-88.52911,14.54172],[-88.53358,14.54051],[-88.53796,14.53463],[-88.53593,14.53233],[-88.53945,14.52556],[-88.55519,14.52252],[-88.56296,14.51275],[-88.58568,14.51653],[-88.58975,14.5195],[-88.60431,14.51763],[-88.62135,14.52],[-88.63276,14.51236],[-88.64836,14.51002],[-88.67984,14.51639],[-88.69004,14.52217],[-88.717,14.51753],[-88.7179,14.52486],[-88.71565,14.52505],[-88.71456,14.53347],[-88.7224,14.5431],[-88.74474,14.54368],[-88.75243,14.54021],[-88.77748,14.54867]]]]}},{"type":"Feature","id":"27666195B50739684547416","properties":{"admin_level":2,"municipality_code":"27666195B50739684547416","municipality":"Gualcince","municipality_key":"gualcince","department_code":"10453824B36949426591135","department":"Lempira","department_key":"lempira","join_key":"lempira|gualcince","centroid_lat":14.13529,"centroid_lon":-88.57072},"geometry":{"type":"Polygon","coordinates":[[[-88.52892,14.0754],[-88.55911,14.09626],[-88.57447,14.09424],[-88.58496,14.08385],[-88.58779,14.08583],[-88.59807,14.08235],[-88.60884,14.07242],[-88.61908,14.07198],[-88.61904,14.06786],[-88.62622,14.06874],[-88.63098,14.07284],[-88.63625,14.07143],[-88.64067,14.07729],[-88.65068,14.08017],[-88.65194,14.09128],[-88.6567,14.09391],[-88.65555,14.09681],[-88.65982,14.10188],[-88.65655,14.11357],[-88.6637,14.12238],[-88.65833,14.13143],[-88.66087,14.13914],[-88.65273,14.14269],[-88.64933,14.14153],[-88.63876,14.15316],[-88.62592,14.15009],[-88.62167,14.15175],[-88.61249,14.14672],[-88.60484,14.14628],[-88.58577,14.16111],[-88.57851,14.17176],[-88.5563,14.17452],[-88.55226,14.18672],[-88.55623,14.19264],[-88.54505,14.19305],[-88.5346,14.19901],[-88.53221,14.2045],[-88.53071,14.18411],[-88.52322,14.17626],[-88.49642,14.15868],[-88.49077,14.15012],[-88.48397,14.15078],[-88.48034,14.14583],[-88.48526,14.11098],[-88.50412,14.0978],[-88.51656,14.09801],[-88.52455,14.09294],[-88.52931,14.08414],[-88.5251,14.07617],[-88.52892,14.0754]]]}},{"type":"Feature","id":"27666195B2541592461056","properties":{"admin_level":2,"municipality_code":"27666195B2541592461056","municipality":"Guarita","municipality_key":"guarita","department_code":"10453824B36949426591135","department":"Lempira","department_key":"lempira","join_key":"lempira|guarita","centroid_lat":14.19814,"centroid_lon":-88.83167},"geometry":{"type":"Polygon","coordinates":[[[-88.91976,14.20677],[-88.92941,14.22919],[-88.94643,14.24767],[-88.95079,14.24854],[-88.9525,14.25477],[-88.94077,14.26267],[-88.93022,14.26514],[-88.89888,14.23876],[-88.89609,14.24497],[-88.88894,14.24659],[-88.88539,14.25803],[-88.88096,14.2563],[-88.8707,14.263],[-88.86638,14.26164],[-88.85666,14.26565],[-88.84937,14.26332],[-88.84453,14.2663],[-88.83484,14.26656],[-88.8388,14.29256],[-88.83666,14.29725],[-88.82113,14.29727],[-88.81819,14.30062],[-88.81305,14.30096],[-88.79723,14.2936],[-88.78898,14.28021],[-88.80011,14.26361],[-88.81622,14.25303],[-88.8132,14.23892],[-88.82524,14.23005],[-88.82619,14.22389],[-88.82454,14.22086],[-88.79711,14.21244],[-88.79093,14.20495],[-88.76638,14.20443],[-88.75619,14.19133],[-88.74461,14.18819],[-88.74759,14.14393],[-88.75802,14.1454],[-88.75553,14.1872],[-88.75797,14.18724],[-88.7604,14.17735],[-88.77114,14.1791],[-88.78103,14.17035],[-88.78232,14.17218],[-88.77849,14.17473],[-88.78244,14.17956],[-88.78985,14.17958],[-88.79246,14.18345],[-88.80795,14.17638],[-88.81154,14.17729],[-88.81884,14.17111],[-88.82449,14.18106],[-88.82116,14.19162],[-88.82932,14.19185],[-88.82894,14.16708],[-88.81847,14.14723],[-88.80766,14.14934],[-88.79449,14.14656],[-88.79163,14.15133],[-88.78576,14.14838],[-88.78758,14.13162],[-88.79657,14.12269],[-88.79466,14.11364],[-88.78436,14.11037],[-88.7834,14.10382],[-88.82158,14.10817],[-88.83176,14.10277],[-88.83034,14.11193],[-88.83465,14.11529],[-88.83972,14.12977],[-88.8475,14.13045],[-88.84658,14.13998],[-88.85034,14.14414],[-88.84958,14.14843],[-88.85889,14.15208],[-88.86224,14.16562],[-88.86062,14.17126],[-88.88205,14.18831],[-88.90072,14.19062],[-88.90281,14.20458],[-88.91976,14.20677]]]}},{"type":"Feature","id":"27666195B33699186297111","properties":{"admin_level":2,"municipality_code":"27666195B33699186297111","municipality":"La Campa","municipality_key":"lacampa","department_code":"10453824B36949426591135","department":"Lempira","department_key":"lempira","join_key":"lempira|lacampa","centroid_lat":14.47549,"centroid_lon":-88.57066},"geometry":{"type":"Polygon","coordinates":[[[-88.50269,14.4525],[-88.49812,14.44923],[-88.50265,14.43738],[-88.51164,14.43242],[-88.51811,14.42445],[-88.5219,14.42548],[-88.52819,14.42029],[-88.61203,14.4391],[-88.60308,14.45413],[-88.62121,14.47379],[-88.6268,14.47268],[-88.6278,14.47718],[-88.63292,14.4786],[-88.63546,14.49109],[-88.62066,14.48657],[-88.61069,14.48772],[-88.60649,14.49871],[-88.60431,14.51763],[-88.58975,14.5195],[-88.58568,14.51653],[-88.56296,14.51275],[-88.55519,14.52252],[-88.53945,14.52556],[-88.53593,14.53233],[-88.53629,14.52892],[-88.53116,14.52546],[-88.53057,14.51342],[-88.52767,14.51079],[-88.52927,14.50865],[-88.5266,14.50938],[-88.51773,14.49173],[-88.51022,14.48848],[-88.50884,14.48354],[-88.51339,14.47918],[-88.51413,14.47375],[-88.51213,14.46851],[-88.50808,14.46849],[-88.50921,14.46446],[-88.50362,14.46239],[-88.50269,14.4525]]]}},{"type":"Feature","id":"27666195B64546459971627","properties":{"admin_level":2,"municipality_code":"27666195B64546459971627","municipality":"La Iguala","municipality_key":"laiguala","department_code":"10453824B36949426591135","department":"Lempira","department_key":"lempira","join_key":"lempira|laiguala","centroid_lat":14.67963,"centroid_lon":-88.47587},"geometry":{"type":"Polygon","coordinates":[[[-88.34792,14.65252],[-88.33051,14.62226],[-88.35489,14.62253],[-88.35922,14.62119],[-88.36571,14.61294],[-88.37586,14.61299],[-88.38779,14.6085],[-88.39346,14.5961],[-88.40169,14.59358],[-88.40673,14.58343],[-88.40605,14.54657],[-88.42138,14.5374],[-88.44088,14.54144],[-88.44443,14.55218],[-88.45186,14.55264],[-88.46175,14.56329],[-88.4735,14.56446],[-88.4785,14.55808],[-88.51213,14.56576],[-88.52081,14.57144],[-88.52477,14.56993],[-88.52105,14.5785],[-88.53092,14.58509],[-88.53772,14.59566],[-88.52726,14.61597],[-88.51978,14.62003],[-88.52722,14.63356],[-88.52631,14.6372],[-88.52958,14.63885],[-88.52577,14.64624],[-88.52627,14.65219],[-88.54259,14.68513],[-88.52643,14.70544],[-88.49503,14.71527],[-88.49521,14.74709],[-88.54898,14.74419],[-88.52467,14.78801],[-88.5223,14.79761],[-88.51421,14.80203],[-88.51622,14.80985],[-88.50404,14.82933],[-88.48878,14.81063],[-88.46772,14.79534],[-88.45737,14.7822],[-88.4474,14.78106],[-88.44538,14.76739],[-88.43998,14.76474],[-88.43238,14.76994],[-88.42738,14.7669],[-88.43747,14.7575],[-88.44088,14.75788],[-88.45291,14.74998],[-88.44773,14.74272],[-88.44724,14.72778],[-88.44261,14.72835],[-88.42806,14.71856],[-88.41382,14.71642],[-88.40728,14.71093],[-88.40347,14.71149],[-88.40754,14.7093],[-88.41107,14.70035],[-88.41208,14.67412],[-88.39166,14.66021],[-88.34792,14.65252]]]}},{"type":"Feature","id":"27666195B27008229241101","properties":{"admin_level":2,"municipality_code":"27666195B27008229241101","municipality":"La Union","municipality_key":"launion","department_code":"10453824B36949426591135","department":"Lempira","department_key":"lempira","join_key":"lempira|launion","centroid_lat":14.80299,"centroid_lon":-88.42476},"geometry":{"type":"Polygon","coordinates":[[[-88.4236,14.76218],[-88.43238,14.76994],[-88.43998,14.76474],[-88.44538,14.76739],[-88.4474,14.78106],[-88.45737,14.7822],[-88.46772,14.79534],[-88.48878,14.81063],[-88.47054,14.81711],[-88.45534,14.85164],[-88.44359,14.85673],[-88.42425,14.85234],[-88.41328,14.83418],[-88.38019,14.83674],[-88.36438,14.82178],[-88.37416,14.79507],[-88.38965,14.76817],[-88.39657,14.7667],[-88.40526,14.75264],[-88.42186,14.76414],[-88.4236,14.76218]]]}},{"type":"Feature","id":"27666195B16098778662068","properties":{"admin_level":2,"municipality_code":"27666195B16098778662068","municipality":"La Virtud","municipality_key":"lavirtud","department_code":"10453824B36949426591135","department":"Lempira","department_key":"lempira","join_key":"lempira|lavirtud","centroid_lat":14.07436,"centroid_lon":-88.68722},"geometry":{"type":"Polygon","coordinates":[[[-88.66087,14.13914],[-88.65833,14.13143],[-88.6637,14.12238],[-88.65655,14.11357],[-88.65982,14.10188],[-88.65555,14.09681],[-88.6567,14.09391],[-88.65194,14.09128],[-88.65068,14.08017],[-88.64067,14.07729],[-88.63625,14.07143],[-88.64472,14.06785],[-88.64372,14.05999],[-88.65307,14.05663],[-88.65363,14.05031],[-88.6568,14.04774],[-88.65354,14.03844],[-88.63755,14.02431],[-88.63589,14.01985],[-88.63967,14.0161],[-88.64752,14.01855],[-88.65257,14.01696],[-88.66235,14.02384],[-88.66543,14.01552],[-88.67395,14.00866],[-88.68324,14.01006],[-88.68157,14.02026],[-88.6903,14.02858],[-88.70251,14.03511],[-88.7106,14.03457],[-88.72365,14.04871],[-88.73912,14.05705],[-88.73118,14.10081],[-88.7046,14.11194],[-88.69967,14.11722],[-88.68914,14.11608],[-88.66087,14.13914]]]}},{"type":"Feature","id":"27666195B81012713461680","properties":{"admin_level":2,"municipality_code":"27666195B81012713461680","municipality":"Las Flores","municipality_key":"lasflores","department_code":"10453824B36949426591135","department":"Lempira","department_key":"lempira","join_key":"lempira|lasflores","centroid_lat":14.67739,"centroid_lon":-88.65183},"geometry":{"type":"Polygon","coordinates":[[[-88.67183,14.7087],[-88.65341,14.717],[-88.65294,14.72764],[-88.65787,14.7302],[-88.65889,14.73674],[-88.65258,14.73356],[-88.64811,14.73501],[-88.56476,14.7208],[-88.57549,14.70957],[-88.58277,14.70831],[-88.58683,14.70394],[-88.596,14.70651],[-88.61693,14.68805],[-88.62584,14.68953],[-88.61773,14.67354],[-88.62121,14.66909],[-88.63111,14.66712],[-88.63977,14.65569],[-88.65419,14.65483],[-88.66206,14.65872],[-88.67802,14.65453],[-88.68476,14.6473],[-88.70482,14.63843],[-88.70534,14.63109],[-88.7018,14.62335],[-88.70482,14.62215],[-88.70859,14.61125],[-88.73356,14.61056],[-88.75351,14.64158],[-88.73258,14.64459],[-88.72363,14.65009],[-88.71605,14.65047],[-88.71618,14.65415],[-88.69184,14.6551],[-88.68261,14.68124],[-88.66764,14.69067],[-88.67183,14.7087]]]}},{"type":"Feature","id":"27666195B68722731922498","properties":{"admin_level":2,"municipality_code":"27666195B68722731922498","municipality":"Lepaera","municipality_key":"lepaera","department_code":"10453824B36949426591135","department":"Lempira","department_key":"lempira","join_key":"lempira|lepaera","centroid_lat":14.83236,"centroid_lon":-88.58867},"geometry":{"type":"Polygon","coordinates":[[[-88.65254,14.84871],[-88.65784,14.85949],[-88.65415,14.86679],[-88.64361,14.86701],[-88.64882,14.87414],[-88.64948,14.88416],[-88.63944,14.90148],[-88.64503,14.92208],[-88.62446,14.9184],[-88.61092,14.93124],[-88.61382,14.93586],[-88.61038,14.94709],[-88.58586,14.93768],[-88.56192,14.93232],[-88.55619,14.93434],[-88.53414,14.87398],[-88.50404,14.82933],[-88.51622,14.80985],[-88.51421,14.80203],[-88.5223,14.79761],[-88.52467,14.78801],[-88.56476,14.7208],[-88.64811,14.73501],[-88.65258,14.73356],[-88.66448,14.74255],[-88.65929,14.75052],[-88.66445,14.75431],[-88.66487,14.76738],[-88.66973,14.77193],[-88.66771,14.77741],[-88.67948,14.78132],[-88.68105,14.78464],[-88.67842,14.79439],[-88.68027,14.79903],[-88.67657,14.80635],[-88.67948,14.81512],[-88.66982,14.83538],[-88.65423,14.84412],[-88.65254,14.84871]]]}},{"type":"Feature","id":"27666195B86769903642722","properties":{"admin_level":2,"municipality_code":"27666195B86769903642722","municipality":"Mapulaca","municipality_key":"mapulaca","department_code":"10453824B36949426591135","department":"Lempira","department_key":"lempira","join_key":"lempira|mapulaca","centroid_lat":14.04903,"centroid_lon":-88.62692},"geometry":{"type":"Polygon","coordinates":[[[-88.58496,14.08385],[-88.60311,14.05903],[-88.59297,14.03638],[-88.61682,14.01256],[-88.62782,14.02205],[-88.63589,14.01985],[-88.63755,14.02431],[-88.65354,14.03844],[-88.6568,14.04774],[-88.65363,14.05031],[-88.65487,14.05318],[-88.65016,14.05851],[-88.64372,14.05999],[-88.64472,14.06785],[-88.64092,14.07055],[-88.63757,14.06945],[-88.63098,14.07284],[-88.62622,14.06874],[-88.61904,14.06786],[-88.61908,14.07198],[-88.60884,14.07242],[-88.59807,14.08235],[-88.58779,14.08583],[-88.58496,14.08385]]]}},{"type":"Feature","id":"27666195B26013568254344","properties":{"admin_level":2,"municipality_code":"27666195B26013568254344","municipality":"Piraera","municipality_key":"piraera","department_code":"10453824B36949426591135","department":"Lempira","department_key":"lempira","join_key":"lempira|piraera","centroid_lat":14.04713,"centroid_lon":-88.45068},"geometry":{"type":"Polygon","coordinates":[[[-88.38275,14.04888],[-88.38342,14.038],[-88.40313,14.03473],[-88.42657,14.01838],[-88.43995,14.01691],[-88.44486,14.0093],[-88.46233,14.00773],[-88.46903,13.99454],[-88.48102,13.99088],[-88.47681,13.97872],[-88.47966,13.9785],[-88.48094,13.97455],[-88.48975,13.97259],[-88.49215,13.96234],[-88.49541,13.9652],[-88.49961,13.96398],[-88.50121,13.96763],[-88.52691,13.98376],[-88.52406,13.9984],[-88.52579,14.00142],[-88.51949,14.00666],[-88.52191,14.00902],[-88.51993,14.01521],[-88.52327,14.01737],[-88.51772,14.02277],[-88.52182,14.0242],[-88.52008,14.03018],[-88.52386,14.03219],[-88.52199,14.04233],[-88.51779,14.04538],[-88.52023,14.05127],[-88.51834,14.05386],[-88.52594,14.05978],[-88.52356,14.06845],[-88.52977,14.07218],[-88.52892,14.0754],[-88.5251,14.07617],[-88.52931,14.08414],[-88.52702,14.09071],[-88.51656,14.09801],[-88.50412,14.0978],[-88.49554,14.10236],[-88.48526,14.11098],[-88.48334,14.12272],[-88.47548,14.12581],[-88.47532,14.13247],[-88.47117,14.13522],[-88.45681,14.131],[-88.45112,14.13387],[-88.43402,14.13494],[-88.43131,14.13077],[-88.43355,14.12816],[-88.42771,14.12086],[-88.42549,14.12216],[-88.423,14.11931],[-88.42066,14.10942],[-88.41418,14.10306],[-88.40746,14.08402],[-88.39584,14.07286],[-88.38821,14.07328],[-88.38254,14.06329],[-88.37662,14.06098],[-88.37763,14.05326],[-88.38275,14.04888]]]}},{"type":"Feature","id":"27666195B74503802640136","properties":{"admin_level":2,"municipality_code":"27666195B74503802640136","municipality":"San Andres","municipality_key":"sanandres","department_code":"10453824B36949426591135","department":"Lempira","department_key":"lempira","join_key":"lempira|sanandres","centroid_lat":14.23932,"centroid_lon":-88.61275},"geometry":{"type":"Polygon","coordinates":[[[-88.56239,14.28247],[-88.55356,14.2805],[-88.54457,14.2719],[-88.54035,14.27123],[-88.53936,14.26543],[-88.53379,14.25884],[-88.52974,14.22737],[-88.51649,14.21174],[-88.53221,14.2045],[-88.5346,14.19901],[-88.54505,14.19305],[-88.55623,14.19264],[-88.55226,14.18672],[-88.5563,14.17452],[-88.57851,14.17176],[-88.58577,14.16111],[-88.60484,14.14628],[-88.61249,14.14672],[-88.62167,14.15175],[-88.62592,14.15009],[-88.63876,14.15316],[-88.64933,14.14153],[-88.66065,14.13935],[-88.65895,14.14419],[-88.66257,14.14454],[-88.67047,14.16343],[-88.67008,14.16985],[-88.67995,14.17479],[-88.67718,14.18671],[-88.68795,14.19168],[-88.68418,14.19601],[-88.68543,14.20482],[-88.68924,14.20498],[-88.69107,14.21236],[-88.68615,14.21312],[-88.68931,14.21733],[-88.6879,14.22474],[-88.69159,14.22671],[-88.69097,14.23104],[-88.69536,14.23709],[-88.69308,14.24155],[-88.69503,14.24527],[-88.69078,14.24748],[-88.69169,14.25364],[-88.68155,14.2687],[-88.67598,14.27016],[-88.67212,14.26752],[-88.66988,14.2721],[-88.66657,14.26976],[-88.66702,14.27236],[-88.6633,14.27336],[-88.66486,14.2774],[-88.66234,14.28183],[-88.65907,14.28166],[-88.65081,14.29589],[-88.6485,14.29493],[-88.64692,14.30057],[-88.6542,14.31269],[-88.64407,14.32377],[-88.64261,14.33395],[-88.63745,14.33185],[-88.63129,14.33557],[-88.62794,14.33389],[-88.62746,14.32536],[-88.61773,14.32094],[-88.6186,14.3164],[-88.61452,14.30844],[-88.61686,14.30744],[-88.58749,14.30351],[-88.57718,14.2976],[-88.57692,14.29378],[-88.56567,14.28921],[-88.56239,14.28247]]]}},{"type":"Feature","id":"27666195B39491664088355","properties":{"admin_level":2,"municipality_code":"27666195B39491664088355","municipality":"San Francisco","municipality_key":"sanfrancisco","department_code":"10453824B36949426591135","department":"Lempira","department_key":"lempira","join_key":"lempira|sanfrancisco","centroid_lat":14.1344,"centroid_lon":-88.37821},"geometry":{"type":"Polygon","coordinates":[[[-88.37706,14.04429],[-88.38242,14.04317],[-88.38275,14.04888],[-88.37763,14.05326],[-88.37662,14.06098],[-88.38254,14.06329],[-88.38821,14.07328],[-88.39584,14.07286],[-88.40746,14.08402],[-88.41418,14.10306],[-88.42066,14.10942],[-88.423,14.11931],[-88.42549,14.12216],[-88.42771,14.12086],[-88.43355,14.12816],[-88.43131,14.13077],[-88.43636,14.13804],[-88.4336,14.1467],[-88.41285,14.16175],[-88.40715,14.17487],[-88.39447,14.17978],[-88.39099,14.18481],[-88.38308,14.18063],[-88.36934,14.18383],[-88.34738,14.20361],[-88.34568,14.2088],[-88.32987,14.21965],[-88.32113,14.20886],[-88.32787,14.1974],[-88.32683,14.19028],[-88.33398,14.17721],[-88.32925,14.16467],[-88.31906,14.15564],[-88.3196,14.14411],[-88.32359,14.13852],[-88.31604,14.10768],[-88.32833,14.10351],[-88.32937,14.09809],[-88.33378,14.09543],[-88.32736,14.07818],[-88.3329,14.07437],[-88.34099,14.07704],[-88.3456,14.07233],[-88.35118,14.0744],[-88.36501,14.05198],[-88.3725,14.04998],[-88.37706,14.04429]]]}},{"type":"Feature","id":"27666195B76708955543126","properties":{"admin_level":2,"municipality_code":"27666195B76708955543126","municipality":"San Juan Guarita","municipality_key":"sanjuanguarita","department_code":"10453824B36949426591135","department":"Lempira","department_key":"lempira","join_key":"lempira|sanjuanguarita","centroid_lat":14.1469,"centroid_lon":-88.77192},"geometry":{"type":"Polygon","coordinates":[[[-88.7834,14.10382],[-88.78436,14.11037],[-88.79466,14.11364],[-88.79657,14.12269],[-88.78758,14.13162],[-88.78576,14.14838],[-88.79163,14.15133],[-88.79449,14.14656],[-88.80766,14.14934],[-88.81847,14.14723],[-88.82894,14.16708],[-88.82932,14.19185],[-88.82116,14.19162],[-88.82449,14.18106],[-88.81884,14.17111],[-88.81154,14.17729],[-88.80795,14.17638],[-88.79246,14.18345],[-88.78985,14.17958],[-88.78244,14.17956],[-88.77849,14.17473],[-88.78232,14.17218],[-88.78103,14.17035],[-88.77114,14.1791],[-88.7604,14.17735],[-88.75797,14.18724],[-88.75553,14.1872],[-88.75802,14.1454],[-88.75408,14.11414],[-88.75714,14.1099],[-88.7648,14.10878],[-88.76678,14.10444],[-88.77119,14.10573],[-88.77441,14.10182],[-88.7834,14.10382]]]}},{"type":"Feature","id":"27666195B44208219646971","properties":{"admin_level":2,"municipality_code":"27666195B44208219646971","municipality":"San Manuel Colohete","municipality_key":"sanmanuelcolohete","department_code":"10453824B36949426591135","department":"Lempira","department_key":"lempira","join_key":"lempira|sanmanuelcolohete","centroid_lat":14.44535,"centroid_lon":-88.67341},"geometry":{"type":"MultiPolygon","coordinates":[[[[-88.717,14.51753],[-88.69004,14.52217],[-88.67984,14.51639],[-88.64836,14.51002],[-88.63276,14.51236],[-88.62135,14.52],[-88.60431,14.51763],[-88.60649,14.49871],[-88.61069,14.48772],[-88.62066,14.48657],[-88.63546,14.49109],[-88.63292,14.4786],[-88.6278,14.47718],[-88.6268,14.47268],[-88.62121,14.47379],[-88.60308,14.45413],[-88.62848,14.41146],[-88.62464,14.40733],[-88.62514,14.40169],[-88.6198,14.39754],[-88.62735,14.38843],[-88.63,14.376],[-88.64513,14.37568],[-88.6454,14.37238],[-88.65363,14.37137],[-88.66563,14.37675],[-88.69084,14.36657],[-88.69318,14.36805],[-88.7,14.39285],[-88.70896,14.40186],[-88.71052,14.41805],[-88.72463,14.42667],[-88.72926,14.43638],[-88.73729,14.44015],[-88.73973,14.45056],[-88.73652,14.45836],[-88.73355,14.45747],[-88.73133,14.46203],[-88.7341,14.4731],[-88.72399,14.49036],[-88.72236,14.5025],[-88.71631,14.51111],[-88.717,14.51753]]],[[[-88.82028,14.42585],[-88.79645,14.41221],[-88.80571,14.38421],[-88.8262,14.40267],[-88.82028,14.42585]]]]}},{"type":"Feature","id":"27666195B28555901802935","properties":{"admin_level":2,"municipality_code":"27666195B28555901802935","municipality":"San Marcos de Caiquin","municipality_key":"sanmarcosdecaiquin","department_code":"10453824B36949426591135","department":"Lempira","department_key":"lempira","join_key":"lempira|sanmarcosdecaiquin","centroid_lat":14.38666,"centroid_lon":-88.5809},"geometry":{"type":"Polygon","coordinates":[[[-88.61203,14.4391],[-88.52819,14.42029],[-88.53629,14.39723],[-88.53371,14.38489],[-88.53598,14.38247],[-88.54562,14.38379],[-88.56604,14.36268],[-88.57152,14.36282],[-88.57265,14.35956],[-88.5852,14.3588],[-88.59199,14.35292],[-88.60305,14.34871],[-88.6082,14.35073],[-88.61895,14.34383],[-88.63235,14.34422],[-88.63773,14.34192],[-88.63858,14.33635],[-88.64258,14.33424],[-88.64447,14.34103],[-88.67144,14.34068],[-88.67691,14.35458],[-88.69084,14.36657],[-88.66563,14.37675],[-88.65363,14.37137],[-88.6454,14.37238],[-88.64513,14.37568],[-88.63,14.376],[-88.62735,14.38843],[-88.6198,14.39754],[-88.62514,14.40169],[-88.62464,14.40733],[-88.62848,14.41146],[-88.61203,14.4391]]]}},{"type":"Feature","id":"27666195B54610294304045","properties":{"admin_level":2,"municipality_code":"27666195B54610294304045","municipality":"San Rafael","municipality_key":"sanrafael","department_code":"10453824B36949426591135","department":"Lempira","department_key":"lempira","join_key":"lempira|sanrafael","centroid_lat":14.71012,"centroid_lon":-88.36239},"geometry":{"type":"Polygon","coordinates":[[[-88.34792,14.65252],[-88.39166,14.66021],[-88.41208,14.67412],[-88.41107,14.70035],[-88.40754,14.7093],[-88.40347,14.71149],[-88.40728,14.71093],[-88.41382,14.71642],[-88.42806,14.71856],[-88.44261,14.72835],[-88.44724,14.72778],[-88.44773,14.74272],[-88.45291,14.74998],[-88.44088,14.75788],[-88.43747,14.7575],[-88.42738,14.7669],[-88.4236,14.76218],[-88.42186,14.76414],[-88.40526,14.75264],[-88.39408,14.76871],[-88.38965,14.76817],[-88.37789,14.74922],[-88.37464,14.73463],[-88.35453,14.71832],[-88.31735,14.73374],[-88.32033,14.68427],[-88.33314,14.66626],[-88.34792,14.65252]]]}},{"type":"Feature","id":"27666195B86153124151915","properties":{"admin_level":2,"municipality_code":"27666195B86153124151915","municipality":"San Sebastian","municipality_key":"sansebastian","department_code":"10453824B36949426591135","department":"Lempira","department_key":"lempira","join_key":"lempira|sansebastian","centroid_lat":14.35229,"centroid_lon":-88.73138},"geometry":{"type":"Polygon","coordinates":[[[-88.81305,14.30096],[-88.80202,14.30899],[-88.78324,14.33608],[-88.78442,14.35],[-88.79907,14.36439],[-88.80571,14.38421],[-88.79645,14.41221],[-88.74994,14.43093],[-88.74212,14.44192],[-88.72926,14.43638],[-88.72463,14.42667],[-88.71052,14.41805],[-88.70896,14.40186],[-88.7,14.39285],[-88.69318,14.36805],[-88.67691,14.35458],[-88.67144,14.34068],[-88.66486,14.33957],[-88.65304,14.34271],[-88.64816,14.33939],[-88.64447,14.34103],[-88.64141,14.33618],[-88.64407,14.32377],[-88.6542,14.31269],[-88.64692,14.30057],[-88.6485,14.29493],[-88.65081,14.29589],[-88.65907,14.28166],[-88.66234,14.28183],[-88.66486,14.2774],[-88.6633,14.27336],[-88.66702,14.27236],[-88.66657,14.26976],[-88.66988,14.2721],[-88.67212,14.26752],[-88.67598,14.27016],[-88.68366,14.26546],[-88.72859,14.26291],[-88.77239,14.28759],[-88.78453,14.28691],[-88.78898,14.28021],[-88.79723,14.2936],[-88.81305,14.30096]]]}},{"type":"Feature","id":"27666195B84616155619024","properties":{"admin_level":2,"municipality_code":"27666195B84616155619024","municipality":"Santa Cruz","municipality_key":"santacruz","department_code":"10453824B36949426591135","department":"Lempira","department_key":"lempira","join_key":"lempira|santacruz","centroid_lat":14.36209,"centroid_lon":-88.51124},"geometry":{"type":"Polygon","coordinates":[[[-88.50199,14.44174],[-88.50324,14.43344],[-88.49876,14.42858],[-88.50067,14.42282],[-88.49452,14.41195],[-88.49471,14.40788],[-88.49994,14.40564],[-88.48872,14.3892],[-88.44988,14.3615],[-88.45315,14.35642],[-88.45771,14.35705],[-88.46149,14.35218],[-88.4671,14.35207],[-88.467,14.34131],[-88.49511,14.30581],[-88.49999,14.29529],[-88.50568,14.2951],[-88.51501,14.29992],[-88.53275,14.29216],[-88.54692,14.29791],[-88.55214,14.29342],[-88.55295,14.28885],[-88.56239,14.28247],[-88.56567,14.28921],[-88.57692,14.29378],[-88.57718,14.2976],[-88.58749,14.30351],[-88.61686,14.30744],[-88.61452,14.30844],[-88.6186,14.3164],[-88.61773,14.32094],[-88.62746,14.32536],[-88.62794,14.33389],[-88.63129,14.33557],[-88.63745,14.33185],[-88.64261,14.33395],[-88.63858,14.33635],[-88.63773,14.34192],[-88.63235,14.34422],[-88.61895,14.34383],[-88.6082,14.35073],[-88.60305,14.34871],[-88.59199,14.35292],[-88.5852,14.3588],[-88.57265,14.35956],[-88.57152,14.36282],[-88.56604,14.36268],[-88.54562,14.38379],[-88.53598,14.38247],[-88.53371,14.38489],[-88.53629,14.39723],[-88.52819,14.42029],[-88.5219,14.42548],[-88.51811,14.42445],[-88.51164,14.43242],[-88.50265,14.43738],[-88.50199,14.44174]]]}},{"type":"Feature","id":"27666195B88507723108763","properties":{"admin_level":2,"municipality_code":"27666195B88507723108763","municipality":"Talgua","municipality_key":"talgua","department_code":"10453824B36949426591135","department":"Lempira","department_key":"lempira","join_key":"lempira|talgua","centroid_lat":14.68535,"centroid_lon":-88.73482},"geometry":{"type":"Polygon","coordinates":[[[-88.78394,14.71617],[-88.77397,14.71122],[-88.7628,14.71117],[-88.75721,14.71432],[-88.74419,14.70741],[-88.73477,14.7085],[-88.73052,14.70591],[-88.70498,14.71256],[-88.69071,14.71064],[-88.68135,14.72202],[-88.67389,14.71779],[-88.66849,14.72015],[-88.66516,14.71568],[-88.66095,14.7209],[-88.65741,14.71929],[-88.657,14.71553],[-88.67183,14.7087],[-88.66764,14.69067],[-88.68261,14.68124],[-88.69184,14.6551],[-88.71618,14.65415],[-88.71605,14.65047],[-88.72363,14.65009],[-88.73258,14.64459],[-88.75351,14.64158],[-88.76126,14.64813],[-88.77534,14.65013],[-88.79569,14.68947],[-88.79476,14.71118],[-88.79218,14.71534],[-88.78394,14.71617]]]}},{"type":"Feature","id":"27666195B79169869428311","properties":{"admin_level":2,"municipality_code":"27666195B79169869428311","municipality":"Tambla","municipality_key":"tambla","department_code":"10453824B36949426591135","department":"Lempira","department_key":"lempira","join_key":"lempira|tambla","centroid_lat":14.23507,"centroid_lon":-88.80228},"geometry":{"type":"Polygon","coordinates":[[[-88.73108,14.187],[-88.75619,14.19133],[-88.76638,14.20443],[-88.79093,14.20495],[-88.79711,14.21244],[-88.82454,14.22086],[-88.82619,14.22389],[-88.82524,14.23005],[-88.8132,14.23892],[-88.81622,14.25303],[-88.80011,14.26361],[-88.78898,14.28021],[-88.76328,14.25564],[-88.76556,14.24688],[-88.79285,14.23122],[-88.78329,14.2239],[-88.77511,14.22257],[-88.76993,14.22508],[-88.76714,14.22214],[-88.75983,14.22199],[-88.74363,14.22773],[-88.73718,14.22195],[-88.72452,14.22198],[-88.71395,14.22984],[-88.6879,14.22474],[-88.68931,14.21733],[-88.68615,14.21312],[-88.69107,14.21236],[-88.6911,14.20914],[-88.68924,14.20498],[-88.68543,14.20482],[-88.68418,14.19601],[-88.68795,14.19168],[-88.69151,14.19606],[-88.72839,14.20666],[-88.73108,14.187]]]}},{"type":"Feature","id":"27666195B14707888377394","properties":{"admin_level":2,"municipality_code":"27666195B14707888377394","municipality":"Tomala","municipality_key":"tomala","department_code":"10453824B36949426591135","department":"Lempira","department_key":"lempira","join_key":"lempira|tomala","centroid_lat":14.25464,"centroid_lon":-88.72727},"geometry":{"type":"Polygon","coordinates":[[[-88.68366,14.26546],[-88.69169,14.25364],[-88.69078,14.24748],[-88.69503,14.24527],[-88.69308,14.24155],[-88.69536,14.23709],[-88.69097,14.23104],[-88.69159,14.22671],[-88.6879,14.22474],[-88.71395,14.22984],[-88.72452,14.22198],[-88.73718,14.22195],[-88.74363,14.22773],[-88.75435,14.22279],[-88.76714,14.22214],[-88.76993,14.22508],[-88.77511,14.22257],[-88.78329,14.2239],[-88.79285,14.23122],[-88.76556,14.24688],[-88.76328,14.25564],[-88.78898,14.28021],[-88.78453,14.28691],[-88.77239,14.28759],[-88.72859,14.26291],[-88.68366,14.26546]]]}},{"type":"Feature","id":"27666195B50240677201560","properties":{"admin_level":2,"municipality_code":"27666195B50240677201560","municipality":"Valladolid","municipality_key":"valladolid","department_code":"10453824B36949426591135","department":"Lempira","department_key":"lempira","join_key":"lempira|valladolid","centroid_lat":14.15442,"centroid_lon":-88.70679},"geometry":{"type":"Polygon","coordinates":[[[-88.66065,14.13935],[-88.68914,14.11608],[-88.69967,14.11722],[-88.7046,14.11194],[-88.73118,14.10081],[-88.74247,14.11599],[-88.75052,14.11448],[-88.75333,14.10911],[-88.75714,14.1099],[-88.75408,14.11414],[-88.75802,14.1454],[-88.74759,14.14393],[-88.74461,14.18819],[-88.73108,14.187],[-88.72839,14.20666],[-88.69151,14.19606],[-88.68195,14.18791],[-88.6784,14.18893],[-88.67995,14.17479],[-88.67008,14.16985],[-88.67047,14.16343],[-88.66257,14.14454],[-88.65895,14.14419],[-88.66065,14.13935]]]}},{"type":"Feature","id":"27666195B15958478050102","properties":{"admin_level":2,"municipality_code":"27666195B15958478050102","municipality":"Virginia","municipality_key":"virginia","department_code":"10453824B36949426591135","department":"Lempira","department_key":"lempira","join_key":"lempira|virginia","centroid_lat":14.00755,"centroid_lon":-88.55544},"geometry":{"type":"Polygon","coordinates":[[[-88.59297,14.03638],[-88.54634,14.02469],[-88.52043,14.0119],[-88.52191,14.00902],[-88.51949,14.00666],[-88.52579,14.00142],[-88.52406,13.9984],[-88.52691,13.98376],[-88.5399,13.98448],[-88.54846,13.97945],[-88.55687,13.98255],[-88.56808,13.97745],[-88.57286,13.98107],[-88.57677,13.99617],[-88.58642,14.00624],[-88.59323,14.00845],[-88.6072,14.00442],[-88.61682,14.01256],[-88.59297,14.03638]]]}},{"type":"Feature","id":"27666195B17925078657683","properties":{"admin_level":2,"municipality_code":"27666195B17925078657683","municipality":"Belen Gualcho","municipality_key":"belengualcho","department_code":"10453824B83660155057128","department":"Ocotepeque","department_key":"ocotepeque","join_key":"ocotepeque|belengualcho","centroid_lat":14.48173,"centroid_lon":-88.78962},"geometry":{"type":"Polygon","coordinates":[[[-88.84845,14.49981],[-88.84635,14.49574],[-88.82505,14.49971],[-88.8303,14.51055],[-88.82628,14.51744],[-88.83198,14.5266],[-88.83119,14.53348],[-88.82598,14.53645],[-88.81169,14.53231],[-88.79765,14.54298],[-88.77748,14.54867],[-88.75243,14.54021],[-88.74474,14.54368],[-88.7224,14.5431],[-88.71456,14.53347],[-88.71565,14.52505],[-88.7179,14.52486],[-88.71631,14.51111],[-88.72236,14.5025],[-88.72399,14.49036],[-88.7341,14.4731],[-88.73133,14.46203],[-88.73882,14.45434],[-88.73729,14.44015],[-88.74212,14.44192],[-88.74994,14.43093],[-88.79645,14.41221],[-88.82028,14.42585],[-88.83882,14.43051],[-88.84357,14.44892],[-88.838,14.46264],[-88.84384,14.46687],[-88.8561,14.49553],[-88.84845,14.49981]]]}},{"type":"Feature","id":"27666195B60118725213626","properties":{"admin_level":2,"municipality_code":"27666195B60118725213626","municipality":"Concepcion","municipality_key":"concepcion","department_code":"10453824B83660155057128","department":"Ocotepeque","department_key":"ocotepeque","join_key":"ocotepeque|concepcion","centroid_lat":14.51636,"centroid_lon":-89.17994},"geometry":{"type":"Polygon","coordinates":[[[-89.20733,14.45119],[-89.20952,14.46276],[-89.21353,14.46535],[-89.22629,14.46087],[-89.24705,14.46135],[-89.26418,14.47043],[-89.25527,14.48046],[-89.25023,14.4824],[-89.24736,14.49373],[-89.22926,14.48921],[-89.21968,14.48979],[-89.21567,14.49378],[-89.21487,14.49739],[-89.21861,14.50132],[-89.22612,14.50412],[-89.21924,14.50678],[-89.22376,14.50859],[-89.22504,14.51463],[-89.23184,14.51892],[-89.24058,14.51955],[-89.23217,14.52541],[-89.24095,14.5255],[-89.24004,14.53263],[-89.24484,14.5308],[-89.24715,14.53495],[-89.24868,14.53235],[-89.25366,14.53713],[-89.25229,14.54247],[-89.25682,14.53839],[-89.2596,14.54561],[-89.26349,14.54688],[-89.25743,14.55868],[-89.25097,14.56271],[-89.25359,14.56755],[-89.23892,14.58378],[-89.20403,14.58185],[-89.1936,14.57453],[-89.18862,14.5764],[-89.17745,14.57153],[-89.16308,14.57101],[-89.16328,14.56228],[-89.15776,14.5601],[-89.15627,14.55107],[-89.14244,14.54874],[-89.16631,14.53105],[-89.16853,14.52552],[-89.15945,14.52095],[-89.13011,14.51809],[-89.13946,14.50991],[-89.1376,14.50571],[-89.14232,14.49525],[-89.17558,14.48542],[-89.17979,14.48971],[-89.18566,14.47902],[-89.18346,14.47495],[-89.19525,14.47565],[-89.20347,14.46131],[-89.20337,14.45161],[-89.20733,14.45119]]]}},{"type":"Feature","id":"27666195B64666731554953","properties":{"admin_level":2,"municipality_code":"27666195B64666731554953","municipality":"Dolores Merendon","municipality_key":"doloresmerendon","department_code":"10453824B83660155057128","department":"Ocotepeque","department_key":"ocotepeque","join_key":"ocotepeque|doloresmerendon","centroid_lat":14.56441,"centroid_lon":-89.14163},"geometry":{"type":"Polygon","coordinates":[[[-89.13011,14.51809],[-89.15945,14.52095],[-89.16853,14.52552],[-89.16631,14.53105],[-89.14244,14.54874],[-89.15627,14.55107],[-89.15776,14.5601],[-89.16328,14.56228],[-89.16308,14.57101],[-89.15816,14.57403],[-89.15906,14.57847],[-89.15123,14.58398],[-89.13862,14.58491],[-89.13223,14.58938],[-89.13209,14.60535],[-89.12152,14.61076],[-89.10839,14.61192],[-89.10663,14.60445],[-89.11603,14.59741],[-89.12168,14.56653],[-89.11589,14.55905],[-89.10405,14.55214],[-89.10494,14.53266],[-89.10164,14.52903],[-89.10275,14.52644],[-89.1083,14.52641],[-89.11034,14.52249],[-89.12221,14.52257],[-89.13011,14.51809]]]}},{"type":"Feature","id":"27666195B9362157023488","properties":{"admin_level":2,"municipality_code":"27666195B9362157023488","municipality":"Fraternidad","municipality_key":"fraternidad","department_code":"10453824B83660155057128","department":"Ocotepeque","department_key":"ocotepeque","join_key":"ocotepeque|fraternidad","centroid_lat":14.58456,"centroid_lon":-89.07363},"geometry":{"type":"Polygon","coordinates":[[[-89.10012,14.52305],[-89.10494,14.53266],[-89.10405,14.55214],[-89.11589,14.55905],[-89.12168,14.56653],[-89.11603,14.59741],[-89.10663,14.60445],[-89.10839,14.61192],[-89.09154,14.61244],[-89.0836,14.61715],[-89.08966,14.61956],[-89.0832,14.63252],[-89.07862,14.63664],[-89.07359,14.63485],[-89.06461,14.64814],[-89.06088,14.64814],[-89.04228,14.62772],[-89.02912,14.63846],[-89.02878,14.61406],[-89.01941,14.60704],[-89.02257,14.59955],[-89.02142,14.59243],[-89.03633,14.57669],[-89.05211,14.5685],[-89.04925,14.56196],[-89.04589,14.56097],[-89.04981,14.55451],[-89.04398,14.55618],[-89.04133,14.55088],[-89.04973,14.54568],[-89.05992,14.54504],[-89.07062,14.52149],[-89.0945,14.51806],[-89.10012,14.52305]]]}},{"type":"Feature","id":"27666195B87189366820588","properties":{"admin_level":2,"municipality_code":"27666195B87189366820588","municipality":"La Encarnacion","municipality_key":"laencarnacion","department_code":"10453824B83660155057128","department":"Ocotepeque","department_key":"ocotepeque","join_key":"ocotepeque|laencarnacion","centroid_lat":14.66364,"centroid_lon":-89.0514},"geometry":{"type":"Polygon","coordinates":[[[-89.00996,14.692],[-89.00238,14.67674],[-89.00457,14.66659],[-88.99101,14.64973],[-89.01252,14.65727],[-89.03094,14.65361],[-89.04141,14.64755],[-89.05559,14.65421],[-89.05855,14.64558],[-89.06461,14.64814],[-89.07359,14.63485],[-89.07862,14.63664],[-89.0832,14.63252],[-89.10392,14.66069],[-89.0962,14.66758],[-89.07244,14.67205],[-89.05381,14.68223],[-89.0316,14.68426],[-89.02481,14.68607],[-89.02059,14.69121],[-89.00996,14.692]]]}},{"type":"Feature","id":"27666195B71632496314223","properties":{"admin_level":2,"municipality_code":"27666195B71632496314223","municipality":"La Labor","municipality_key":"lalabor","department_code":"10453824B83660155057128","department":"Ocotepeque","department_key":"ocotepeque","join_key":"ocotepeque|lalabor","centroid_lat":14.50055,"centroid_lon":-89.03445},"geometry":{"type":"Polygon","coordinates":[[[-89.08454,14.51856],[-89.07062,14.52149],[-89.05992,14.54504],[-89.05672,14.54358],[-89.04335,14.54832],[-89.03969,14.55551],[-89.03378,14.55076],[-89.02706,14.55443],[-89.02267,14.55373],[-89.02245,14.55078],[-89.0177,14.55062],[-89.01641,14.54626],[-89.00442,14.54246],[-89.00278,14.53873],[-88.99419,14.5389],[-88.99821,14.5187],[-88.97907,14.48801],[-88.98384,14.48253],[-88.96882,14.47685],[-89.00714,14.45625],[-89.01713,14.45578],[-89.03139,14.43389],[-89.04588,14.43374],[-89.06652,14.43803],[-89.0681,14.45705],[-89.08603,14.51308],[-89.08454,14.51856]]]}},{"type":"Feature","id":"27666195B25716596314577","properties":{"admin_level":2,"municipality_code":"27666195B25716596314577","municipality":"Lucerna","municipality_key":"lucerna","department_code":"10453824B83660155057128","department":"Ocotepeque","department_key":"ocotepeque","join_key":"ocotepeque|lucerna","centroid_lat":14.59353,"centroid_lon":-88.95497},"geometry":{"type":"Polygon","coordinates":[[[-88.92254,14.59562],[-88.92363,14.5906],[-88.92795,14.58907],[-88.92552,14.58304],[-88.93025,14.57582],[-88.93016,14.56216],[-88.92321,14.55605],[-88.91119,14.55701],[-88.91471,14.54104],[-88.90716,14.53233],[-88.93495,14.53159],[-88.93949,14.53401],[-88.94435,14.54323],[-88.97399,14.54301],[-88.99136,14.58],[-88.99074,14.58527],[-88.98562,14.59002],[-88.98946,14.60019],[-88.98895,14.60694],[-88.99444,14.6086],[-89.00167,14.61674],[-89.00432,14.60429],[-88.99723,14.59464],[-88.99919,14.57881],[-88.99511,14.56965],[-88.99763,14.56008],[-88.98933,14.54828],[-88.99419,14.5389],[-89.00278,14.53873],[-89.00442,14.54246],[-89.01641,14.54626],[-89.0177,14.55062],[-89.02245,14.55078],[-89.02267,14.55373],[-89.02706,14.55443],[-89.03378,14.55076],[-89.03969,14.55551],[-89.04981,14.55451],[-89.04589,14.56097],[-89.04925,14.56196],[-89.05211,14.5685],[-89.04034,14.57382],[-89.02564,14.58689],[-89.02142,14.59243],[-89.02257,14.59955],[-89.01941,14.60704],[-89.02878,14.61406],[-89.02912,14.63846],[-89.04228,14.62772],[-89.05855,14.64558],[-89.05559,14.65421],[-89.04141,14.64755],[-89.03094,14.65361],[-89.01252,14.65727],[-88.99101,14.64973],[-88.98395,14.64231],[-88.96005,14.63126],[-88.92254,14.59562]]]}},{"type":"Feature","id":"27666195B36872574747509","properties":{"admin_level":2,"municipality_code":"27666195B36872574747509","municipality":"Mercedes","municipality_key":"mercedes","department_code":"10453824B83660155057128","department":"Ocotepeque","department_key":"ocotepeque","join_key":"ocotepeque|mercedes","centroid_lat":14.30672,"centroid_lon":-88.99273},"geometry":{"type":"Polygon","coordinates":[[[-88.94842,14.34056],[-88.95125,14.33608],[-88.9471,14.3295],[-88.94763,14.32284],[-88.95612,14.31876],[-88.9567,14.31102],[-88.96893,14.30243],[-88.97806,14.30166],[-88.98155,14.29852],[-88.96575,14.27026],[-88.97341,14.25557],[-88.96636,14.23201],[-88.96599,14.22685],[-88.97023,14.2243],[-88.99136,14.2574],[-89.01464,14.26992],[-89.02318,14.26832],[-89.02599,14.27107],[-89.02588,14.28264],[-89.02167,14.28727],[-89.02558,14.29716],[-89.02328,14.29912],[-89.02213,14.31279],[-89.02684,14.31203],[-89.03004,14.31654],[-89.03459,14.31533],[-89.03524,14.33089],[-89.06327,14.33386],[-89.07643,14.34017],[-89.08286,14.34025],[-89.08178,14.34629],[-89.08647,14.34914],[-89.08032,14.35835],[-89.08373,14.38072],[-89.07519,14.39196],[-89.06217,14.39329],[-89.07129,14.38579],[-89.0726,14.37973],[-89.04744,14.37146],[-89.04289,14.37391],[-89.03834,14.37259],[-89.03517,14.36349],[-89.01737,14.34557],[-88.99188,14.34847],[-88.98415,14.34738],[-88.97217,14.34067],[-88.94842,14.34056]]]}},{"type":"Feature","id":"27666195B53241292174391","properties":{"admin_level":2,"municipality_code":"27666195B53241292174391","municipality":"Ocotepeque","municipality_key":"ocotepeque","department_code":"10453824B83660155057128","department":"Ocotepeque","department_key":"ocotepeque","join_key":"ocotepeque|ocotepeque","centroid_lat":14.41801,"centroid_lon":-89.22851},"geometry":{"type":"Polygon","coordinates":[[[-89.35599,14.41971],[-89.32283,14.44562],[-89.31302,14.46273],[-89.30559,14.46956],[-89.29839,14.48481],[-89.25336,14.45632],[-89.24705,14.46135],[-89.22629,14.46087],[-89.21353,14.46535],[-89.20952,14.46276],[-89.20733,14.45119],[-89.2091,14.44919],[-89.20541,14.4407],[-89.20879,14.43613],[-89.20463,14.43017],[-89.18801,14.4392],[-89.16135,14.44239],[-89.15547,14.43558],[-89.13304,14.42911],[-89.10904,14.41201],[-89.10689,14.40363],[-89.10186,14.40373],[-89.11291,14.40134],[-89.11683,14.39188],[-89.12452,14.38731],[-89.12573,14.38006],[-89.14838,14.35204],[-89.16841,14.36513],[-89.18915,14.36553],[-89.21143,14.37317],[-89.21072,14.38452],[-89.24519,14.38987],[-89.276,14.40025],[-89.2993,14.41536],[-89.3216,14.41001],[-89.34198,14.41909],[-89.34715,14.41693],[-89.35599,14.41971]]]}},{"type":"Feature","id":"27666195B54888668150426","properties":{"admin_level":2,"municipality_code":"27666195B54888668150426","municipality":"San Fernando","municipality_key":"sanfernando","department_code":"10453824B83660155057128","department":"Ocotepeque","department_key":"ocotepeque","join_key":"ocotepeque|sanfernando","centroid_lat":14.68794,"centroid_lon":-89.09404},"geometry":{"type":"Polygon","coordinates":[[[-89.09795,14.72313],[-89.08144,14.72563],[-89.08216,14.69862],[-89.06068,14.70568],[-89.03064,14.70779],[-89.0446,14.69365],[-89.04608,14.68149],[-89.05381,14.68223],[-89.07244,14.67205],[-89.0962,14.66758],[-89.10392,14.66069],[-89.12018,14.65857],[-89.12485,14.65535],[-89.12672,14.65802],[-89.1329,14.65659],[-89.14122,14.66971],[-89.14872,14.67534],[-89.13149,14.71192],[-89.09795,14.72313]]]}},{"type":"Feature","id":"27666195B97087706022026","properties":{"admin_level":2,"municipality_code":"27666195B97087706022026","municipality":"San Francisco del Valle","municipality_key":"sanfranciscodelvalle","department_code":"10453824B83660155057128","department":"Ocotepeque","department_key":"ocotepeque","join_key":"ocotepeque|sanfranciscodelvalle","centroid_lat":14.42763,"centroid_lon":-89.00631},"geometry":{"type":"Polygon","coordinates":[[[-89.06652,14.43803],[-89.04588,14.43374],[-89.03139,14.43389],[-89.01713,14.45578],[-89.00714,14.45625],[-88.96882,14.47685],[-88.94459,14.4657],[-88.93186,14.46532],[-88.92258,14.46961],[-88.89305,14.46004],[-88.89916,14.44553],[-88.90462,14.44058],[-88.91022,14.44401],[-88.91685,14.44216],[-88.95725,14.42151],[-88.99064,14.39505],[-88.98745,14.38395],[-88.99017,14.37731],[-88.99978,14.36779],[-89.0192,14.37153],[-89.03949,14.39157],[-89.05997,14.40372],[-89.05854,14.39718],[-89.06217,14.39329],[-89.07198,14.39347],[-89.0796,14.38699],[-89.07828,14.3946],[-89.06935,14.40242],[-89.06652,14.43803]]]}},{"type":"Feature","id":"27666195B23999178125718","properties":{"admin_level":2,"municipality_code":"27666195B23999178125718","municipality":"San Jorge","municipality_key":"sanjorge","department_code":"10453824B83660155057128","department":"Ocotepeque","department_key":"ocotepeque","join_key":"ocotepeque|sanjorge","centroid_lat":14.63066,"centroid_lon":-89.11554},"geometry":{"type":"MultiPolygon","coordinates":[[[[-89.08144,14.72563],[-89.06845,14.71645],[-89.0513,14.71486],[-89.04134,14.71885],[-89.02956,14.71802],[-89.02149,14.71356],[-89.01405,14.71474],[-89.00818,14.69634],[-89.00996,14.692],[-89.02059,14.69121],[-89.02481,14.68607],[-89.03629,14.68549],[-89.04608,14.68149],[-89.0446,14.69365],[-89.03064,14.70779],[-89.06068,14.70568],[-89.08216,14.69862],[-89.08144,14.72563]]],[[[-89.09154,14.61244],[-89.12152,14.61076],[-89.13209,14.60535],[-89.13223,14.58938],[-89.13862,14.58491],[-89.15123,14.58398],[-89.15389,14.58642],[-89.14651,14.61014],[-89.15288,14.61633],[-89.14633,14.62881],[-89.15473,14.6539],[-89.15289,14.65911],[-89.15776,14.66857],[-89.1569,14.67268],[-89.14872,14.67534],[-89.14468,14.67332],[-89.1329,14.65659],[-89.12672,14.65802],[-89.12485,14.65535],[-89.12018,14.65857],[-89.10392,14.66069],[-89.0832,14.63252],[-89.08966,14.61956],[-89.0836,14.61715],[-89.09154,14.61244]]]]}},{"type":"Feature","id":"27666195B1401458590490","properties":{"admin_level":2,"municipality_code":"27666195B1401458590490","municipality":"San Marcos","municipality_key":"sanmarcos","department_code":"10453824B83660155057128","department":"Ocotepeque","department_key":"ocotepeque","join_key":"ocotepeque|sanmarcos","centroid_lat":14.40509,"centroid_lon":-88.92871},"geometry":{"type":"Polygon","coordinates":[[[-88.80571,14.38421],[-88.83624,14.38334],[-88.85493,14.3957],[-88.85876,14.40646],[-88.87102,14.40688],[-88.87956,14.4106],[-88.87865,14.36981],[-88.88724,14.3549],[-88.89753,14.35271],[-88.91119,14.34475],[-88.94842,14.34056],[-88.97217,14.34067],[-88.98415,14.34738],[-88.99188,14.34847],[-89.01737,14.34557],[-89.03517,14.36349],[-89.03834,14.37259],[-89.04289,14.37391],[-89.04744,14.37146],[-89.0726,14.37973],[-89.07129,14.38579],[-89.05854,14.39718],[-89.05997,14.40372],[-89.03949,14.39157],[-89.0192,14.37153],[-88.99978,14.36779],[-88.99017,14.37731],[-88.98745,14.38395],[-88.99064,14.39505],[-88.95725,14.42151],[-88.91022,14.44401],[-88.90462,14.44058],[-88.89916,14.44553],[-88.87633,14.44543],[-88.87048,14.44874],[-88.86569,14.44701],[-88.84883,14.47228],[-88.838,14.46264],[-88.84357,14.44892],[-88.83882,14.43051],[-88.82028,14.42585],[-88.8262,14.40267],[-88.80571,14.38421]]]}},{"type":"Feature","id":"27666195B70826657437169","properties":{"admin_level":2,"municipality_code":"27666195B70826657437169","municipality":"Santa Fe","municipality_key":"santafe","department_code":"10453824B83660155057128","department":"Ocotepeque","department_key":"ocotepeque","join_key":"ocotepeque|santafe","centroid_lat":14.48361,"centroid_lon":-89.27321},"geometry":{"type":"Polygon","coordinates":[[[-89.24705,14.46135],[-89.25336,14.45632],[-89.29839,14.48481],[-89.30559,14.46956],[-89.31302,14.46273],[-89.32283,14.44562],[-89.35472,14.4216],[-89.34976,14.42738],[-89.34925,14.43708],[-89.35395,14.44706],[-89.35243,14.46301],[-89.35629,14.46471],[-89.35605,14.46776],[-89.31753,14.4878],[-89.30917,14.4896],[-89.30784,14.49301],[-89.30207,14.49329],[-89.30604,14.50606],[-89.28788,14.51547],[-89.28353,14.53178],[-89.26962,14.54583],[-89.2596,14.54561],[-89.25682,14.53839],[-89.25229,14.54247],[-89.25366,14.53713],[-89.24868,14.53235],[-89.24715,14.53495],[-89.24484,14.5308],[-89.24004,14.53263],[-89.24095,14.5255],[-89.23217,14.52541],[-89.24058,14.51955],[-89.23184,14.51892],[-89.22504,14.51463],[-89.22376,14.50859],[-89.21924,14.50678],[-89.22612,14.50412],[-89.21487,14.49739],[-89.21968,14.48979],[-89.22926,14.48921],[-89.24736,14.49373],[-89.25023,14.4824],[-89.25527,14.48046],[-89.26418,14.47043],[-89.24705,14.46135]]]}},{"type":"Feature","id":"27666195B50269536793474","properties":{"admin_level":2,"municipality_code":"27666195B50269536793474","municipality":"Sensenti","municipality_key":"sensenti","department_code":"10453824B83660155057128","department":"Ocotepeque","department_key":"ocotepeque","join_key":"ocotepeque|sensenti","centroid_lat":14.52515,"centroid_lon":-88.94926},"geometry":{"type":"Polygon","coordinates":[[[-88.90716,14.53233],[-88.89452,14.51774],[-88.85341,14.51061],[-88.84845,14.49981],[-88.8561,14.49553],[-88.84658,14.47221],[-88.84883,14.47228],[-88.86569,14.44701],[-88.87048,14.44874],[-88.87633,14.44543],[-88.89916,14.44553],[-88.89305,14.46004],[-88.92258,14.46961],[-88.93186,14.46532],[-88.94459,14.4657],[-88.96636,14.47701],[-88.98384,14.48253],[-88.97907,14.48801],[-88.99821,14.5187],[-88.99691,14.53196],[-88.99314,14.53533],[-88.99419,14.5389],[-88.98933,14.54828],[-88.99763,14.56008],[-88.99511,14.56965],[-88.99919,14.57881],[-88.99723,14.59464],[-89.00432,14.60429],[-89.00167,14.61674],[-88.99444,14.6086],[-88.98895,14.60694],[-88.98946,14.60019],[-88.98562,14.59002],[-88.99074,14.58527],[-88.99136,14.58],[-88.97399,14.54301],[-88.94435,14.54323],[-88.93949,14.53401],[-88.93495,14.53159],[-88.90716,14.53233]]]}},{"type":"Feature","id":"27666195B66978151973678","properties":{"admin_level":2,"municipality_code":"27666195B66978151973678","municipality":"Sinuapa","municipality_key":"sinuapa","department_code":"10453824B83660155057128","department":"Ocotepeque","department_key":"ocotepeque","join_key":"ocotepeque|sinuapa","centroid_lat":14.45433,"centroid_lon":-89.13564},"geometry":{"type":"Polygon","coordinates":[[[-89.10186,14.40373],[-89.10689,14.40363],[-89.10904,14.41201],[-89.13304,14.42911],[-89.15547,14.43558],[-89.16135,14.44239],[-89.18801,14.4392],[-89.20463,14.43017],[-89.20879,14.43613],[-89.20541,14.4407],[-89.2091,14.44919],[-89.20337,14.45161],[-89.20347,14.46131],[-89.19525,14.47565],[-89.18346,14.47495],[-89.18566,14.47902],[-89.17979,14.48971],[-89.17558,14.48542],[-89.14232,14.49525],[-89.1372,14.51344],[-89.12221,14.52257],[-89.11034,14.52249],[-89.1083,14.52641],[-89.10275,14.52644],[-89.10164,14.52903],[-89.10012,14.52305],[-89.0945,14.51806],[-89.08454,14.51856],[-89.08603,14.51308],[-89.0681,14.45705],[-89.06652,14.43803],[-89.06935,14.40242],[-89.07828,14.3946],[-89.08181,14.3811],[-89.09067,14.39044],[-89.09061,14.39454],[-89.10186,14.40373]]]}},{"type":"Feature","id":"27666195B55126974743850","properties":{"admin_level":2,"municipality_code":"27666195B55126974743850","municipality":"Campamento","municipality_key":"campamento","department_code":"10453824B23677570544502","department":"Olancho","department_key":"olancho","join_key":"olancho|campamento","centroid_lat":14.48166,"centroid_lon":-86.64882},"geometry":{"type":"Polygon","coordinates":[[[-86.57706,14.37584],[-86.59784,14.38071],[-86.60879,14.37278],[-86.61442,14.38325],[-86.6146,14.3924],[-86.62644,14.39935],[-86.62901,14.40601],[-86.63484,14.40355],[-86.64811,14.40825],[-86.65386,14.39865],[-86.65962,14.39857],[-86.66963,14.4035],[-86.67014,14.40825],[-86.68004,14.40934],[-86.69585,14.41725],[-86.70397,14.41358],[-86.71279,14.41609],[-86.71105,14.43321],[-86.73401,14.47804],[-86.7297,14.48788],[-86.72939,14.50463],[-86.7429,14.50881],[-86.75146,14.53131],[-86.73965,14.57053],[-86.74053,14.57574],[-86.71966,14.57499],[-86.6854,14.58011],[-86.6588,14.59299],[-86.65377,14.58175],[-86.64796,14.57956],[-86.6458,14.5739],[-86.64204,14.57259],[-86.62401,14.57865],[-86.61587,14.57847],[-86.61156,14.58648],[-86.59993,14.59224],[-86.60038,14.596],[-86.591,14.59276],[-86.58816,14.58336],[-86.57174,14.57527],[-86.56358,14.56601],[-86.55993,14.55721],[-86.56615,14.5459],[-86.56134,14.53942],[-86.54427,14.53898],[-86.54897,14.53218],[-86.54701,14.52583],[-86.55153,14.51691],[-86.55541,14.51518],[-86.55497,14.50967],[-86.56089,14.50154],[-86.56191,14.4892],[-86.56619,14.48528],[-86.5622,14.4705],[-86.56139,14.44831],[-86.55244,14.43238],[-86.54958,14.39886],[-86.5549,14.39163],[-86.5623,14.38889],[-86.5713,14.37796],[-86.57706,14.37584]]]}},{"type":"Feature","id":"27666195B98073695243909","properties":{"admin_level":2,"municipality_code":"27666195B98073695243909","municipality":"Catacamas","municipality_key":"catacamas","department_code":"10453824B23677570544502","department":"Olancho","department_key":"olancho","join_key":"olancho|catacamas","centroid_lat":14.56255,"centroid_lon":-85.55947},"geometry":{"type":"Polygon","coordinates":[[[-85.57043,14.06352],[-85.56985,14.07035],[-85.57842,14.08184],[-85.58542,14.07871],[-85.60136,14.09197],[-85.60533,14.09128],[-85.60982,14.09485],[-85.61019,14.10957],[-85.60859,14.12016],[-85.60505,14.12116],[-85.60526,14.13285],[-85.61066,14.13765],[-85.61863,14.15969],[-85.63692,14.1663],[-85.63932,14.17623],[-85.6503,14.18583],[-85.65257,14.19132],[-85.66141,14.18328],[-85.65856,14.17572],[-85.66567,14.17142],[-85.67892,14.17614],[-85.68696,14.18274],[-85.69316,14.18045],[-85.70169,14.18358],[-85.70661,14.18178],[-85.71275,14.18958],[-85.72578,14.18888],[-85.73842,14.18409],[-85.75193,14.18973],[-85.75411,14.19659],[-85.7584,14.19986],[-85.76726,14.19583],[-85.76981,14.18231],[-85.77411,14.17852],[-85.77913,14.16173],[-85.79521,14.15982],[-85.80769,14.16181],[-85.81308,14.16588],[-85.81491,14.1719],[-85.8267,14.18579],[-85.83788,14.18492],[-85.84691,14.17952],[-85.85104,14.17142],[-85.8721,14.16245],[-85.87613,14.15619],[-85.87238,14.14557],[-85.87713,14.13439],[-85.88769,14.12732],[-85.89785,14.12473],[-85.90491,14.1254],[-85.90867,14.13076],[-85.89637,14.16015],[-85.88625,14.17663],[-85.87923,14.17937],[-85.88024,14.18398],[-85.87624,14.19087],[-85.85913,14.1984],[-85.84969,14.20489],[-85.84497,14.21196],[-85.83729,14.21139],[-85.82309,14.22568],[-85.81916,14.23678],[-85.82144,14.24359],[-85.81716,14.25039],[-85.82346,14.26404],[-85.81926,14.27471],[-85.82703,14.28316],[-85.82287,14.29645],[-85.82489,14.30055],[-85.82065,14.30542],[-85.81984,14.31404],[-85.80448,14.32461],[-85.80493,14.33405],[-85.81571,14.35138],[-85.82895,14.36023],[-85.83653,14.36138],[-85.84318,14.35656],[-85.85807,14.36474],[-85.86254,14.38023],[-85.87466,14.38961],[-85.87536,14.3964],[-85.89099,14.40739],[-85.9106,14.41061],[-85.93199,14.4101],[-85.93676,14.41815],[-85.95036,14.42924],[-85.9591,14.44573],[-85.97994,14.43772],[-85.99264,14.44142],[-86.00156,14.45088],[-85.98668,14.47289],[-85.97706,14.48153],[-85.97636,14.48493],[-85.98004,14.48992],[-85.97019,14.49404],[-85.96187,14.51677],[-85.972,14.52615],[-85.98337,14.52235],[-85.98856,14.52745],[-85.99199,14.53803],[-85.98424,14.55543],[-85.95969,14.57617],[-85.96245,14.62851],[-85.94442,14.65744],[-85.92808,14.67442],[-85.92528,14.68512],[-85.9178,14.6904],[-85.92195,14.72469],[-85.93061,14.73326],[-85.92959,14.73929],[-85.93384,14.74339],[-85.92237,14.75226],[-85.91241,14.75219],[-85.90996,14.75946],[-85.9243,14.92066],[-85.91587,14.92285],[-85.94005,15.03163],[-85.93571,15.0469],[-85.84778,15.05459],[-85.81339,15.03353],[-85.79648,15.0319],[-85.72844,15.0762],[-85.69794,15.08212],[-85.62376,15.02131],[-85.61919,15.02122],[-85.61602,15.02526],[-85.60594,15.0229],[-85.5867,14.9748],[-85.58271,14.97049],[-85.42804,14.8686],[-85.40566,14.86406],[-85.40267,14.87203],[-85.39541,14.8684],[-85.39244,14.86963],[-85.38821,14.86233],[-85.37702,14.86187],[-85.37348,14.8638],[-85.37765,14.86697],[-85.37676,14.86932],[-85.36618,14.87506],[-85.35913,14.88793],[-85.33082,14.88238],[-85.31733,14.89375],[-85.31394,14.89238],[-85.30289,14.90061],[-85.29573,14.89465],[-85.28354,14.89833],[-85.27717,14.89384],[-85.27569,14.88804],[-85.26937,14.88875],[-85.25702,14.87409],[-85.24833,14.8731],[-85.24707,14.8773],[-85.24137,14.87357],[-85.23489,14.87647],[-85.23449,14.86857],[-85.22854,14.86806],[-85.21389,14.85794],[-85.2091,14.8586],[-85.21109,14.85392],[-85.20782,14.84789],[-85.20394,14.8493],[-85.19559,14.84562],[-85.19119,14.83428],[-85.1775,14.8356],[-85.17657,14.83954],[-85.1812,14.8457],[-85.17848,14.84736],[-85.1829,14.85597],[-85.17838,14.86671],[-85.17327,14.87],[-85.16796,14.87041],[-85.16447,14.86726],[-85.16529,14.85741],[-85.15938,14.85853],[-85.15785,14.8656],[-85.15094,14.87044],[-85.14785,14.86875],[-85.13983,14.87231],[-85.13532,14.87231],[-85.13587,14.86721],[-85.13039,14.86026],[-85.12243,14.85697],[-85.11768,14.86188],[-85.10832,14.85762],[-85.10562,14.86214],[-85.10432,14.85591],[-85.1068,14.85056],[-85.12114,14.84286],[-85.12847,14.84488],[-85.13173,14.83946],[-85.13417,14.81585],[-85.14788,14.78461],[-85.14215,14.78167],[-85.14,14.77149],[-85.1499,14.76368],[-85.16019,14.76068],[-85.04969,14.64991],[-85.03285,14.64588],[-85.02518,14.63667],[-85.02408,14.63123],[-85.02688,14.62877],[-85.02655,14.62424],[-85.04341,14.61035],[-85.03833,14.60701],[-85.02264,14.60926],[-85.02178,14.60746],[-85.04356,14.57419],[-85.05927,14.56755],[-85.06608,14.5587],[-85.07402,14.55903],[-85.08722,14.55142],[-85.09677,14.55219],[-85.10429,14.55799],[-85.11247,14.5754],[-85.12101,14.57856],[-85.12239,14.58488],[-85.13521,14.57539],[-85.14563,14.57604],[-85.15168,14.57124],[-85.15158,14.56674],[-85.14397,14.56421],[-85.14231,14.56089],[-85.14065,14.551],[-85.14765,14.54317],[-85.13931,14.51833],[-85.14816,14.50309],[-85.14976,14.48587],[-85.1539,14.48174],[-85.16353,14.48074],[-85.16606,14.47353],[-85.17427,14.4754],[-85.18342,14.46793],[-85.18497,14.46423],[-85.18074,14.45839],[-85.1852,14.4472],[-85.1808,14.42739],[-85.18802,14.42336],[-85.1922,14.40644],[-85.20144,14.40588],[-85.20594,14.38602],[-85.22105,14.37511],[-85.21798,14.36685],[-85.20737,14.36907],[-85.19684,14.3646],[-85.19847,14.35554],[-85.19423,14.35051],[-85.19895,14.34554],[-85.19281,14.33549],[-85.19262,14.32807],[-85.18241,14.332],[-85.18085,14.31462],[-85.15321,14.30009],[-85.15891,14.2866],[-85.16591,14.28274],[-85.17683,14.26965],[-85.18556,14.24873],[-85.18935,14.2477],[-85.2008,14.25638],[-85.20846,14.25238],[-85.21971,14.25392],[-85.22657,14.25102],[-85.24006,14.25144],[-85.26935,14.26099],[-85.2711,14.258],[-85.28477,14.25931],[-85.29001,14.25046],[-85.29672,14.24896],[-85.31084,14.25543],[-85.32993,14.24991],[-85.33307,14.24671],[-85.34045,14.24809],[-85.34137,14.23315],[-85.34384,14.23076],[-85.35652,14.23057],[-85.35832,14.2168],[-85.36204,14.21213],[-85.36947,14.21242],[-85.36758,14.22006],[-85.36981,14.2238],[-85.37876,14.22368],[-85.38396,14.21997],[-85.3829,14.21712],[-85.37559,14.21489],[-85.3773,14.2076],[-85.37414,14.1968],[-85.38157,14.19366],[-85.37545,14.18244],[-85.39884,14.16123],[-85.401,14.14471],[-85.39517,14.13903],[-85.39718,14.13503],[-85.40456,14.13288],[-85.40496,14.12236],[-85.41318,14.12116],[-85.42068,14.11398],[-85.42561,14.11592],[-85.43079,14.10563],[-85.4441,14.10516],[-85.45514,14.11289],[-85.46668,14.09276],[-85.47823,14.09312],[-85.47889,14.0833],[-85.48235,14.08381],[-85.48378,14.08832],[-85.49314,14.08743],[-85.49162,14.07999],[-85.49446,14.07524],[-85.49791,14.07644],[-85.5001,14.0861],[-85.50571,14.0877],[-85.50941,14.07757],[-85.50771,14.06208],[-85.51027,14.05932],[-85.52112,14.05948],[-85.51761,14.05012],[-85.52067,14.04636],[-85.52833,14.04869],[-85.53579,14.04471],[-85.56167,14.05011],[-85.56099,14.05601],[-85.5552,14.06288],[-85.57043,14.06352]]]}},{"type":"Feature","id":"27666195B67988098345344","properties":{"admin_level":2,"municipality_code":"27666195B67988098345344","municipality":"Concordia","municipality_key":"concordia","department_code":"10453824B23677570544502","department":"Olancho","department_key":"olancho","join_key":"olancho|concordia","centroid_lat":14.65849,"centroid_lon":-86.72402},"geometry":{"type":"Polygon","coordinates":[[[-86.74053,14.57574],[-86.75991,14.58521],[-86.76154,14.59688],[-86.76835,14.6055],[-86.77943,14.60972],[-86.78867,14.61917],[-86.79648,14.62077],[-86.79651,14.62942],[-86.8057,14.63892],[-86.79184,14.65288],[-86.78722,14.6736],[-86.77984,14.68894],[-86.78171,14.70105],[-86.77165,14.71124],[-86.76914,14.71931],[-86.75929,14.72644],[-86.75589,14.73249],[-86.75752,14.73976],[-86.74507,14.74543],[-86.74179,14.74246],[-86.74517,14.73787],[-86.73892,14.74011],[-86.73766,14.73794],[-86.74049,14.73548],[-86.71059,14.72012],[-86.70389,14.72548],[-86.69897,14.72587],[-86.69509,14.73102],[-86.68151,14.73105],[-86.67295,14.71809],[-86.67286,14.71298],[-86.67543,14.71185],[-86.67253,14.70635],[-86.67768,14.69231],[-86.66852,14.68966],[-86.66843,14.68378],[-86.67311,14.68078],[-86.66362,14.6735],[-86.66403,14.66893],[-86.65591,14.66071],[-86.65899,14.65627],[-86.65922,14.64792],[-86.637,14.64655],[-86.63662,14.64229],[-86.62859,14.64068],[-86.62592,14.63147],[-86.61733,14.62632],[-86.61464,14.61435],[-86.60886,14.60593],[-86.60646,14.60621],[-86.60843,14.60116],[-86.60079,14.59796],[-86.59993,14.59224],[-86.61156,14.58648],[-86.61587,14.57847],[-86.62401,14.57865],[-86.64204,14.57259],[-86.6458,14.5739],[-86.64796,14.57956],[-86.65377,14.58175],[-86.6588,14.59299],[-86.6854,14.58011],[-86.71966,14.57499],[-86.74053,14.57574]]]}},{"type":"Feature","id":"27666195B72562154839723","properties":{"admin_level":2,"municipality_code":"27666195B72562154839723","municipality":"Dulce Nombre de Culmi","municipality_key":"dulcenombredeculmi","department_code":"10453824B23677570544502","department":"Olancho","department_key":"olancho","join_key":"olancho|dulcenombredeculmi","centroid_lat":15.04769,"centroid_lon":-85.32797},"geometry":{"type":"Polygon","coordinates":[[[-85.45848,15.43136],[-85.37765,15.40229],[-85.33039,15.33342],[-85.23669,15.21381],[-85.09791,15.17979],[-85.0,15.07012],[-84.99997,14.72343],[-85.01081,14.71304],[-85.0171,14.7119],[-85.02916,14.70179],[-85.02842,14.69634],[-85.02211,14.69267],[-85.02109,14.68677],[-85.02863,14.67148],[-85.0467,14.67008],[-85.05141,14.6524],[-85.16019,14.76068],[-85.1499,14.76368],[-85.14,14.77149],[-85.14215,14.78167],[-85.14788,14.78461],[-85.13417,14.81585],[-85.13173,14.83946],[-85.12847,14.84488],[-85.12114,14.84286],[-85.1068,14.85056],[-85.10432,14.85591],[-85.10562,14.86214],[-85.10832,14.85762],[-85.11768,14.86188],[-85.12243,14.85697],[-85.13039,14.86026],[-85.13587,14.86721],[-85.13532,14.87231],[-85.13983,14.87231],[-85.14785,14.86875],[-85.15094,14.87044],[-85.15785,14.8656],[-85.15938,14.85853],[-85.16529,14.85741],[-85.16447,14.86726],[-85.16796,14.87041],[-85.17327,14.87],[-85.17838,14.86671],[-85.1829,14.85597],[-85.17848,14.84736],[-85.1812,14.8457],[-85.17657,14.83954],[-85.1775,14.8356],[-85.19119,14.83428],[-85.19559,14.84562],[-85.20394,14.8493],[-85.20782,14.84789],[-85.21109,14.85392],[-85.2091,14.8586],[-85.21389,14.85794],[-85.22854,14.86806],[-85.23449,14.86857],[-85.23489,14.87647],[-85.24137,14.87357],[-85.24707,14.8773],[-85.24833,14.8731],[-85.25702,14.87409],[-85.26937,14.88875],[-85.27569,14.88804],[-85.27717,14.89384],[-85.28354,14.89833],[-85.29573,14.89465],[-85.30289,14.90061],[-85.31394,14.89238],[-85.31733,14.89375],[-85.33082,14.88238],[-85.35913,14.88793],[-85.36618,14.87506],[-85.37676,14.86932],[-85.37765,14.86697],[-85.37348,14.8638],[-85.37702,14.86187],[-85.38821,14.86233],[-85.39244,14.86963],[-85.39541,14.8684],[-85.40267,14.87203],[-85.40566,14.86406],[-85.42804,14.8686],[-85.58271,14.97049],[-85.5867,14.9748],[-85.60594,15.0229],[-85.61602,15.02526],[-85.61919,15.02122],[-85.62376,15.02131],[-85.69794,15.08212],[-85.658,15.10177],[-85.63862,15.1208],[-85.63474,15.12791],[-85.64146,15.14843],[-85.61783,15.19177],[-85.58547,15.2269],[-85.52683,15.27728],[-85.48367,15.32524],[-85.45848,15.43136]]]}},{"type":"Feature","id":"27666195B45441120072404","properties":{"admin_level":2,"municipality_code":"27666195B45441120072404","municipality":"El Rosario","municipality_key":"elrosario","department_code":"10453824B23677570544502","department":"Olancho","department_key":"olancho","join_key":"olancho|elrosario","centroid_lat":14.90283,"centroid_lon":-86.6817},"geometry":{"type":"Polygon","coordinates":[[[-86.68889,14.83616],[-86.75541,14.85983],[-86.76065,14.86995],[-86.77694,14.88298],[-86.7824,14.89678],[-86.75487,14.90462],[-86.74033,14.90105],[-86.72382,14.9238],[-86.71343,14.94626],[-86.70351,14.95051],[-86.70425,14.96454],[-86.70218,14.96542],[-86.70641,14.96757],[-86.70526,14.97109],[-86.69374,14.96583],[-86.69414,14.96287],[-86.6891,14.96045],[-86.68859,14.95503],[-86.67628,14.95247],[-86.67337,14.94626],[-86.6756,14.9428],[-86.66685,14.93997],[-86.65087,14.92754],[-86.6276,14.92641],[-86.62292,14.89233],[-86.63156,14.86],[-86.68889,14.83616]]]}},{"type":"Feature","id":"27666195B82865348656076","properties":{"admin_level":2,"municipality_code":"27666195B82865348656076","municipality":"Esquipulas del Norte","municipality_key":"esquipulasdelnorte","department_code":"10453824B23677570544502","department":"Olancho","department_key":"olancho","join_key":"olancho|esquipulasdelnorte","centroid_lat":15.27064,"centroid_lon":-86.56551},"geometry":{"type":"Polygon","coordinates":[[[-86.48707,15.20187],[-86.49416,15.19765],[-86.51142,15.19464],[-86.51723,15.18544],[-86.52289,15.18261],[-86.52551,15.17483],[-86.53456,15.17347],[-86.54589,15.16711],[-86.5749,15.16124],[-86.59588,15.14053],[-86.62258,15.14712],[-86.62342,15.15649],[-86.62963,15.15942],[-86.635,15.17151],[-86.64868,15.18163],[-86.64502,15.20294],[-86.65929,15.20628],[-86.66532,15.22661],[-86.66469,15.24662],[-86.66109,15.26203],[-86.65693,15.26407],[-86.66517,15.28898],[-86.64978,15.30265],[-86.64621,15.32555],[-86.64885,15.33127],[-86.64658,15.33434],[-86.63167,15.34043],[-86.62584,15.33655],[-86.61637,15.33665],[-86.58292,15.35848],[-86.56114,15.36806],[-86.54797,15.36953],[-86.54269,15.37629],[-86.51326,15.39106],[-86.50502,15.38606],[-86.49579,15.38563],[-86.4883,15.39281],[-86.4735,15.39569],[-86.47188,15.40018],[-86.47583,15.4038],[-86.47407,15.40526],[-86.43838,15.3992],[-86.43274,15.38643],[-86.42668,15.38215],[-86.42768,15.37666],[-86.42402,15.3766],[-86.42434,15.3734],[-86.416,15.37353],[-86.40997,15.36931],[-86.40759,15.3735],[-86.40444,15.37196],[-86.39749,15.36338],[-86.39606,15.35302],[-86.39093,15.34469],[-86.39689,15.32552],[-86.44867,15.32119],[-86.45724,15.31035],[-86.46586,15.29461],[-86.46165,15.28946],[-86.46556,15.28525],[-86.4621,15.28023],[-86.46674,15.27489],[-86.47155,15.27403],[-86.47228,15.26725],[-86.47877,15.26099],[-86.48179,15.24486],[-86.48837,15.23889],[-86.48707,15.20187]]]}},{"type":"Feature","id":"27666195B37652459733493","properties":{"admin_level":2,"municipality_code":"27666195B37652459733493","municipality":"Gualaco","municipality_key":"gualaco","department_code":"10453824B23677570544502","department":"Olancho","department_key":"olancho","join_key":"olancho|gualaco","centroid_lat":15.22867,"centroid_lon":-86.12905},"geometry":{"type":"Polygon","coordinates":[[[-86.23243,15.40674],[-86.16532,15.36849],[-86.15971,15.37003],[-86.14965,15.36615],[-86.1398,15.37387],[-86.13008,15.3711],[-86.11753,15.37691],[-86.10452,15.39003],[-86.0937,15.38403],[-86.08932,15.39753],[-86.06967,15.39246],[-86.06719,15.39611],[-86.05416,15.3941],[-86.04472,15.38349],[-86.02985,15.38512],[-86.02917,15.39554],[-86.02217,15.3988],[-86.01364,15.39538],[-86.00665,15.40378],[-85.99823,15.40322],[-85.99405,15.41068],[-85.98211,15.41156],[-85.97781,15.41902],[-85.96894,15.42],[-85.96787,15.4355],[-85.96119,15.44151],[-85.95848,15.44842],[-85.94812,15.45857],[-85.9347,15.45898],[-85.88995,15.49972],[-85.89421,15.50436],[-85.89243,15.51046],[-85.89624,15.51463],[-85.89355,15.52099],[-85.88658,15.52682],[-85.86745,15.52823],[-85.86414,15.52221],[-85.83606,15.51538],[-85.83359,15.51721],[-85.83097,15.50805],[-85.82099,15.50367],[-85.77578,15.44878],[-85.7765,15.44182],[-85.78011,15.43745],[-85.77202,15.42272],[-85.77241,15.4176],[-85.78362,15.40738],[-85.77473,15.40072],[-85.77343,15.39004],[-85.78012,15.38192],[-85.77977,15.37864],[-85.86012,15.40224],[-85.94695,15.36511],[-85.93074,15.24342],[-85.94183,15.20838],[-85.93046,15.20732],[-85.92512,15.20214],[-85.94797,15.19411],[-85.94462,15.16419],[-85.94106,15.15938],[-85.94674,15.15252],[-85.93239,15.15073],[-85.92641,15.1431],[-85.9165,15.14682],[-85.91759,15.138],[-85.91058,15.13791],[-85.90956,15.14195],[-85.90722,15.13529],[-85.89805,15.13858],[-85.8927,15.13226],[-85.8963,15.12794],[-85.89214,15.12917],[-85.88615,15.12346],[-85.8838,15.12665],[-85.87504,15.12065],[-85.87305,15.12462],[-85.86878,15.12462],[-85.86303,15.12939],[-85.85651,15.12057],[-85.85285,15.12399],[-85.84827,15.10596],[-85.85469,15.10008],[-85.849,15.09582],[-85.84778,15.05459],[-85.93571,15.0469],[-85.94005,15.03163],[-85.91587,14.92285],[-85.92098,14.92007],[-85.99381,14.93248],[-86.03741,14.93498],[-86.04906,14.93467],[-86.04495,14.92774],[-86.05358,14.92659],[-86.08281,14.93517],[-86.13916,14.93148],[-86.2747,14.96846],[-86.33608,14.9945],[-86.31002,15.00557],[-86.2748,15.01361],[-86.26986,15.03848],[-86.25857,15.05752],[-86.25887,15.0762],[-86.26977,15.1197],[-86.27619,15.16682],[-86.31944,15.21751],[-86.32594,15.23983],[-86.3308,15.24453],[-86.32317,15.24847],[-86.31462,15.24822],[-86.30941,15.26089],[-86.30329,15.26402],[-86.30114,15.27214],[-86.29627,15.27574],[-86.30008,15.2803],[-86.29699,15.28528],[-86.30449,15.28992],[-86.30959,15.30103],[-86.31736,15.30657],[-86.32042,15.32102],[-86.32868,15.33323],[-86.35687,15.33342],[-86.29063,15.37414],[-86.27896,15.37297],[-86.23243,15.40674]]]}},{"type":"Feature","id":"27666195B32639013731604","properties":{"admin_level":2,"municipality_code":"27666195B32639013731604","municipality":"Guarizama","municipality_key":"guarizama","department_code":"10453824B23677570544502","department":"Olancho","department_key":"olancho","join_key":"olancho|guarizama","centroid_lat":14.90672,"centroid_lon":-86.29536},"geometry":{"type":"Polygon","coordinates":[[[-86.33605,14.99449],[-86.2747,14.96846],[-86.22515,14.95513],[-86.22336,14.94312],[-86.22759,14.93626],[-86.23439,14.93273],[-86.23789,14.90972],[-86.24855,14.89731],[-86.24263,14.86413],[-86.24918,14.85452],[-86.24773,14.85238],[-86.25439,14.84878],[-86.25702,14.84122],[-86.25237,14.83863],[-86.25151,14.83413],[-86.24286,14.82963],[-86.24153,14.82028],[-86.25044,14.81789],[-86.25526,14.82349],[-86.27288,14.82134],[-86.28496,14.83034],[-86.31165,14.84347],[-86.33445,14.86554],[-86.36431,14.87737],[-86.35128,14.89714],[-86.34592,14.9011],[-86.34301,14.89913],[-86.34631,14.90372],[-86.34983,14.90277],[-86.3508,14.91199],[-86.34272,14.91798],[-86.33324,14.93991],[-86.32778,14.94269],[-86.31485,14.95853],[-86.32699,14.98577],[-86.33605,14.99449]]]}},{"type":"Feature","id":"27666195B45988200529008","properties":{"admin_level":2,"municipality_code":"27666195B45988200529008","municipality":"Guata","municipality_key":"guata","department_code":"10453824B23677570544502","department":"Olancho","department_key":"olancho","join_key":"olancho|guata","centroid_lat":15.16237,"centroid_lon":-86.38132},"geometry":{"type":"Polygon","coordinates":[[[-86.48644,15.18408],[-86.48837,15.23889],[-86.48179,15.24486],[-86.47877,15.26099],[-86.47228,15.26725],[-86.47155,15.27403],[-86.46674,15.27489],[-86.4621,15.28023],[-86.46556,15.28525],[-86.46165,15.28946],[-86.46586,15.29461],[-86.44867,15.32119],[-86.39689,15.32552],[-86.39364,15.32272],[-86.38062,15.32224],[-86.3729,15.32352],[-86.35687,15.33342],[-86.32868,15.33323],[-86.32042,15.32102],[-86.31736,15.30657],[-86.30959,15.30103],[-86.30449,15.28992],[-86.29699,15.28528],[-86.30008,15.2803],[-86.29627,15.27574],[-86.30114,15.27214],[-86.30329,15.26402],[-86.30941,15.26089],[-86.31462,15.24822],[-86.32317,15.24847],[-86.3308,15.24453],[-86.32594,15.23983],[-86.31944,15.21751],[-86.27619,15.16682],[-86.26977,15.1197],[-86.25887,15.0762],[-86.25857,15.05752],[-86.26986,15.03848],[-86.2748,15.01361],[-86.31002,15.00557],[-86.34919,14.98877],[-86.39405,14.99999],[-86.44658,15.0333],[-86.434,15.05479],[-86.43331,15.07623],[-86.44714,15.08308],[-86.45262,15.08193],[-86.43596,15.11311],[-86.44373,15.1158],[-86.44841,15.11304],[-86.44777,15.11546],[-86.45502,15.12087],[-86.46164,15.13127],[-86.48606,15.15008],[-86.48989,15.15792],[-86.481,15.17189],[-86.48644,15.18408]]]}},{"type":"Feature","id":"27666195B80607738611126","properties":{"admin_level":2,"municipality_code":"27666195B80607738611126","municipality":"Guayape","municipality_key":"guayape","department_code":"10453824B23677570544502","department":"Olancho","department_key":"olancho","join_key":"olancho|guayape","centroid_lat":14.79152,"centroid_lon":-86.81626},"geometry":{"type":"Polygon","coordinates":[[[-86.8057,14.63892],[-86.82862,14.64072],[-86.8338,14.65108],[-86.85119,14.66309],[-86.86943,14.71064],[-86.87879,14.74551],[-86.90115,14.77003],[-86.89144,14.79735],[-86.90459,14.80682],[-86.90564,14.80472],[-86.90858,14.80695],[-86.91188,14.81495],[-86.91108,14.82147],[-86.90445,14.82391],[-86.91038,14.84498],[-86.91951,14.86317],[-86.9301,14.86886],[-86.92968,14.88652],[-86.93617,14.89612],[-86.93018,14.90395],[-86.92286,14.90609],[-86.92473,14.91693],[-86.9181,14.92257],[-86.91424,14.93332],[-86.9034,14.9381],[-86.86476,14.92469],[-86.85528,14.91075],[-86.81249,14.89273],[-86.7824,14.89678],[-86.77694,14.88298],[-86.76065,14.86995],[-86.75541,14.85983],[-86.72371,14.84955],[-86.74122,14.83638],[-86.73873,14.78568],[-86.75562,14.77804],[-86.7592,14.77076],[-86.76449,14.76749],[-86.76514,14.75963],[-86.76985,14.75444],[-86.77497,14.7539],[-86.76755,14.7482],[-86.75231,14.74593],[-86.74851,14.74293],[-86.75752,14.73976],[-86.75589,14.73249],[-86.75929,14.72644],[-86.76914,14.71931],[-86.77165,14.71124],[-86.78171,14.70105],[-86.77984,14.68894],[-86.78722,14.6736],[-86.79184,14.65288],[-86.8057,14.63892]]]}},{"type":"Feature","id":"27666195B16054115349616","properties":{"admin_level":2,"municipality_code":"27666195B16054115349616","municipality":"Jano","municipality_key":"jano","department_code":"10453824B23677570544502","department":"Olancho","department_key":"olancho","join_key":"olancho|jano","centroid_lat":15.06248,"centroid_lon":-86.5084},"geometry":{"type":"Polygon","coordinates":[[[-86.62258,15.14712],[-86.59588,15.14053],[-86.5749,15.16124],[-86.54589,15.16711],[-86.53456,15.17347],[-86.52551,15.17483],[-86.52289,15.18261],[-86.51723,15.18544],[-86.51142,15.19464],[-86.49416,15.19765],[-86.48707,15.20187],[-86.48644,15.18408],[-86.481,15.17189],[-86.48989,15.15792],[-86.48606,15.15008],[-86.46164,15.13127],[-86.45502,15.12087],[-86.44777,15.11546],[-86.44841,15.11304],[-86.44373,15.1158],[-86.43596,15.11311],[-86.45262,15.08193],[-86.44714,15.08308],[-86.43331,15.07623],[-86.434,15.05479],[-86.44658,15.0333],[-86.40863,15.01047],[-86.41823,15.00402],[-86.4695,14.99495],[-86.47594,14.98716],[-86.47619,14.9769],[-86.49565,14.94963],[-86.49653,14.96238],[-86.49363,14.96453],[-86.49681,14.96784],[-86.49622,14.97161],[-86.50749,14.97505],[-86.51859,14.9741],[-86.52211,14.95362],[-86.51633,14.95443],[-86.51282,14.95042],[-86.52062,14.93213],[-86.5165,14.91983],[-86.5178,14.91679],[-86.52254,14.91923],[-86.52322,14.92238],[-86.53188,14.92757],[-86.53361,14.93529],[-86.5491,14.94768],[-86.55046,14.96279],[-86.56052,14.96749],[-86.55301,15.0102],[-86.57699,15.01315],[-86.58177,15.03682],[-86.58344,15.07018],[-86.59038,15.07616],[-86.5881,15.0853],[-86.60377,15.08461],[-86.60726,15.09263],[-86.60804,15.10635],[-86.61514,15.11348],[-86.62408,15.11657],[-86.62258,15.14712]]]}},{"type":"Feature","id":"27666195B18258905744745","properties":{"admin_level":2,"municipality_code":"27666195B18258905744745","municipality":"Juticalpa","municipality_key":"juticalpa","department_code":"10453824B23677570544502","department":"Olancho","department_key":"olancho","join_key":"olancho|juticalpa","centroid_lat":14.53005,"centroid_lon":-86.32222},"geometry":{"type":"Polygon","coordinates":[[[-86.15038,14.27049],[-86.18647,14.35974],[-86.24983,14.3445],[-86.25884,14.33346],[-86.27438,14.3283],[-86.2857,14.31843],[-86.29483,14.31852],[-86.31684,14.29686],[-86.33229,14.29124],[-86.3424,14.28337],[-86.34925,14.28644],[-86.35652,14.28138],[-86.441,14.28831],[-86.44792,14.31258],[-86.45977,14.32324],[-86.46411,14.33235],[-86.4779,14.33138],[-86.50117,14.33587],[-86.50851,14.35205],[-86.51487,14.35321],[-86.52167,14.36302],[-86.57706,14.37584],[-86.5713,14.37796],[-86.5623,14.38889],[-86.5549,14.39163],[-86.54958,14.39886],[-86.55244,14.43238],[-86.56139,14.44831],[-86.5622,14.4705],[-86.56619,14.48528],[-86.56191,14.4892],[-86.56089,14.50154],[-86.55497,14.50967],[-86.55541,14.51518],[-86.55153,14.51691],[-86.54701,14.52583],[-86.54897,14.53218],[-86.54427,14.53898],[-86.56134,14.53942],[-86.56615,14.5459],[-86.55993,14.55721],[-86.56358,14.56601],[-86.57174,14.57527],[-86.58816,14.58336],[-86.591,14.59276],[-86.60843,14.60116],[-86.60646,14.60621],[-86.60886,14.60593],[-86.61464,14.61435],[-86.61733,14.62632],[-86.62592,14.63147],[-86.62859,14.64068],[-86.63662,14.64229],[-86.637,14.64655],[-86.65922,14.64792],[-86.65899,14.65627],[-86.65591,14.66071],[-86.66403,14.66893],[-86.66362,14.6735],[-86.67311,14.68078],[-86.66843,14.68378],[-86.66852,14.68966],[-86.67768,14.69231],[-86.67253,14.70635],[-86.65911,14.71855],[-86.65705,14.72429],[-86.65914,14.72484],[-86.65537,14.73018],[-86.65233,14.7283],[-86.64617,14.73424],[-86.64683,14.73753],[-86.64151,14.73397],[-86.64202,14.73128],[-86.63543,14.73161],[-86.63341,14.72958],[-86.63421,14.71852],[-86.62695,14.71213],[-86.62238,14.70299],[-86.60089,14.69398],[-86.5911,14.68633],[-86.52936,14.68072],[-86.50507,14.70856],[-86.49933,14.72158],[-86.49006,14.72121],[-86.48197,14.71264],[-86.45154,14.71245],[-86.44622,14.75382],[-86.43096,14.7789],[-86.4306,14.78482],[-86.42472,14.79087],[-86.37855,14.76562],[-86.29658,14.74124],[-86.26893,14.74277],[-86.14672,14.72411],[-86.13608,14.74172],[-86.02009,14.79204],[-85.99867,14.76994],[-85.94224,14.73788],[-85.94107,14.73312],[-85.94658,14.72582],[-85.95405,14.72598],[-85.95607,14.7219],[-85.96291,14.71926],[-85.9692,14.72015],[-85.96725,14.71265],[-85.97002,14.71034],[-85.97525,14.71601],[-85.98269,14.71839],[-85.97984,14.72416],[-85.98325,14.7305],[-85.9904,14.73409],[-85.99766,14.73101],[-85.99942,14.72941],[-85.99654,14.72203],[-86.00649,14.71015],[-86.01099,14.68965],[-86.01479,14.69648],[-86.02345,14.69172],[-86.0275,14.68583],[-86.0303,14.69262],[-86.03375,14.69418],[-86.03423,14.68549],[-86.05004,14.68288],[-86.05619,14.67827],[-86.05646,14.67436],[-86.06279,14.67898],[-86.06498,14.67296],[-86.07147,14.67322],[-86.08705,14.66345],[-86.09337,14.67008],[-86.10329,14.6661],[-86.10774,14.66784],[-86.11188,14.65708],[-86.11593,14.65775],[-86.11365,14.66324],[-86.11919,14.66286],[-86.12156,14.65983],[-86.11979,14.65449],[-86.12589,14.65288],[-86.12826,14.64265],[-86.13356,14.64515],[-86.13539,14.6385],[-86.14306,14.63834],[-86.14105,14.63374],[-86.14663,14.62829],[-86.13642,14.61667],[-86.13816,14.59702],[-86.13536,14.59023],[-86.12877,14.58535],[-86.12625,14.57354],[-86.10192,14.54706],[-86.10115,14.53842],[-86.08993,14.51974],[-86.09779,14.51265],[-86.08964,14.50628],[-86.06926,14.51947],[-86.05238,14.53507],[-86.01672,14.54053],[-86.01215,14.54481],[-86.00482,14.54052],[-85.99435,14.52793],[-85.98856,14.52745],[-86.01356,14.49703],[-86.05267,14.43219],[-86.06297,14.39238],[-86.10935,14.34734],[-86.15038,14.27049]]]}},{"type":"Feature","id":"27666195B95700433875846","properties":{"admin_level":2,"municipality_code":"27666195B95700433875846","municipality":"La Union","municipality_key":"launion","department_code":"10453824B23677570544502","department":"Olancho","department_key":"olancho","join_key":"olancho|launion","centroid_lat":15.10992,"centroid_lon":-86.70187},"geometry":{"type":"Polygon","coordinates":[[[-86.5734,14.92594],[-86.65087,14.92754],[-86.66685,14.93997],[-86.6756,14.9428],[-86.67337,14.94626],[-86.67628,14.95247],[-86.68859,14.95503],[-86.6891,14.96045],[-86.70044,14.97029],[-86.69514,14.98428],[-86.69967,14.99526],[-86.71543,14.99869],[-86.74556,15.0168],[-86.75761,15.01784],[-86.77307,15.06787],[-86.79249,15.10272],[-86.79033,15.14795],[-86.78373,15.14858],[-86.77662,15.29512],[-86.76255,15.28802],[-86.75476,15.2709],[-86.73227,15.26379],[-86.72963,15.26729],[-86.72643,15.26503],[-86.72104,15.26774],[-86.70154,15.26419],[-86.66401,15.28459],[-86.65693,15.26407],[-86.66109,15.26203],[-86.66469,15.24662],[-86.66532,15.22661],[-86.65929,15.20628],[-86.64502,15.20294],[-86.64868,15.18163],[-86.635,15.17151],[-86.62963,15.15942],[-86.62342,15.15649],[-86.62408,15.11657],[-86.61514,15.11348],[-86.60804,15.10635],[-86.60726,15.09263],[-86.60377,15.08461],[-86.5881,15.0853],[-86.59038,15.07616],[-86.58344,15.07018],[-86.58177,15.03682],[-86.57699,15.01315],[-86.55301,15.0102],[-86.56052,14.96749],[-86.56027,14.94314],[-86.5734,14.92594]]]}},{"type":"Feature","id":"27666195B89076502999157","properties":{"admin_level":2,"municipality_code":"27666195B89076502999157","municipality":"Mangulile","municipality_key":"mangulile","department_code":"10453824B23677570544502","department":"Olancho","department_key":"olancho","join_key":"olancho|mangulile","centroid_lat":15.12926,"centroid_lon":-86.83122},"geometry":{"type":"Polygon","coordinates":[[[-86.98853,15.00058],[-86.99128,15.01447],[-86.97344,15.03856],[-86.96365,15.04483],[-86.95236,15.04432],[-86.94321,15.04037],[-86.93049,15.04229],[-86.92516,15.0389],[-86.91803,15.06724],[-86.90764,15.06762],[-86.89732,15.07865],[-86.88772,15.07655],[-86.88268,15.08202],[-86.88557,15.10154],[-86.87997,15.10483],[-86.88072,15.11744],[-86.8617,15.14107],[-86.86271,15.14429],[-86.86816,15.14483],[-86.86145,15.15807],[-86.85792,15.15923],[-86.8601,15.16346],[-86.85594,15.16966],[-86.85625,15.17863],[-86.86411,15.19349],[-86.86569,15.21996],[-86.86957,15.23113],[-86.86502,15.24681],[-86.85689,15.25689],[-86.84841,15.25599],[-86.84512,15.26106],[-86.83374,15.26741],[-86.81988,15.2714],[-86.81788,15.28307],[-86.81336,15.28448],[-86.7933,15.27799],[-86.79207,15.28166],[-86.78772,15.28157],[-86.77822,15.29025],[-86.78373,15.14858],[-86.79033,15.14795],[-86.79249,15.10272],[-86.77307,15.06787],[-86.75761,15.01784],[-86.78255,15.01782],[-86.78765,15.01104],[-86.80351,15.01198],[-86.81392,15.00394],[-86.81944,15.00592],[-86.84006,14.98958],[-86.84837,14.99712],[-86.89092,14.99966],[-86.90397,14.99095],[-86.95668,14.98701],[-86.97117,14.98211],[-86.97258,14.98738],[-86.97697,14.98905],[-86.98254,14.99858],[-86.98853,15.00058]]]}},{"type":"Feature","id":"27666195B56288500543759","properties":{"admin_level":2,"municipality_code":"27666195B56288500543759","municipality":"Manto","municipality_key":"manto","department_code":"10453824B23677570544502","department":"Olancho","department_key":"olancho","join_key":"olancho|manto","centroid_lat":14.87336,"centroid_lon":-86.44477},"geometry":{"type":"Polygon","coordinates":[[[-86.26893,14.74277],[-86.29658,14.74124],[-86.37855,14.76562],[-86.44674,14.80246],[-86.44765,14.80512],[-86.45193,14.80445],[-86.46312,14.81174],[-86.47836,14.80868],[-86.47769,14.81515],[-86.48121,14.81877],[-86.47333,14.84146],[-86.47833,14.84679],[-86.48275,14.84528],[-86.48469,14.85396],[-86.48935,14.85638],[-86.51159,14.85188],[-86.52513,14.85303],[-86.53652,14.86383],[-86.53712,14.86936],[-86.52909,14.88734],[-86.53588,14.89406],[-86.52954,14.90331],[-86.5149,14.91004],[-86.52062,14.93213],[-86.51282,14.95042],[-86.51633,14.95443],[-86.52211,14.95362],[-86.51859,14.9741],[-86.50749,14.97505],[-86.49622,14.97161],[-86.49681,14.96784],[-86.49363,14.96453],[-86.49653,14.96238],[-86.49565,14.94963],[-86.47619,14.9769],[-86.47594,14.98716],[-86.4695,14.99495],[-86.41823,15.00402],[-86.40863,15.01047],[-86.39405,14.99999],[-86.34919,14.98877],[-86.33605,14.99449],[-86.32699,14.98577],[-86.31485,14.95853],[-86.32778,14.94269],[-86.33324,14.93991],[-86.34272,14.91798],[-86.3508,14.91199],[-86.34983,14.90277],[-86.34631,14.90372],[-86.34301,14.89913],[-86.34592,14.9011],[-86.35128,14.89714],[-86.36431,14.87737],[-86.33445,14.86554],[-86.31165,14.84347],[-86.28496,14.83034],[-86.27288,14.82134],[-86.25526,14.82349],[-86.25044,14.81789],[-86.24352,14.81952],[-86.24291,14.8117],[-86.25511,14.79667],[-86.24386,14.79091],[-86.24919,14.78625],[-86.2556,14.77181],[-86.25708,14.75707],[-86.26893,14.74277]]]}},{"type":"Feature","id":"27666195B65375396253537","properties":{"admin_level":2,"municipality_code":"27666195B65375396253537","municipality":"Patuca","municipality_key":"patuca","department_code":"10453824B23677570544502","department":"Olancho","department_key":"olancho","join_key":"olancho|patuca","centroid_lat":14.32933,"centroid_lon":-85.96184},"geometry":{"type":"Polygon","coordinates":[[[-86.06895,14.24775],[-86.14829,14.26529],[-86.15038,14.27049],[-86.10935,14.34734],[-86.06297,14.39238],[-86.05267,14.43219],[-86.01356,14.49703],[-85.98856,14.52745],[-85.98337,14.52235],[-85.972,14.52615],[-85.96187,14.51677],[-85.96702,14.50067],[-85.97019,14.49404],[-85.98004,14.48992],[-85.97636,14.48493],[-85.97706,14.48153],[-85.98668,14.47289],[-86.00156,14.45088],[-85.99264,14.44142],[-85.97994,14.43772],[-85.9591,14.44573],[-85.95036,14.42924],[-85.93676,14.41815],[-85.93199,14.4101],[-85.9106,14.41061],[-85.89099,14.40739],[-85.87536,14.3964],[-85.87466,14.38961],[-85.86254,14.38023],[-85.85807,14.36474],[-85.84318,14.35656],[-85.83653,14.36138],[-85.82041,14.35558],[-85.80493,14.33405],[-85.80448,14.32461],[-85.81984,14.31404],[-85.82065,14.30542],[-85.82489,14.30055],[-85.82287,14.29645],[-85.82703,14.28316],[-85.81926,14.27471],[-85.82346,14.26404],[-85.81716,14.25039],[-85.82144,14.24359],[-85.81916,14.23678],[-85.82309,14.22568],[-85.83729,14.21139],[-85.84497,14.21196],[-85.84969,14.20489],[-85.85913,14.1984],[-85.87624,14.19087],[-85.88024,14.18398],[-85.87923,14.17937],[-85.88625,14.17663],[-85.90108,14.1508],[-85.90867,14.13076],[-85.90491,14.1254],[-85.92267,14.13945],[-85.93524,14.12886],[-85.94802,14.12332],[-85.95159,14.13409],[-85.94817,14.13938],[-85.94763,14.15026],[-85.9413,14.15878],[-85.94046,14.171],[-85.9469,14.16923],[-85.95296,14.17275],[-85.98268,14.17866],[-85.9936,14.18594],[-85.99889,14.22655],[-86.01325,14.24693],[-86.02035,14.26259],[-86.03786,14.26316],[-86.05113,14.26658],[-86.05293,14.27019],[-86.0621,14.27047],[-86.07072,14.26313],[-86.07129,14.25122],[-86.06895,14.24775]]]}},{"type":"Feature","id":"27666195B49586797079584","properties":{"admin_level":2,"municipality_code":"27666195B49586797079584","municipality":"Salama","municipality_key":"salama","department_code":"10453824B23677570544502","department":"Olancho","department_key":"olancho","join_key":"olancho|salama","centroid_lat":14.83696,"centroid_lon":-86.62314},"geometry":{"type":"Polygon","coordinates":[[[-86.63543,14.73161],[-86.64202,14.73128],[-86.64151,14.73397],[-86.64683,14.73753],[-86.64617,14.73424],[-86.65233,14.7283],[-86.65537,14.73018],[-86.65914,14.72484],[-86.65705,14.72429],[-86.65911,14.71855],[-86.67253,14.70635],[-86.67543,14.71185],[-86.67286,14.71298],[-86.67366,14.72147],[-86.68151,14.73105],[-86.69509,14.73102],[-86.69897,14.72587],[-86.70389,14.72548],[-86.71059,14.72012],[-86.74049,14.73548],[-86.73766,14.73794],[-86.73892,14.74011],[-86.74517,14.73787],[-86.74179,14.74246],[-86.74326,14.74517],[-86.74851,14.74293],[-86.75231,14.74593],[-86.75585,14.74494],[-86.76755,14.7482],[-86.77497,14.7539],[-86.76985,14.75444],[-86.76514,14.75963],[-86.76449,14.76749],[-86.7592,14.77076],[-86.75562,14.77804],[-86.73873,14.78568],[-86.74122,14.83638],[-86.72371,14.84955],[-86.68889,14.83616],[-86.63156,14.86],[-86.62292,14.89233],[-86.6276,14.92641],[-86.5734,14.92594],[-86.56027,14.94314],[-86.56052,14.96749],[-86.55046,14.96279],[-86.5491,14.94768],[-86.53361,14.93529],[-86.53188,14.92757],[-86.51646,14.91608],[-86.5149,14.91004],[-86.52954,14.90331],[-86.53588,14.89406],[-86.52909,14.88734],[-86.54074,14.85506],[-86.56003,14.83754],[-86.55823,14.83606],[-86.56053,14.83594],[-86.5601,14.81556],[-86.55539,14.79275],[-86.56404,14.78589],[-86.5826,14.77821],[-86.63543,14.73161]]]}},{"type":"Feature","id":"27666195B69653705101844","properties":{"admin_level":2,"municipality_code":"27666195B69653705101844","municipality":"San Esteban","municipality_key":"sanesteban","department_code":"10453824B23677570544502","department":"Olancho","department_key":"olancho","join_key":"olancho|sanesteban","centroid_lat":15.30126,"centroid_lon":-85.72185},"geometry":{"type":"Polygon","coordinates":[[[-85.6729,15.5954],[-85.6009,15.53216],[-85.54013,15.46613],[-85.50944,15.44812],[-85.45848,15.43136],[-85.48367,15.32524],[-85.52683,15.27728],[-85.58547,15.2269],[-85.61783,15.19177],[-85.64146,15.14843],[-85.63474,15.12791],[-85.63862,15.1208],[-85.658,15.10177],[-85.69794,15.08212],[-85.72844,15.0762],[-85.79648,15.0319],[-85.80537,15.03131],[-85.81339,15.03353],[-85.84778,15.05459],[-85.849,15.09582],[-85.85469,15.10008],[-85.84827,15.10596],[-85.85285,15.12399],[-85.85651,15.12057],[-85.86303,15.12939],[-85.86878,15.12462],[-85.87305,15.12462],[-85.87504,15.12065],[-85.8838,15.12665],[-85.88615,15.12346],[-85.89214,15.12917],[-85.8963,15.12794],[-85.8927,15.13226],[-85.89805,15.13858],[-85.90722,15.13529],[-85.90956,15.14195],[-85.91058,15.13791],[-85.91759,15.138],[-85.9165,15.14682],[-85.92641,15.1431],[-85.93239,15.15073],[-85.94674,15.15252],[-85.94106,15.15938],[-85.94462,15.16419],[-85.94797,15.19411],[-85.92512,15.20214],[-85.93046,15.20732],[-85.94183,15.20838],[-85.93074,15.24342],[-85.94695,15.36511],[-85.86012,15.40224],[-85.77977,15.37864],[-85.78012,15.38192],[-85.77343,15.39004],[-85.77473,15.40072],[-85.78362,15.40738],[-85.77241,15.4176],[-85.77202,15.42272],[-85.78011,15.43745],[-85.7765,15.44182],[-85.77578,15.44878],[-85.82099,15.50367],[-85.83097,15.50805],[-85.83384,15.51286],[-85.83031,15.52385],[-85.81364,15.54298],[-85.78823,15.55085],[-85.785,15.55873],[-85.78957,15.56855],[-85.78541,15.5764],[-85.77275,15.57777],[-85.76712,15.5845],[-85.76356,15.58497],[-85.75832,15.58298],[-85.7472,15.5695],[-85.73456,15.56621],[-85.72716,15.56865],[-85.70951,15.56804],[-85.70167,15.57137],[-85.68238,15.58994],[-85.6729,15.5954]]]}},{"type":"Feature","id":"27666195B71120455883268","properties":{"admin_level":2,"municipality_code":"27666195B71120455883268","municipality":"San Francisco de Becerra","municipality_key":"sanfranciscodebecerra","department_code":"10453824B23677570544502","department":"Olancho","department_key":"olancho","join_key":"olancho|sanfranciscodebecerra","centroid_lat":14.62248,"centroid_lon":-86.05171},"geometry":{"type":"Polygon","coordinates":[[[-85.98856,14.52745],[-85.99435,14.52793],[-86.00482,14.54052],[-86.01215,14.54481],[-86.01672,14.54053],[-86.05238,14.53507],[-86.06926,14.51947],[-86.08964,14.50628],[-86.09779,14.51265],[-86.08993,14.51974],[-86.10115,14.53842],[-86.10192,14.54706],[-86.12625,14.57354],[-86.12877,14.58535],[-86.13536,14.59023],[-86.13816,14.59702],[-86.13642,14.61667],[-86.14663,14.62829],[-86.14105,14.63374],[-86.14306,14.63834],[-86.13539,14.6385],[-86.13356,14.64515],[-86.12826,14.64265],[-86.12589,14.65288],[-86.11979,14.65449],[-86.12156,14.65983],[-86.11919,14.66286],[-86.11365,14.66324],[-86.11593,14.65775],[-86.11188,14.65708],[-86.10774,14.66784],[-86.10329,14.6661],[-86.09337,14.67008],[-86.08705,14.66345],[-86.07147,14.67322],[-86.06498,14.67296],[-86.06279,14.67898],[-86.05646,14.67436],[-86.05619,14.67827],[-86.05004,14.68288],[-86.03423,14.68549],[-86.03375,14.69418],[-86.0303,14.69262],[-86.0275,14.68583],[-86.02345,14.69172],[-86.01479,14.69648],[-86.01099,14.68965],[-86.00649,14.71015],[-85.99654,14.72203],[-85.99942,14.72941],[-85.9904,14.73409],[-85.98325,14.7305],[-85.97984,14.72416],[-85.98269,14.71839],[-85.97525,14.71601],[-85.97079,14.71025],[-85.97831,14.70792],[-85.97837,14.69994],[-85.96867,14.67519],[-85.97227,14.65985],[-85.96321,14.65041],[-85.95969,14.57617],[-85.98424,14.55543],[-85.99199,14.53803],[-85.98856,14.52745]]]}},{"type":"Feature","id":"27666195B84408666272476","properties":{"admin_level":2,"municipality_code":"27666195B84408666272476","municipality":"San Francisco de La Paz","municipality_key":"sanfranciscodelapaz","department_code":"10453824B23677570544502","department":"Olancho","department_key":"olancho","join_key":"olancho|sanfranciscodelapaz","centroid_lat":14.83992,"centroid_lon":-86.12572},"geometry":{"type":"Polygon","coordinates":[[[-86.02006,14.79201],[-86.13608,14.74172],[-86.14672,14.72411],[-86.26893,14.74277],[-86.25708,14.75707],[-86.2556,14.77181],[-86.24919,14.78625],[-86.24386,14.79091],[-86.25511,14.79667],[-86.24291,14.8117],[-86.24286,14.82963],[-86.25151,14.83413],[-86.25237,14.83863],[-86.25702,14.84122],[-86.25439,14.84878],[-86.24773,14.85238],[-86.24918,14.85452],[-86.24263,14.86413],[-86.24855,14.89731],[-86.23789,14.90972],[-86.23439,14.93273],[-86.22759,14.93626],[-86.22336,14.94312],[-86.22515,14.95513],[-86.13916,14.93148],[-86.08281,14.93517],[-86.05358,14.92659],[-86.04495,14.92774],[-85.98125,14.81169],[-86.02006,14.79201]]]}},{"type":"Feature","id":"27666195B43578423594427","properties":{"admin_level":2,"municipality_code":"27666195B43578423594427","municipality":"Santa Maria del Real","municipality_key":"santamariadelreal","department_code":"10453824B23677570544502","department":"Olancho","department_key":"olancho","join_key":"olancho|santamariadelreal","centroid_lat":14.78098,"centroid_lon":-85.96062},"geometry":{"type":"Polygon","coordinates":[[[-85.97831,14.70792],[-85.96725,14.71265],[-85.9692,14.72015],[-85.96291,14.71926],[-85.95607,14.7219],[-85.95405,14.72598],[-85.94658,14.72582],[-85.94108,14.73478],[-85.94224,14.73788],[-85.99867,14.76994],[-86.02006,14.79201],[-85.98125,14.81169],[-86.04906,14.93467],[-85.99996,14.9332],[-85.9243,14.92066],[-85.90996,14.75946],[-85.91241,14.75219],[-85.92237,14.75226],[-85.9339,14.74294],[-85.92959,14.73929],[-85.93061,14.73326],[-85.92195,14.72469],[-85.9178,14.6904],[-85.92528,14.68512],[-85.92808,14.67442],[-85.94442,14.65744],[-85.96245,14.62851],[-85.96321,14.65041],[-85.97229,14.65991],[-85.9686,14.67112],[-85.96955,14.67927],[-85.97837,14.69994],[-85.97831,14.70792]]]}},{"type":"Feature","id":"27666195B60662999354453","properties":{"admin_level":2,"municipality_code":"27666195B60662999354453","municipality":"Silca","municipality_key":"silca","department_code":"10453824B23677570544502","department":"Olancho","department_key":"olancho","join_key":"olancho|silca","centroid_lat":14.76602,"centroid_lon":-86.51745},"geometry":{"type":"Polygon","coordinates":[[[-86.42472,14.79087],[-86.4306,14.78482],[-86.43096,14.7789],[-86.44622,14.75382],[-86.45154,14.71245],[-86.48197,14.71264],[-86.49006,14.72121],[-86.49933,14.72158],[-86.50507,14.70856],[-86.52936,14.68072],[-86.5911,14.68633],[-86.60089,14.69398],[-86.62238,14.70299],[-86.62695,14.71213],[-86.63421,14.71852],[-86.63509,14.73345],[-86.63392,14.73186],[-86.5826,14.77821],[-86.56404,14.78589],[-86.55539,14.79275],[-86.5601,14.81556],[-86.56053,14.83594],[-86.55372,14.84535],[-86.54765,14.84739],[-86.54074,14.85506],[-86.53712,14.86936],[-86.53652,14.86383],[-86.52513,14.85303],[-86.51159,14.85188],[-86.48935,14.85638],[-86.48469,14.85396],[-86.48275,14.84528],[-86.47833,14.84679],[-86.47333,14.84146],[-86.48121,14.81877],[-86.47769,14.81515],[-86.47836,14.80868],[-86.46312,14.81174],[-86.42472,14.79087]]]}},{"type":"Feature","id":"27666195B97236146307678","properties":{"admin_level":2,"municipality_code":"27666195B97236146307678","municipality":"Yocon","municipality_key":"yocon","department_code":"10453824B23677570544502","department":"Olancho","department_key":"olancho","join_key":"olancho|yocon","centroid_lat":14.95673,"centroid_lon":-86.81841},"geometry":{"type":"Polygon","coordinates":[[[-86.9034,14.9381],[-86.92235,14.94976],[-86.93185,14.95116],[-86.93412,14.96229],[-86.94857,14.96387],[-86.95598,14.97009],[-86.96197,14.9686],[-86.96992,14.97429],[-86.97117,14.98211],[-86.95668,14.98701],[-86.90397,14.99095],[-86.89092,14.99966],[-86.84837,14.99712],[-86.84006,14.98958],[-86.81944,15.00592],[-86.81392,15.00394],[-86.80351,15.01198],[-86.78765,15.01104],[-86.78255,15.01782],[-86.74556,15.0168],[-86.71543,14.99869],[-86.69967,14.99526],[-86.69514,14.98428],[-86.70044,14.97029],[-86.70283,14.96881],[-86.70526,14.97109],[-86.70641,14.96757],[-86.70218,14.96542],[-86.70425,14.96454],[-86.70351,14.95051],[-86.71343,14.94626],[-86.72382,14.9238],[-86.74192,14.90037],[-86.75487,14.90462],[-86.7824,14.89678],[-86.81249,14.89273],[-86.85528,14.91075],[-86.86476,14.92469],[-86.9034,14.9381]]]}},{"type":"Feature","id":"27666195B41783757195237","properties":{"admin_level":2,"municipality_code":"27666195B41783757195237","municipality":"Arada","municipality_key":"arada","department_code":"10453824B33911095974475","department":"Santa Bárbara","department_key":"santabarbara","join_key":"santabarbara|arada","centroid_lat":14.85021,"centroid_lon":-88.35379},"geometry":{"type":"Polygon","coordinates":[[[-88.36882,14.80965],[-88.36438,14.82178],[-88.38019,14.83674],[-88.39848,14.83695],[-88.39486,14.88537],[-88.38665,14.88528],[-88.3631,14.90996],[-88.32986,14.90779],[-88.33125,14.8667],[-88.307,14.84779],[-88.27957,14.87092],[-88.2722,14.86669],[-88.26448,14.87209],[-88.26417,14.8649],[-88.25273,14.8574],[-88.25588,14.85393],[-88.26727,14.85775],[-88.26635,14.85263],[-88.26943,14.84652],[-88.26434,14.83832],[-88.27248,14.82186],[-88.28727,14.81949],[-88.29389,14.81151],[-88.29964,14.81042],[-88.31305,14.81576],[-88.31188,14.82273],[-88.31921,14.81775],[-88.33144,14.7958],[-88.34354,14.7904],[-88.35637,14.80791],[-88.36882,14.80965]]]}},{"type":"Feature","id":"27666195B460141259069","properties":{"admin_level":2,"municipality_code":"27666195B460141259069","municipality":"Atima","municipality_key":"atima","department_code":"10453824B33911095974475","department":"Santa Bárbara","department_key":"santabarbara","join_key":"santabarbara|atima","centroid_lat":14.90349,"centroid_lon":-88.47696},"geometry":{"type":"Polygon","coordinates":[[[-88.48878,14.81063],[-88.53414,14.87398],[-88.55619,14.93434],[-88.56192,14.93232],[-88.58586,14.93768],[-88.61038,14.94709],[-88.54102,14.95944],[-88.54076,14.96922],[-88.54707,14.97338],[-88.5422,14.98212],[-88.54806,15.00068],[-88.54174,15.00398],[-88.51367,15.00262],[-88.50608,15.00528],[-88.47965,15.00298],[-88.47519,15.00598],[-88.46554,15.0037],[-88.47055,14.9788],[-88.47763,14.96916],[-88.47043,14.963],[-88.47094,14.95885],[-88.45938,14.951],[-88.46086,14.94256],[-88.45797,14.93764],[-88.447,14.936],[-88.43876,14.93967],[-88.43152,14.9249],[-88.43623,14.91399],[-88.40577,14.90836],[-88.41221,14.89862],[-88.43165,14.88875],[-88.4497,14.88803],[-88.46152,14.86604],[-88.45534,14.85164],[-88.47054,14.81711],[-88.48878,14.81063]]]}},{"type":"Feature","id":"27666195B45825573496458","properties":{"admin_level":2,"municipality_code":"27666195B45825573496458","municipality":"Azacualpa","municipality_key":"azacualpa","department_code":"10453824B33911095974475","department":"Santa Bárbara","department_key":"santabarbara","join_key":"santabarbara|azacualpa","centroid_lat":15.39355,"centroid_lon":-88.57005},"geometry":{"type":"Polygon","coordinates":[[[-88.68211,15.33955],[-88.60531,15.41257],[-88.59193,15.42079],[-88.58673,15.42166],[-88.58405,15.41873],[-88.57601,15.42518],[-88.57005,15.42618],[-88.56223,15.43758],[-88.56191,15.44313],[-88.5516,15.44636],[-88.53445,15.4609],[-88.52223,15.44575],[-88.52266,15.4098],[-88.50692,15.3773],[-88.49273,15.36533],[-88.49365,15.35373],[-88.48918,15.3448],[-88.49041,15.33846],[-88.48422,15.33455],[-88.49499,15.31131],[-88.52673,15.32385],[-88.53345,15.33084],[-88.57825,15.31353],[-88.60125,15.29639],[-88.65695,15.31637],[-88.68211,15.33955]]]}},{"type":"Feature","id":"27666195B41370347512850","properties":{"admin_level":2,"municipality_code":"27666195B41370347512850","municipality":"Ceguaca","municipality_key":"ceguaca","department_code":"10453824B33911095974475","department":"Santa Bárbara","department_key":"santabarbara","join_key":"santabarbara|ceguaca","centroid_lat":14.82323,"centroid_lon":-88.20781},"geometry":{"type":"Polygon","coordinates":[[[-88.25973,14.81456],[-88.20666,14.84431],[-88.18838,14.86498],[-88.17645,14.86628],[-88.16895,14.86177],[-88.17109,14.84202],[-88.17488,14.83579],[-88.17142,14.8319],[-88.17128,14.8134],[-88.18479,14.795],[-88.19063,14.79116],[-88.19022,14.77943],[-88.19499,14.77747],[-88.19764,14.76806],[-88.20371,14.76795],[-88.20396,14.77248],[-88.20867,14.7754],[-88.20507,14.7778],[-88.20696,14.78159],[-88.21482,14.78729],[-88.21887,14.78314],[-88.23583,14.80032],[-88.24199,14.79938],[-88.24621,14.80709],[-88.25248,14.80648],[-88.25973,14.81456]]]}},{"type":"Feature","id":"27666195B5560017961245","properties":{"admin_level":2,"municipality_code":"27666195B5560017961245","municipality":"Chinda","municipality_key":"chinda","department_code":"10453824B33911095974475","department":"Santa Bárbara","department_key":"santabarbara","join_key":"santabarbara|chinda","centroid_lat":15.15937,"centroid_lon":-88.11622},"geometry":{"type":"Polygon","coordinates":[[[-88.10301,15.15585],[-88.12074,15.13452],[-88.10623,15.1097],[-88.10041,15.10432],[-88.11945,15.09629],[-88.17293,15.09304],[-88.19177,15.10737],[-88.21548,15.11753],[-88.22024,15.12691],[-88.19821,15.13452],[-88.18821,15.15737],[-88.21464,15.183],[-88.22322,15.21789],[-88.20477,15.22704],[-88.20566,15.20822],[-88.19917,15.19416],[-88.19785,15.17893],[-88.18933,15.1757],[-88.19056,15.16871],[-88.18201,15.16019],[-88.18474,15.15854],[-88.18637,15.14647],[-88.17187,15.13149],[-88.1642,15.13651],[-88.15775,15.13306],[-88.14199,15.14579],[-88.13571,15.14547],[-88.13366,15.15422],[-88.12974,15.15793],[-88.11389,15.16072],[-88.10301,15.15585]]]}},{"type":"Feature","id":"27666195B83533862193287","properties":{"admin_level":2,"municipality_code":"27666195B83533862193287","municipality":"Concepcion del Norte","municipality_key":"concepciondelnorte","department_code":"10453824B33911095974475","department":"Santa Bárbara","department_key":"santabarbara","join_key":"santabarbara|concepciondelnorte","centroid_lat":15.19869,"centroid_lon":-88.13375},"geometry":{"type":"Polygon","coordinates":[[[-88.06044,15.21007],[-88.06597,15.20322],[-88.06665,15.1921],[-88.07843,15.1876],[-88.08354,15.18148],[-88.08296,15.17368],[-88.09168,15.1688],[-88.09645,15.15773],[-88.10847,15.1566],[-88.11389,15.16072],[-88.12974,15.15793],[-88.13366,15.15422],[-88.13571,15.14547],[-88.14199,15.14579],[-88.15775,15.13306],[-88.1642,15.13651],[-88.17187,15.13149],[-88.18637,15.14647],[-88.18474,15.15854],[-88.18201,15.16019],[-88.19056,15.16871],[-88.18933,15.1757],[-88.19785,15.17893],[-88.19917,15.19416],[-88.20566,15.20822],[-88.20477,15.22704],[-88.20278,15.23861],[-88.19897,15.24222],[-88.18738,15.2453],[-88.17942,15.23751],[-88.16111,15.25753],[-88.1532,15.25753],[-88.12632,15.26652],[-88.1132,15.24905],[-88.10427,15.21812],[-88.06044,15.21007]]]}},{"type":"Feature","id":"27666195B6871668966766","properties":{"admin_level":2,"municipality_code":"27666195B6871668966766","municipality":"Concepcion del Sur","municipality_key":"concepciondelsur","department_code":"10453824B33911095974475","department":"Santa Bárbara","department_key":"santabarbara","join_key":"santabarbara|concepciondelsur","centroid_lat":14.81787,"centroid_lon":-88.15086},"geometry":{"type":"Polygon","coordinates":[[[-88.16895,14.86177],[-88.10092,14.87729],[-88.09142,14.86633],[-88.11245,14.84802],[-88.13016,14.82233],[-88.13119,14.80373],[-88.13627,14.79324],[-88.13938,14.79323],[-88.13742,14.78016],[-88.14139,14.77412],[-88.14407,14.77513],[-88.14426,14.77217],[-88.15084,14.77206],[-88.16519,14.76498],[-88.17171,14.76807],[-88.18753,14.7647],[-88.19059,14.76916],[-88.19764,14.76806],[-88.19499,14.77747],[-88.19022,14.77943],[-88.19063,14.79116],[-88.18479,14.795],[-88.17128,14.8134],[-88.17142,14.8319],[-88.17488,14.83579],[-88.17109,14.84202],[-88.16895,14.86177]]]}},{"type":"Feature","id":"27666195B93278027696890","properties":{"admin_level":2,"municipality_code":"27666195B93278027696890","municipality":"El Nispero","municipality_key":"elnispero","department_code":"10453824B33911095974475","department":"Santa Bárbara","department_key":"santabarbara","join_key":"santabarbara|elnispero","centroid_lat":14.77504,"centroid_lon":-88.34221},"geometry":{"type":"Polygon","coordinates":[[[-88.38965,14.76817],[-88.36882,14.80965],[-88.35637,14.80791],[-88.34354,14.7904],[-88.33144,14.7958],[-88.31921,14.81775],[-88.31188,14.82273],[-88.31305,14.81576],[-88.29964,14.81042],[-88.29389,14.81151],[-88.28727,14.81949],[-88.27248,14.82186],[-88.29137,14.78191],[-88.3078,14.76544],[-88.30381,14.75633],[-88.3072,14.74559],[-88.31735,14.73374],[-88.35453,14.71832],[-88.37464,14.73463],[-88.37789,14.74922],[-88.38965,14.76817]]]}},{"type":"Feature","id":"27666195B84597002869459","properties":{"admin_level":2,"municipality_code":"27666195B84597002869459","municipality":"Gualala","municipality_key":"gualala","department_code":"10453824B33911095974475","department":"Santa Bárbara","department_key":"santabarbara","join_key":"santabarbara|gualala","centroid_lat":15.00355,"centroid_lon":-88.17873},"geometry":{"type":"Polygon","coordinates":[[[-88.1187,14.99939],[-88.12427,14.9997],[-88.14307,14.98002],[-88.1843,14.96931],[-88.21875,14.97523],[-88.22059,14.98189],[-88.23844,15.0074],[-88.23963,15.01345],[-88.22462,15.01961],[-88.2397,15.02763],[-88.23968,15.03079],[-88.23313,15.03484],[-88.23294,15.03811],[-88.18236,15.03246],[-88.15984,15.02147],[-88.13724,15.02506],[-88.1187,14.99939]]]}},{"type":"Feature","id":"27666195B62278865875513","properties":{"admin_level":2,"municipality_code":"27666195B62278865875513","municipality":"Ilama","municipality_key":"ilama","department_code":"10453824B33911095974475","department":"Santa Bárbara","department_key":"santabarbara","join_key":"santabarbara|ilama","centroid_lat":15.05616,"centroid_lon":-88.14181},"geometry":{"type":"Polygon","coordinates":[[[-88.10041,15.10432],[-88.08758,15.08977],[-88.07202,15.08675],[-88.06483,15.07101],[-88.05498,15.07121],[-88.04435,15.05176],[-88.02599,15.04809],[-88.02759,15.04404],[-88.0345,15.04048],[-88.04002,15.00127],[-88.0502,14.99261],[-88.07307,14.992],[-88.08899,14.99771],[-88.1187,14.99939],[-88.13724,15.02506],[-88.15984,15.02147],[-88.18236,15.03246],[-88.23294,15.03811],[-88.23848,15.04574],[-88.23617,15.06057],[-88.22912,15.0626],[-88.22273,15.07],[-88.22203,15.07904],[-88.21187,15.08743],[-88.20447,15.08937],[-88.20485,15.09492],[-88.19846,15.10249],[-88.20421,15.10968],[-88.2035,15.1124],[-88.19177,15.10737],[-88.17293,15.09304],[-88.11945,15.09629],[-88.10041,15.10432]]]}},{"type":"Feature","id":"27666195B74712516647149","properties":{"admin_level":2,"municipality_code":"27666195B74712516647149","municipality":"Las Vegas","municipality_key":"lasvegas","department_code":"10453824B33911095974475","department":"Santa Bárbara","department_key":"santabarbara","join_key":"santabarbara|lasvegas","centroid_lat":14.8732,"centroid_lon":-88.04921},"geometry":{"type":"Polygon","coordinates":[[[-88.0301,14.92877],[-88.03182,14.9278],[-88.03201,14.93029],[-88.03792,14.92535],[-88.03644,14.92183],[-88.04209,14.91829],[-88.04016,14.91358],[-88.04195,14.91075],[-88.03816,14.91202],[-88.03857,14.90834],[-88.03587,14.91355],[-88.0329,14.91366],[-88.03544,14.90375],[-88.0316,14.90261],[-88.02629,14.89333],[-88.02822,14.88741],[-88.03197,14.88626],[-88.00521,14.8805],[-87.99871,14.86912],[-88.01509,14.82508],[-88.01437,14.8184],[-88.00956,14.81465],[-88.01507,14.81259],[-88.05819,14.81701],[-88.07786,14.81511],[-88.08491,14.81847],[-88.12332,14.81759],[-88.12729,14.82012],[-88.12737,14.82392],[-88.11245,14.84802],[-88.09142,14.86633],[-88.10092,14.87729],[-88.11008,14.89553],[-88.11031,14.92096],[-88.06069,14.93242],[-88.06145,14.92786],[-88.05511,14.92719],[-88.03231,14.93337],[-88.0301,14.92877]]]}},{"type":"Feature","id":"27666195B20976347050961","properties":{"admin_level":2,"municipality_code":"27666195B20976347050961","municipality":"Macuelizo","municipality_key":"macuelizo","department_code":"10453824B33911095974475","department":"Santa Bárbara","department_key":"santabarbara","join_key":"santabarbara|macuelizo","centroid_lat":15.24187,"centroid_lon":-88.61286},"geometry":{"type":"Polygon","coordinates":[[[-88.69979,15.20027],[-88.71021,15.21312],[-88.72152,15.21879],[-88.71018,15.24491],[-88.75827,15.29403],[-88.68211,15.33955],[-88.65695,15.31637],[-88.60125,15.29639],[-88.57825,15.31353],[-88.53669,15.33009],[-88.53345,15.33084],[-88.52673,15.32385],[-88.49499,15.31131],[-88.48636,15.32615],[-88.47943,15.32353],[-88.47611,15.30303],[-88.47038,15.29959],[-88.46834,15.29394],[-88.4624,15.29148],[-88.46397,15.28931],[-88.45975,15.28526],[-88.47016,15.28015],[-88.46845,15.28514],[-88.47274,15.28413],[-88.47533,15.28848],[-88.47709,15.28549],[-88.4832,15.28695],[-88.48414,15.28137],[-88.49315,15.27516],[-88.4928,15.26848],[-88.49896,15.26709],[-88.49675,15.26504],[-88.49977,15.26228],[-88.49846,15.25775],[-88.51175,15.25715],[-88.51001,15.24711],[-88.51667,15.23883],[-88.51255,15.23657],[-88.51597,15.22995],[-88.51209,15.20931],[-88.5178,15.20266],[-88.51756,15.19456],[-88.5134,15.19076],[-88.51651,15.1847],[-88.51548,15.17287],[-88.52884,15.16405],[-88.54395,15.16283],[-88.57705,15.14859],[-88.57916,15.1442],[-88.62948,15.1656],[-88.64753,15.15631],[-88.6667,15.17065],[-88.67428,15.1695],[-88.68214,15.17347],[-88.68973,15.1948],[-88.69979,15.20027]]]}},{"type":"Feature","id":"27666195B85306984826486","properties":{"admin_level":2,"municipality_code":"27666195B85306984826486","municipality":"Naranjito","municipality_key":"naranjito","department_code":"10453824B33911095974475","department":"Santa Bárbara","department_key":"santabarbara","join_key":"santabarbara|naranjito","centroid_lat":14.97775,"centroid_lon":-88.61931},"geometry":{"type":"Polygon","coordinates":[[[-88.64503,14.92208],[-88.67009,14.91194],[-88.6832,14.92073],[-88.69073,14.92241],[-88.69463,14.92833],[-88.7041,14.95317],[-88.68624,14.99663],[-88.68169,15.00006],[-88.68072,15.01375],[-88.66274,15.014],[-88.61205,15.00016],[-88.57776,15.02714],[-88.56774,15.02982],[-88.5601,15.03703],[-88.55064,15.00594],[-88.5531,15.00088],[-88.54806,15.00068],[-88.5422,14.98212],[-88.54707,14.97338],[-88.54076,14.96922],[-88.54102,14.95944],[-88.61038,14.94709],[-88.61382,14.93586],[-88.61092,14.93124],[-88.62446,14.9184],[-88.64503,14.92208]]]}},{"type":"Feature","id":"27666195B84873430448704","properties":{"admin_level":2,"municipality_code":"27666195B84873430448704","municipality":"Nuevo Celilac","municipality_key":"nuevocelilac","department_code":"10453824B33911095974475","department":"Santa Bárbara","department_key":"santabarbara","join_key":"santabarbara|nuevocelilac","centroid_lat":14.97329,"centroid_lon":-88.3676},"geometry":{"type":"Polygon","coordinates":[[[-88.26076,14.97651],[-88.25961,14.95325],[-88.26457,14.95518],[-88.26896,14.95203],[-88.27254,14.95328],[-88.2732,14.95613],[-88.2871,14.96243],[-88.29112,14.9689],[-88.29461,14.96717],[-88.29772,14.97007],[-88.30153,14.96766],[-88.30433,14.95634],[-88.30287,14.95175],[-88.30613,14.94526],[-88.31123,14.94932],[-88.31907,14.94804],[-88.33299,14.954],[-88.3457,14.95263],[-88.35221,14.95664],[-88.3545,14.9495],[-88.38662,14.94647],[-88.38575,14.9413],[-88.39013,14.93639],[-88.40022,14.93471],[-88.41201,14.94071],[-88.43254,14.92735],[-88.43876,14.93967],[-88.447,14.936],[-88.45797,14.93764],[-88.46086,14.94256],[-88.45938,14.951],[-88.47094,14.95885],[-88.47043,14.963],[-88.47763,14.96916],[-88.47055,14.9788],[-88.46554,15.0037],[-88.46015,15.00739],[-88.45484,15.00648],[-88.45426,15.00326],[-88.44735,15.00306],[-88.43191,15.01236],[-88.4275,15.00906],[-88.40954,15.01359],[-88.40389,15.00925],[-88.39403,15.01908],[-88.39172,15.01539],[-88.377,15.00832],[-88.36951,15.00846],[-88.3581,14.99914],[-88.34365,15.0123],[-88.3364,15.01059],[-88.33371,15.01634],[-88.32572,15.01582],[-88.3172,15.01994],[-88.30017,15.01484],[-88.29667,15.01924],[-88.29137,15.01615],[-88.28512,15.00179],[-88.27326,14.99507],[-88.26726,14.98189],[-88.26076,14.97651]]]}},{"type":"Feature","id":"27666195B13660887224612","properties":{"admin_level":2,"municipality_code":"27666195B13660887224612","municipality":"Petoa","municipality_key":"petoa","department_code":"10453824B33911095974475","department":"Santa Bárbara","department_key":"santabarbara","join_key":"santabarbara|petoa","centroid_lat":15.283,"centroid_lon":-88.22115},"geometry":{"type":"Polygon","coordinates":[[[-88.14632,15.37699],[-88.13074,15.36911],[-88.12632,15.26652],[-88.1532,15.25753],[-88.16792,15.25756],[-88.18126,15.26142],[-88.20147,15.26001],[-88.25492,15.22047],[-88.25043,15.20779],[-88.26941,15.20724],[-88.28133,15.22399],[-88.33495,15.18555],[-88.3499,15.20443],[-88.33196,15.22937],[-88.33829,15.24966],[-88.3039,15.29947],[-88.29947,15.30391],[-88.27518,15.30463],[-88.26449,15.31079],[-88.2567,15.30983],[-88.25733,15.30363],[-88.25273,15.30106],[-88.24785,15.30647],[-88.21984,15.30587],[-88.21401,15.32033],[-88.20185,15.31826],[-88.19848,15.32495],[-88.18034,15.31862],[-88.17733,15.32208],[-88.18082,15.3243],[-88.1784,15.32731],[-88.16632,15.32733],[-88.15983,15.34421],[-88.16123,15.35164],[-88.1482,15.36163],[-88.14459,15.37069],[-88.14632,15.37699]]]}},{"type":"Feature","id":"27666195B44112403281075","properties":{"admin_level":2,"municipality_code":"27666195B44112403281075","municipality":"Proteccion","municipality_key":"proteccion","department_code":"10453824B33911095974475","department":"Santa Bárbara","department_key":"santabarbara","join_key":"santabarbara|proteccion","centroid_lat":15.08492,"centroid_lon":-88.60406},"geometry":{"type":"Polygon","coordinates":[[[-88.68072,15.01375],[-88.67653,15.0463],[-88.66667,15.05867],[-88.65584,15.06761],[-88.64561,15.06832],[-88.63761,15.07516],[-88.63681,15.08107],[-88.64257,15.08843],[-88.64487,15.09939],[-88.66431,15.11822],[-88.6636,15.13795],[-88.65937,15.14994],[-88.62948,15.1656],[-88.57916,15.1442],[-88.58584,15.10258],[-88.58302,15.09526],[-88.5633,15.08141],[-88.56435,15.06732],[-88.54655,15.04982],[-88.56774,15.02982],[-88.57776,15.02714],[-88.61205,15.00016],[-88.66274,15.014],[-88.68072,15.01375]]]}},{"type":"Feature","id":"27666195B58138028057911","properties":{"admin_level":2,"municipality_code":"27666195B58138028057911","municipality":"Quimistan","municipality_key":"quimistan","department_code":"10453824B33911095974475","department":"Santa Bárbara","department_key":"santabarbara","join_key":"santabarbara|quimistan","centroid_lat":15.42026,"centroid_lon":-88.37755},"geometry":{"type":"Polygon","coordinates":[[[-88.41098,15.54585],[-88.24697,15.50029],[-88.24168,15.49165],[-88.24244,15.48792],[-88.23807,15.48537],[-88.2422,15.47246],[-88.23666,15.4604],[-88.24292,15.4456],[-88.23997,15.43831],[-88.242,15.43449],[-88.23461,15.42609],[-88.23053,15.41442],[-88.21647,15.41198],[-88.19754,15.40403],[-88.1962,15.40095],[-88.19342,15.40197],[-88.18626,15.38734],[-88.17392,15.38255],[-88.16458,15.37281],[-88.15876,15.37212],[-88.14632,15.37699],[-88.14459,15.37069],[-88.1482,15.36163],[-88.16123,15.35164],[-88.15983,15.34421],[-88.16632,15.32733],[-88.1784,15.32731],[-88.18082,15.3243],[-88.17733,15.32208],[-88.18034,15.31862],[-88.19848,15.32495],[-88.20185,15.31826],[-88.21401,15.32033],[-88.21984,15.30587],[-88.24785,15.30647],[-88.25273,15.30106],[-88.25733,15.30363],[-88.2567,15.30983],[-88.26449,15.31079],[-88.27518,15.30463],[-88.29947,15.30391],[-88.3039,15.29947],[-88.30816,15.30383],[-88.3077,15.31066],[-88.31267,15.31963],[-88.32385,15.32195],[-88.33007,15.32776],[-88.34263,15.32814],[-88.35098,15.32427],[-88.35547,15.32602],[-88.36318,15.3198],[-88.37243,15.32408],[-88.37713,15.33072],[-88.39842,15.32169],[-88.40893,15.3293],[-88.41919,15.32564],[-88.42097,15.31848],[-88.42828,15.31172],[-88.43909,15.30837],[-88.43959,15.30103],[-88.45155,15.29882],[-88.45199,15.29334],[-88.45975,15.28526],[-88.46173,15.28614],[-88.46098,15.28831],[-88.46397,15.28931],[-88.4624,15.29148],[-88.46834,15.29394],[-88.47038,15.29959],[-88.47611,15.30303],[-88.47943,15.32353],[-88.48636,15.32615],[-88.48422,15.33455],[-88.49041,15.33846],[-88.48918,15.3448],[-88.49365,15.35373],[-88.49273,15.36533],[-88.50692,15.3773],[-88.52266,15.4098],[-88.52223,15.44575],[-88.53445,15.4609],[-88.47294,15.513],[-88.41098,15.54585]]]}},{"type":"Feature","id":"27666195B61070827999255","properties":{"admin_level":2,"municipality_code":"27666195B61070827999255","municipality":"San Francisco de Ojuera","municipality_key":"sanfranciscodeojuera","department_code":"10453824B33911095974475","department":"Santa Bárbara","department_key":"santabarbara","join_key":"santabarbara|sanfranciscodeojuera","centroid_lat":14.71566,"centroid_lon":-88.20059},"geometry":{"type":"Polygon","coordinates":[[[-88.16333,14.65765],[-88.23282,14.6529],[-88.25438,14.64322],[-88.2914,14.6445],[-88.34792,14.65252],[-88.33314,14.66626],[-88.32033,14.68427],[-88.31857,14.71338],[-88.28763,14.70721],[-88.28087,14.69973],[-88.25932,14.69772],[-88.24469,14.71794],[-88.24186,14.74237],[-88.23244,14.75343],[-88.23219,14.75952],[-88.23656,14.76683],[-88.22674,14.77918],[-88.22581,14.78468],[-88.22169,14.7867],[-88.21887,14.78314],[-88.21482,14.78729],[-88.20696,14.78159],[-88.20507,14.7778],[-88.20867,14.7754],[-88.20396,14.77248],[-88.20371,14.76795],[-88.19059,14.76916],[-88.18753,14.7647],[-88.17171,14.76807],[-88.16519,14.76498],[-88.16115,14.75856],[-88.15107,14.69002],[-88.16333,14.65765]]]}},{"type":"Feature","id":"27666195B96609935857863","properties":{"admin_level":2,"municipality_code":"27666195B96609935857863","municipality":"San Jose de Colinas","municipality_key":"sanjosedecolinas","department_code":"10453824B33911095974475","department":"Santa Bárbara","department_key":"santabarbara","join_key":"santabarbara|sanjosedecolinas","centroid_lat":15.07782,"centroid_lon":-88.3226},"geometry":{"type":"Polygon","coordinates":[[[-88.22799,14.98939],[-88.22937,14.98644],[-88.23952,14.98771],[-88.24318,14.98495],[-88.25234,14.98466],[-88.25593,14.97844],[-88.26076,14.97651],[-88.26726,14.98189],[-88.27326,14.99507],[-88.28512,15.00179],[-88.29137,15.01615],[-88.29667,15.01924],[-88.30017,15.01484],[-88.3172,15.01994],[-88.32572,15.01582],[-88.33371,15.01634],[-88.3364,15.01059],[-88.34365,15.0123],[-88.3581,14.99914],[-88.36951,15.00846],[-88.377,15.00832],[-88.39172,15.01539],[-88.39403,15.01908],[-88.40389,15.00925],[-88.4082,15.01039],[-88.40485,15.01307],[-88.40433,15.01937],[-88.40959,15.02612],[-88.41227,15.03979],[-88.38585,15.08606],[-88.37933,15.08685],[-88.38316,15.10125],[-88.38798,15.10541],[-88.39227,15.11678],[-88.39613,15.12117],[-88.41083,15.12654],[-88.41396,15.14821],[-88.40848,15.14633],[-88.40371,15.15079],[-88.39984,15.15061],[-88.39179,15.15746],[-88.38991,15.16703],[-88.37849,15.17007],[-88.35129,15.16167],[-88.32054,15.1569],[-88.30926,15.14411],[-88.32053,15.13471],[-88.3166,15.12227],[-88.28577,15.09268],[-88.23739,15.06958],[-88.23444,15.06199],[-88.23848,15.04574],[-88.23294,15.03811],[-88.2397,15.02763],[-88.22462,15.01961],[-88.23963,15.01345],[-88.22799,14.98939]]]}},{"type":"Feature","id":"27666195B34299357047893","properties":{"admin_level":2,"municipality_code":"27666195B34299357047893","municipality":"San Luis","municipality_key":"sanluis","department_code":"10453824B33911095974475","department":"Santa Bárbara","department_key":"santabarbara","join_key":"santabarbara|sanluis","centroid_lat":15.11898,"centroid_lon":-88.48845},"geometry":{"type":"Polygon","coordinates":[[[-88.46554,15.0037],[-88.47519,15.00598],[-88.47965,15.00298],[-88.53746,15.00437],[-88.54491,15.00059],[-88.5531,15.00088],[-88.55064,15.00594],[-88.5601,15.03703],[-88.54655,15.04982],[-88.56435,15.06732],[-88.5633,15.08141],[-88.58302,15.09526],[-88.58584,15.10258],[-88.57705,15.14859],[-88.54395,15.16283],[-88.52884,15.16405],[-88.51548,15.17287],[-88.51651,15.1847],[-88.5134,15.19076],[-88.51756,15.19456],[-88.5178,15.20266],[-88.51209,15.20931],[-88.51597,15.22995],[-88.51255,15.23657],[-88.50377,15.22848],[-88.5033,15.22245],[-88.48622,15.21021],[-88.46902,15.20515],[-88.45831,15.2074],[-88.45754,15.2145],[-88.45406,15.21697],[-88.43047,15.21746],[-88.39305,15.19692],[-88.378,15.19952],[-88.36374,15.18559],[-88.37377,15.16835],[-88.37849,15.17007],[-88.38991,15.16703],[-88.39459,15.15452],[-88.40848,15.14633],[-88.41396,15.14821],[-88.41083,15.12654],[-88.39613,15.12117],[-88.39227,15.11678],[-88.38798,15.10541],[-88.38316,15.10125],[-88.37933,15.08685],[-88.38585,15.08606],[-88.41227,15.03979],[-88.40959,15.02612],[-88.40433,15.01937],[-88.40485,15.01307],[-88.4082,15.01039],[-88.40954,15.01359],[-88.41665,15.01311],[-88.4275,15.00906],[-88.43191,15.01236],[-88.44735,15.00306],[-88.45426,15.00326],[-88.45484,15.00648],[-88.46015,15.00739],[-88.46554,15.0037]]]}},{"type":"Feature","id":"27666195B40809128774202","properties":{"admin_level":2,"municipality_code":"27666195B40809128774202","municipality":"San Marcos","municipality_key":"sanmarcos","department_code":"10453824B33911095974475","department":"Santa Bárbara","department_key":"santabarbara","join_key":"santabarbara|sanmarcos","centroid_lat":15.26002,"centroid_lon":-88.41513},"geometry":{"type":"Polygon","coordinates":[[[-88.50377,15.22848],[-88.51667,15.23883],[-88.51001,15.24711],[-88.51175,15.25715],[-88.49846,15.25775],[-88.49977,15.26228],[-88.49675,15.26504],[-88.49896,15.26709],[-88.4928,15.26848],[-88.49315,15.27516],[-88.48414,15.28137],[-88.4832,15.28695],[-88.47709,15.28549],[-88.47533,15.28848],[-88.47274,15.28413],[-88.46845,15.28514],[-88.47016,15.28015],[-88.46088,15.28288],[-88.45862,15.28841],[-88.45199,15.29334],[-88.45155,15.29882],[-88.43959,15.30103],[-88.43909,15.30837],[-88.42828,15.31172],[-88.42097,15.31848],[-88.41919,15.32564],[-88.40893,15.3293],[-88.39842,15.32169],[-88.37713,15.33072],[-88.37243,15.32408],[-88.36318,15.3198],[-88.35547,15.32602],[-88.35098,15.32427],[-88.34263,15.32814],[-88.33007,15.32776],[-88.32385,15.32195],[-88.31267,15.31963],[-88.3077,15.31066],[-88.30816,15.30383],[-88.3039,15.29947],[-88.33829,15.24966],[-88.33196,15.22937],[-88.36374,15.18559],[-88.378,15.19952],[-88.39305,15.19692],[-88.43047,15.21746],[-88.45406,15.21697],[-88.45754,15.2145],[-88.45831,15.2074],[-88.46902,15.20515],[-88.48622,15.21021],[-88.5033,15.22245],[-88.50377,15.22848]]]}},{"type":"Feature","id":"27666195B96632165697082","properties":{"admin_level":2,"municipality_code":"27666195B96632165697082","municipality":"San Nicolas","municipality_key":"sannicolas","department_code":"10453824B33911095974475","department":"Santa Bárbara","department_key":"santabarbara","join_key":"santabarbara|sannicolas","centroid_lat":14.90321,"centroid_lon":-88.38936},"geometry":{"type":"Polygon","coordinates":[[[-88.39848,14.83695],[-88.41328,14.83418],[-88.42425,14.85234],[-88.44359,14.85673],[-88.45534,14.85164],[-88.46152,14.86604],[-88.4497,14.88803],[-88.43165,14.88875],[-88.41221,14.89862],[-88.40577,14.90836],[-88.43623,14.91399],[-88.43254,14.92735],[-88.41201,14.94071],[-88.40022,14.93471],[-88.39013,14.93639],[-88.38575,14.9413],[-88.38662,14.94647],[-88.3545,14.9495],[-88.35221,14.95664],[-88.3457,14.95263],[-88.33299,14.954],[-88.31907,14.94804],[-88.31123,14.94932],[-88.30613,14.94526],[-88.30287,14.95175],[-88.30433,14.95634],[-88.30153,14.96766],[-88.29772,14.97007],[-88.29461,14.96717],[-88.29112,14.9689],[-88.2871,14.96243],[-88.2732,14.95613],[-88.27254,14.95328],[-88.26896,14.95203],[-88.26457,14.95518],[-88.25961,14.95325],[-88.26092,14.94504],[-88.25822,14.9369],[-88.27181,14.93707],[-88.27831,14.94085],[-88.30423,14.93515],[-88.32045,14.91991],[-88.33042,14.91837],[-88.32986,14.90779],[-88.3631,14.90996],[-88.38665,14.88528],[-88.39486,14.88537],[-88.39848,14.83695]]]}},{"type":"Feature","id":"27666195B51644661429984","properties":{"admin_level":2,"municipality_code":"27666195B51644661429984","municipality":"San Pedro Zacapa","municipality_key":"sanpedrozacapa","department_code":"10453824B33911095974475","department":"Santa Bárbara","department_key":"santabarbara","join_key":"santabarbara|sanpedrozacapa","centroid_lat":14.7371,"centroid_lon":-88.11345},"geometry":{"type":"Polygon","coordinates":[[[-88.0104,14.81387],[-88.00517,14.79703],[-87.99647,14.7924],[-88.03312,14.76253],[-88.05136,14.75736],[-88.08645,14.71684],[-88.08762,14.71186],[-88.07455,14.70852],[-88.05703,14.68091],[-88.07647,14.6619],[-88.08911,14.65724],[-88.10078,14.64132],[-88.16333,14.65765],[-88.15107,14.69002],[-88.16115,14.75856],[-88.16519,14.76498],[-88.15084,14.77206],[-88.14426,14.77217],[-88.14407,14.77513],[-88.14139,14.77412],[-88.13848,14.77745],[-88.13938,14.79323],[-88.13627,14.79324],[-88.13119,14.80373],[-88.13016,14.82233],[-88.12737,14.82392],[-88.12729,14.82012],[-88.12332,14.81759],[-88.08491,14.81847],[-88.07786,14.81511],[-88.05819,14.81701],[-88.0104,14.81387]]]}},{"type":"Feature","id":"27666195B10024798844704","properties":{"admin_level":2,"municipality_code":"27666195B10024798844704","municipality":"San Vicente Centenario","municipality_key":"sanvicentecentenario","department_code":"10453824B33911095974475","department":"Santa Bárbara","department_key":"santabarbara","join_key":"santabarbara|sanvicentecentenario","centroid_lat":14.88622,"centroid_lon":-88.29514},"geometry":{"type":"Polygon","coordinates":[[[-88.32045,14.91991],[-88.3021,14.91517],[-88.29864,14.90948],[-88.29613,14.91029],[-88.29476,14.90605],[-88.28541,14.90029],[-88.28367,14.89571],[-88.25463,14.89233],[-88.26406,14.88011],[-88.26976,14.87918],[-88.26976,14.8746],[-88.26448,14.87209],[-88.2722,14.86669],[-88.27957,14.87092],[-88.307,14.84779],[-88.33125,14.8667],[-88.33042,14.91837],[-88.32045,14.91991]]]}},{"type":"Feature","id":"27666195B27779659720993","properties":{"admin_level":2,"municipality_code":"27666195B27779659720993","municipality":"Santa Barbara","municipality_key":"santabarbara","department_code":"10453824B33911095974475","department":"Santa Bárbara","department_key":"santabarbara","join_key":"santabarbara|santabarbara","centroid_lat":14.90777,"centroid_lon":-88.20275},"geometry":{"type":"Polygon","coordinates":[[[-88.0502,14.99261],[-88.06069,14.93242],[-88.11031,14.92096],[-88.11008,14.89553],[-88.10092,14.87729],[-88.16895,14.86177],[-88.17645,14.86628],[-88.18838,14.86498],[-88.20666,14.84431],[-88.25973,14.81456],[-88.27454,14.81411],[-88.2679,14.83452],[-88.26434,14.83832],[-88.26943,14.84652],[-88.26635,14.85263],[-88.26727,14.85775],[-88.25588,14.85393],[-88.25273,14.8574],[-88.26417,14.8649],[-88.26317,14.86911],[-88.26976,14.8746],[-88.26976,14.87918],[-88.26406,14.88011],[-88.25463,14.89233],[-88.28367,14.89571],[-88.28541,14.90029],[-88.29476,14.90605],[-88.29613,14.91029],[-88.29864,14.90948],[-88.3021,14.91517],[-88.32045,14.91991],[-88.30423,14.93515],[-88.29875,14.93706],[-88.28708,14.93738],[-88.27831,14.94085],[-88.27181,14.93707],[-88.25822,14.9369],[-88.26092,14.94504],[-88.25874,14.97022],[-88.26076,14.97651],[-88.25593,14.97844],[-88.25234,14.98466],[-88.24318,14.98495],[-88.23952,14.98771],[-88.22937,14.98644],[-88.22799,14.98939],[-88.22059,14.98189],[-88.21875,14.97523],[-88.1843,14.96931],[-88.14307,14.98002],[-88.12427,14.9997],[-88.08899,14.99771],[-88.07307,14.992],[-88.0502,14.99261]]]}},{"type":"Feature","id":"27666195B84919379327477","properties":{"admin_level":2,"municipality_code":"27666195B84919379327477","municipality":"Santa Rita","municipality_key":"santarita","department_code":"10453824B33911095974475","department":"Santa Bárbara","department_key":"santabarbara","join_key":"santabarbara|santarita","centroid_lat":14.75488,"centroid_lon":-88.26833},"geometry":{"type":"Polygon","coordinates":[[[-88.31857,14.71338],[-88.31735,14.73374],[-88.3072,14.74559],[-88.30381,14.75633],[-88.3078,14.76544],[-88.29137,14.78191],[-88.27454,14.81411],[-88.25973,14.81456],[-88.25248,14.80648],[-88.24621,14.80709],[-88.24199,14.79938],[-88.23583,14.80032],[-88.22169,14.7867],[-88.22581,14.78468],[-88.22674,14.77918],[-88.23656,14.76683],[-88.23219,14.75952],[-88.23244,14.75343],[-88.24186,14.74237],[-88.24469,14.71794],[-88.25932,14.69772],[-88.28087,14.69973],[-88.28763,14.70721],[-88.31857,14.71338]]]}},{"type":"Feature","id":"27666195B30534967485029","properties":{"admin_level":2,"municipality_code":"27666195B30534967485029","municipality":"Trinidad","municipality_key":"trinidad","department_code":"10453824B33911095974475","department":"Santa Bárbara","department_key":"santabarbara","join_key":"santabarbara|trinidad","centroid_lat":15.16501,"centroid_lon":-88.27931},"geometry":{"type":"Polygon","coordinates":[[[-88.16111,15.25753],[-88.17942,15.23751],[-88.18738,15.2453],[-88.19897,15.24222],[-88.20278,15.23861],[-88.20477,15.22704],[-88.22322,15.21789],[-88.21464,15.183],[-88.18821,15.15737],[-88.19821,15.13452],[-88.22024,15.12691],[-88.21548,15.11753],[-88.2035,15.1124],[-88.20421,15.10968],[-88.19846,15.10249],[-88.20485,15.09492],[-88.20447,15.08937],[-88.21187,15.08743],[-88.22203,15.07904],[-88.22273,15.07],[-88.22912,15.0626],[-88.23444,15.06199],[-88.23739,15.06958],[-88.28577,15.09268],[-88.3166,15.12227],[-88.32053,15.13471],[-88.30926,15.14411],[-88.32054,15.1569],[-88.35129,15.16167],[-88.37377,15.16835],[-88.3499,15.20443],[-88.33495,15.18555],[-88.28133,15.22399],[-88.26941,15.20724],[-88.25043,15.20779],[-88.25492,15.22047],[-88.20147,15.26001],[-88.18126,15.26142],[-88.16111,15.25753]]]}},{"type":"Feature","id":"27666195B71822643652972","properties":{"admin_level":2,"municipality_code":"27666195B71822643652972","municipality":"Alianza","municipality_key":"alianza","department_code":"10453824B78724193103152","department":"Valle","department_key":"valle","join_key":"valle|alianza","centroid_lat":13.44688,"centroid_lon":-87.70625},"geometry":{"type":"Polygon","coordinates":[[[-87.64774,13.48951],[-87.64044,13.48538],[-87.64118,13.47666],[-87.6353,13.46544],[-87.64118,13.45974],[-87.64659,13.46189],[-87.64706,13.45413],[-87.65529,13.45161],[-87.65806,13.45681],[-87.66405,13.46002],[-87.66041,13.46253],[-87.66032,13.46401],[-87.66214,13.46761],[-87.65744,13.46827],[-87.66177,13.46813],[-87.66567,13.46379],[-87.66616,13.46587],[-87.66875,13.46718],[-87.66715,13.46345],[-87.66066,13.46353],[-87.66499,13.45985],[-87.6696,13.46144],[-87.6657,13.46001],[-87.66658,13.45746],[-87.66077,13.45814],[-87.6605,13.45493],[-87.658,13.45483],[-87.65554,13.44797],[-87.65896,13.44216],[-87.66263,13.45076],[-87.66649,13.45094],[-87.66932,13.44596],[-87.67391,13.44888],[-87.66962,13.45278],[-87.67115,13.45674],[-87.67325,13.45794],[-87.67537,13.45635],[-87.67513,13.45882],[-87.67599,13.46012],[-87.68616,13.46273],[-87.6761,13.46472],[-87.6797,13.46525],[-87.68145,13.46924],[-87.68498,13.47235],[-87.69187,13.47392],[-87.68071,13.46699],[-87.68052,13.46473],[-87.68675,13.46326],[-87.68598,13.46144],[-87.67575,13.45868],[-87.67807,13.45616],[-87.68236,13.45733],[-87.67908,13.45554],[-87.67617,13.45628],[-87.67615,13.45403],[-87.67108,13.45561],[-87.6709,13.45258],[-87.67844,13.44639],[-87.67618,13.44525],[-87.6774,13.44186],[-87.67567,13.44442],[-87.67562,13.44818],[-87.67045,13.44321],[-87.66455,13.45045],[-87.66178,13.4435],[-87.67149,13.43409],[-87.67865,13.43146],[-87.68446,13.43802],[-87.68746,13.43828],[-87.68808,13.44177],[-87.6847,13.44543],[-87.68676,13.444],[-87.68878,13.44671],[-87.69153,13.44495],[-87.69015,13.4476],[-87.69455,13.44849],[-87.69747,13.44704],[-87.69062,13.44718],[-87.69227,13.44525],[-87.69126,13.44422],[-87.68835,13.44572],[-87.68803,13.43792],[-87.67885,13.42887],[-87.6843,13.43086],[-87.68773,13.42871],[-87.69086,13.43033],[-87.69316,13.42739],[-87.69389,13.43005],[-87.69405,13.42744],[-87.69175,13.42605],[-87.69436,13.42617],[-87.69826,13.41813],[-87.6936,13.42586],[-87.68835,13.42434],[-87.69069,13.42932],[-87.68718,13.42783],[-87.68395,13.42985],[-87.67985,13.42722],[-87.67656,13.43111],[-87.66483,13.43428],[-87.65556,13.43314],[-87.65083,13.42653],[-87.65992,13.42732],[-87.6605,13.43038],[-87.66097,13.42758],[-87.65959,13.42569],[-87.65143,13.42434],[-87.6502,13.41439],[-87.65361,13.40667],[-87.65582,13.40806],[-87.66012,13.40258],[-87.66348,13.40517],[-87.66506,13.40214],[-87.66023,13.39819],[-87.65941,13.39004],[-87.66033,13.38825],[-87.67239,13.3944],[-87.67387,13.3829],[-87.6836,13.37884],[-87.67717,13.37867],[-87.67581,13.37611],[-87.6806,13.36923],[-87.68551,13.36761],[-87.69273,13.37215],[-87.69492,13.36503],[-87.71396,13.36335],[-87.71794,13.36133],[-87.71832,13.35646],[-87.7393,13.35621],[-87.74451,13.3524],[-87.74614,13.35633],[-87.74287,13.3663],[-87.75183,13.35835],[-87.76531,13.37555],[-87.7856,13.37717],[-87.78415,13.38128],[-87.77043,13.38612],[-87.77123,13.39461],[-87.76628,13.39057],[-87.76889,13.39551],[-87.77294,13.39476],[-87.77208,13.38673],[-87.78422,13.38329],[-87.78509,13.38647],[-87.78662,13.38304],[-87.79616,13.38279],[-87.80009,13.38738],[-87.79621,13.39062],[-87.80003,13.39277],[-87.79892,13.40109],[-87.80068,13.39323],[-87.80405,13.39576],[-87.80068,13.40567],[-87.80549,13.39591],[-87.81676,13.40807],[-87.8149,13.40934],[-87.82075,13.41083],[-87.79398,13.41081],[-87.78433,13.4289],[-87.77668,13.42384],[-87.77274,13.43097],[-87.75843,13.43999],[-87.74754,13.43547],[-87.73929,13.44378],[-87.73069,13.44626],[-87.72456,13.44167],[-87.72158,13.44399],[-87.72176,13.46033],[-87.71733,13.4666],[-87.72407,13.49065],[-87.72107,13.50479],[-87.73658,13.51046],[-87.7464,13.50534],[-87.74941,13.50811],[-87.74946,13.51561],[-87.75489,13.51773],[-87.7601,13.51461],[-87.76308,13.50688],[-87.77177,13.51055],[-87.78047,13.50977],[-87.78213,13.51538],[-87.74368,13.54121],[-87.7258,13.54017],[-87.71182,13.53596],[-87.67575,13.53994],[-87.66639,13.51245],[-87.65276,13.50045],[-87.65108,13.48756],[-87.64774,13.48951]]]}},{"type":"Feature","id":"27666195B15608241098476","properties":{"admin_level":2,"municipality_code":"27666195B15608241098476","municipality":"Amapala","municipality_key":"amapala","department_code":"10453824B78724193103152","department":"Valle","department_key":"valle","join_key":"valle|amapala","centroid_lat":13.3401,"centroid_lon":-87.61863},"geometry":{"type":"MultiPolygon","coordinates":[[[[-87.59355,13.35501],[-87.57942,13.3604],[-87.56296,13.35769],[-87.56583,13.35459],[-87.56192,13.35697],[-87.56108,13.35317],[-87.56395,13.35336],[-87.55433,13.34608],[-87.55735,13.34387],[-87.56251,13.34538],[-87.56162,13.34381],[-87.56053,13.34343],[-87.5566,13.34389],[-87.55342,13.34622],[-87.5494,13.34609],[-87.54347,13.34513],[-87.54237,13.34143],[-87.54598,13.33759],[-87.55262,13.33847],[-87.57102,13.33207],[-87.57528,13.33465],[-87.57646,13.33917],[-87.57268,13.34702],[-87.56782,13.34775],[-87.57217,13.348],[-87.57202,13.35022],[-87.5733,13.34739],[-87.57599,13.35322],[-87.5767,13.35003],[-87.58149,13.34911],[-87.59355,13.35501]]],[[[-87.57586,13.32241],[-87.58194,13.31701],[-87.58096,13.30625],[-87.58632,13.30389],[-87.59069,13.30567],[-87.5924,13.3116],[-87.59259,13.30895],[-87.59765,13.31139],[-87.60065,13.30828],[-87.60782,13.30766],[-87.60946,13.3123],[-87.61663,13.30649],[-87.64311,13.31575],[-87.6473,13.32334],[-87.65954,13.33445],[-87.66072,13.34583],[-87.65217,13.35037],[-87.65695,13.35345],[-87.65644,13.36502],[-87.64787,13.36197],[-87.64279,13.37178],[-87.63982,13.37096],[-87.6374,13.37392],[-87.62794,13.36291],[-87.61437,13.36665],[-87.61122,13.3627],[-87.61334,13.36629],[-87.60645,13.36916],[-87.60831,13.3694],[-87.60589,13.377],[-87.59761,13.3747],[-87.60474,13.37796],[-87.59165,13.37673],[-87.59881,13.36487],[-87.5933,13.37384],[-87.5868,13.37604],[-87.5911,13.36976],[-87.58791,13.3685],[-87.58639,13.373],[-87.58227,13.37311],[-87.58154,13.36941],[-87.58613,13.36987],[-87.58649,13.36458],[-87.58069,13.36577],[-87.5791,13.3624],[-87.58765,13.35734],[-87.58948,13.35818],[-87.58654,13.36257],[-87.58803,13.36064],[-87.58866,13.36309],[-87.58997,13.3638],[-87.59257,13.36344],[-87.58857,13.36234],[-87.58986,13.35855],[-87.59723,13.35936],[-87.59713,13.36297],[-87.59808,13.3597],[-87.5909,13.352],[-87.59272,13.35004],[-87.59108,13.3485],[-87.59041,13.352],[-87.57469,13.34543],[-87.58139,13.3428],[-87.57582,13.34308],[-87.57864,13.33664],[-87.58022,13.3374],[-87.58398,13.33646],[-87.57711,13.3349],[-87.57586,13.32241]]],[[[-87.6307,13.24843],[-87.6475,13.24731],[-87.66098,13.25122],[-87.66419,13.25939],[-87.66149,13.26931],[-87.6643,13.27455],[-87.65985,13.27788],[-87.65834,13.29092],[-87.65514,13.29378],[-87.65106,13.29459],[-87.64986,13.29184],[-87.64093,13.29724],[-87.63605,13.29217],[-87.62893,13.29191],[-87.62485,13.28642],[-87.61951,13.29002],[-87.61499,13.28512],[-87.61379,13.28127],[-87.61696,13.27789],[-87.61176,13.27207],[-87.61556,13.2563],[-87.6307,13.24843]]],[[[-87.68072,13.32132],[-87.67487,13.32991],[-87.66785,13.32124],[-87.66753,13.31605],[-87.67676,13.31146],[-87.67572,13.30626],[-87.67898,13.30245],[-87.68547,13.312],[-87.68032,13.31723],[-87.68072,13.32132]]],[[[-87.70476,13.31063],[-87.70532,13.31438],[-87.69965,13.31388],[-87.69999,13.31254],[-87.70476,13.31063]]],[[[-87.71546,13.32671],[-87.71986,13.33352],[-87.71489,13.3354],[-87.70942,13.33474],[-87.70418,13.32834],[-87.71546,13.32671]]],[[[-87.71395,13.31969],[-87.71276,13.32206],[-87.7121,13.32108],[-87.71395,13.31969]]],[[[-87.71953,13.32451],[-87.72271,13.32438],[-87.71995,13.32629],[-87.71953,13.32451]]]]}},{"type":"Feature","id":"27666195B66529854122091","properties":{"admin_level":2,"municipality_code":"27666195B66529854122091","municipality":"Aramecina","municipality_key":"aramecina","department_code":"10453824B78724193103152","department":"Valle","department_key":"valle","join_key":"valle|aramecina","centroid_lat":13.73453,"centroid_lon":-87.69207},"geometry":{"type":"Polygon","coordinates":[[[-87.64345,13.78755],[-87.64256,13.77796],[-87.64493,13.77802],[-87.64975,13.75615],[-87.64934,13.74252],[-87.65972,13.73861],[-87.65277,13.73008],[-87.65663,13.71492],[-87.64988,13.70467],[-87.65781,13.6798],[-87.66429,13.67531],[-87.67039,13.67589],[-87.6809,13.67155],[-87.69027,13.67297],[-87.72289,13.69293],[-87.72761,13.69373],[-87.727,13.68998],[-87.74841,13.69328],[-87.74429,13.70212],[-87.73219,13.71431],[-87.73384,13.71789],[-87.73126,13.7259],[-87.72636,13.73184],[-87.72914,13.73721],[-87.73546,13.74056],[-87.73698,13.74624],[-87.73008,13.74973],[-87.72765,13.75988],[-87.71855,13.76823],[-87.70943,13.78647],[-87.7094,13.79496],[-87.69906,13.79432],[-87.68771,13.78338],[-87.68159,13.78633],[-87.67332,13.78292],[-87.64345,13.78755]]]}},{"type":"Feature","id":"27666195B77015637320307","properties":{"admin_level":2,"municipality_code":"27666195B77015637320307","municipality":"Caridad","municipality_key":"caridad","department_code":"10453824B78724193103152","department":"Valle","department_key":"valle","join_key":"valle|caridad","centroid_lat":13.81752,"centroid_lon":-87.68054},"geometry":{"type":"Polygon","coordinates":[[[-87.64469,13.82929],[-87.64345,13.78755],[-87.67332,13.78292],[-87.68159,13.78633],[-87.68771,13.78338],[-87.69906,13.79432],[-87.7094,13.79496],[-87.7081,13.80073],[-87.71267,13.81469],[-87.71662,13.81608],[-87.71687,13.81897],[-87.72812,13.82081],[-87.73379,13.82853],[-87.74318,13.83032],[-87.74606,13.83357],[-87.745,13.84047],[-87.73129,13.84722],[-87.7049,13.85068],[-87.68011,13.84463],[-87.66893,13.83275],[-87.65577,13.83288],[-87.64469,13.82929]]]}},{"type":"Feature","id":"27666195B50126770089567","properties":{"admin_level":2,"municipality_code":"27666195B50126770089567","municipality":"Goascoran","municipality_key":"goascoran","department_code":"10453824B78724193103152","department":"Valle","department_key":"valle","join_key":"valle|goascoran","centroid_lat":13.5897,"centroid_lon":-87.71109},"geometry":{"type":"Polygon","coordinates":[[[-87.65924,13.60239],[-87.64502,13.57372],[-87.64716,13.56875],[-87.64583,13.5346],[-87.63674,13.52575],[-87.64041,13.51426],[-87.63645,13.50339],[-87.6443,13.4863],[-87.64774,13.48951],[-87.65108,13.48756],[-87.65276,13.50045],[-87.66639,13.51245],[-87.67575,13.53994],[-87.71182,13.53596],[-87.7258,13.54017],[-87.74368,13.54121],[-87.77793,13.51757],[-87.79313,13.52357],[-87.78375,13.52961],[-87.78117,13.53468],[-87.78699,13.54445],[-87.78511,13.55557],[-87.77864,13.5658],[-87.78304,13.57032],[-87.77276,13.57321],[-87.77438,13.58284],[-87.76959,13.58563],[-87.76888,13.59377],[-87.75435,13.6031],[-87.75657,13.61753],[-87.75385,13.62432],[-87.75499,13.63703],[-87.75167,13.64402],[-87.7527,13.65647],[-87.75728,13.65935],[-87.753,13.66666],[-87.75586,13.67102],[-87.75334,13.67755],[-87.75488,13.68875],[-87.74841,13.69328],[-87.727,13.68998],[-87.72761,13.69373],[-87.72289,13.69293],[-87.6939,13.67513],[-87.6921,13.668],[-87.68165,13.66037],[-87.68007,13.62561],[-87.67054,13.60811],[-87.66526,13.6079],[-87.65924,13.60239]]]}},{"type":"Feature","id":"27666195B29831378343973","properties":{"admin_level":2,"municipality_code":"27666195B29831378343973","municipality":"Langue","municipality_key":"langue","department_code":"10453824B78724193103152","department":"Valle","department_key":"valle","join_key":"valle|langue","centroid_lat":13.6635,"centroid_lon":-87.64098},"geometry":{"type":"Polygon","coordinates":[[[-87.64934,13.74252],[-87.62967,13.73957],[-87.59698,13.71854],[-87.59699,13.69803],[-87.5863,13.68589],[-87.59806,13.66662],[-87.56752,13.6195],[-87.59737,13.58971],[-87.62089,13.59505],[-87.64981,13.58201],[-87.65924,13.60239],[-87.66526,13.6079],[-87.67054,13.60811],[-87.68007,13.62561],[-87.68165,13.66037],[-87.6921,13.668],[-87.6939,13.67513],[-87.6809,13.67155],[-87.67039,13.67589],[-87.66429,13.67531],[-87.65781,13.6798],[-87.64988,13.70467],[-87.65663,13.71492],[-87.65277,13.73008],[-87.65972,13.73861],[-87.64934,13.74252]]]}},{"type":"Feature","id":"27666195B51489907150139","properties":{"admin_level":2,"municipality_code":"27666195B51489907150139","municipality":"Nacaome","municipality_key":"nacaome","department_code":"10453824B78724193103152","department":"Valle","department_key":"valle","join_key":"valle|nacaome","centroid_lat":13.50651,"centroid_lon":-87.53485},"geometry":{"type":"Polygon","coordinates":[[[-87.45939,13.66857],[-87.45002,13.65446],[-87.43576,13.64706],[-87.42463,13.64576],[-87.41048,13.63558],[-87.42806,13.59071],[-87.41536,13.58752],[-87.41122,13.58182],[-87.41503,13.57492],[-87.39232,13.53583],[-87.36669,13.52574],[-87.37926,13.51327],[-87.38801,13.5111],[-87.39058,13.50484],[-87.39802,13.50818],[-87.39981,13.51356],[-87.4117,13.51806],[-87.42852,13.51906],[-87.43771,13.48695],[-87.44384,13.48132],[-87.44705,13.47347],[-87.46206,13.46987],[-87.46325,13.46612],[-87.47205,13.4638],[-87.47254,13.45989],[-87.48253,13.45946],[-87.48268,13.45617],[-87.49473,13.45081],[-87.49308,13.44607],[-87.49774,13.43577],[-87.49026,13.43073],[-87.49095,13.42846],[-87.48443,13.42743],[-87.47875,13.41519],[-87.48306,13.41571],[-87.48083,13.41045],[-87.47731,13.41032],[-87.4787,13.40785],[-87.48591,13.40812],[-87.48707,13.40113],[-87.47983,13.40016],[-87.49061,13.39464],[-87.49022,13.39045],[-87.49393,13.38745],[-87.49724,13.38972],[-87.49986,13.38539],[-87.50353,13.38678],[-87.5087,13.38076],[-87.50898,13.38393],[-87.51226,13.38077],[-87.50972,13.38087],[-87.50932,13.37215],[-87.51197,13.36822],[-87.50804,13.36638],[-87.50272,13.37056],[-87.50251,13.35925],[-87.50774,13.35553],[-87.51045,13.35762],[-87.50663,13.36051],[-87.51555,13.35699],[-87.51855,13.35839],[-87.51731,13.36102],[-87.52066,13.3548],[-87.51959,13.36088],[-87.52328,13.35779],[-87.52641,13.36337],[-87.52373,13.3575],[-87.52144,13.35761],[-87.52105,13.35466],[-87.51985,13.35438],[-87.51709,13.35629],[-87.51929,13.34863],[-87.53477,13.34307],[-87.54424,13.35037],[-87.53937,13.35145],[-87.53663,13.35454],[-87.52943,13.35011],[-87.52945,13.35349],[-87.53183,13.35304],[-87.52886,13.35714],[-87.52935,13.35851],[-87.53385,13.35731],[-87.53242,13.35369],[-87.53691,13.35671],[-87.53661,13.35989],[-87.53888,13.3525],[-87.54544,13.35098],[-87.55706,13.35492],[-87.54975,13.36128],[-87.54778,13.35944],[-87.54859,13.36174],[-87.55095,13.36088],[-87.55781,13.35519],[-87.55863,13.35618],[-87.55474,13.36505],[-87.5474,13.3723],[-87.56129,13.36578],[-87.56403,13.36805],[-87.56157,13.36959],[-87.56838,13.36799],[-87.57145,13.37041],[-87.56591,13.37077],[-87.57013,13.37477],[-87.56824,13.37884],[-87.56766,13.37515],[-87.56008,13.37054],[-87.55865,13.37109],[-87.55884,13.37373],[-87.56147,13.37517],[-87.55905,13.37792],[-87.56184,13.37573],[-87.56186,13.37462],[-87.55911,13.37329],[-87.56066,13.37152],[-87.5631,13.37302],[-87.56301,13.37829],[-87.56704,13.37531],[-87.56477,13.38332],[-87.56863,13.37949],[-87.56836,13.38353],[-87.57242,13.37697],[-87.57871,13.37932],[-87.5772,13.3808],[-87.57732,13.38289],[-87.57373,13.38281],[-87.57573,13.38203],[-87.57556,13.38037],[-87.57411,13.38023],[-87.57523,13.38128],[-87.5734,13.38217],[-87.57404,13.3835],[-87.57784,13.3831],[-87.58003,13.3797],[-87.58819,13.37825],[-87.59251,13.38117],[-87.59115,13.38401],[-87.58576,13.38149],[-87.57871,13.38409],[-87.57836,13.38703],[-87.58313,13.39173],[-87.57649,13.39508],[-87.57721,13.39093],[-87.57289,13.39365],[-87.57402,13.39067],[-87.56895,13.38896],[-87.57125,13.39273],[-87.56937,13.38914],[-87.57317,13.39143],[-87.57263,13.39432],[-87.57673,13.39146],[-87.57537,13.3945],[-87.57718,13.3965],[-87.58367,13.39192],[-87.57947,13.38709],[-87.58064,13.38406],[-87.58617,13.38245],[-87.58783,13.38674],[-87.59647,13.38333],[-87.59911,13.38486],[-87.59686,13.38275],[-87.60617,13.38276],[-87.61475,13.37433],[-87.618,13.37458],[-87.61882,13.37898],[-87.61172,13.39159],[-87.59945,13.39542],[-87.60185,13.3967],[-87.59995,13.40481],[-87.60407,13.41314],[-87.60449,13.40754],[-87.60688,13.41039],[-87.60728,13.41957],[-87.60836,13.41039],[-87.60573,13.405],[-87.60842,13.40122],[-87.61136,13.40679],[-87.62962,13.41236],[-87.63046,13.41504],[-87.62607,13.41904],[-87.619,13.41672],[-87.61314,13.41906],[-87.61953,13.4267],[-87.61724,13.42974],[-87.61866,13.43679],[-87.62465,13.43559],[-87.62417,13.4385],[-87.62168,13.44416],[-87.59772,13.45988],[-87.60084,13.46161],[-87.61135,13.45945],[-87.62204,13.46562],[-87.6353,13.46544],[-87.64118,13.47666],[-87.64044,13.48538],[-87.6443,13.4863],[-87.63645,13.50339],[-87.64041,13.51426],[-87.63674,13.52575],[-87.64583,13.5346],[-87.64716,13.56875],[-87.64502,13.57372],[-87.64981,13.58201],[-87.62089,13.59505],[-87.59737,13.58971],[-87.56752,13.6195],[-87.5482,13.62773],[-87.54083,13.62701],[-87.53686,13.62075],[-87.53021,13.61779],[-87.51684,13.62617],[-87.51364,13.62398],[-87.50507,13.65642],[-87.4738,13.66853],[-87.45939,13.66857]]]}},{"type":"Feature","id":"27666195B95409407730953","properties":{"admin_level":2,"municipality_code":"27666195B95409407730953","municipality":"San Francisco de Coray","municipality_key":"sanfranciscodecoray","department_code":"10453824B78724193103152","department":"Valle","department_key":"valle","join_key":"valle|sanfranciscodecoray","centroid_lat":13.66758,"centroid_lon":-87.53687},"geometry":{"type":"Polygon","coordinates":[[[-87.59698,13.71854],[-87.58356,13.71215],[-87.54384,13.7163],[-87.54214,13.7094],[-87.52045,13.69581],[-87.51846,13.69047],[-87.49226,13.68313],[-87.48811,13.6786],[-87.48674,13.68041],[-87.46736,13.6747],[-87.45955,13.66869],[-87.4738,13.66853],[-87.50507,13.65642],[-87.51364,13.62398],[-87.51684,13.62617],[-87.53021,13.61779],[-87.53686,13.62075],[-87.54083,13.62701],[-87.5482,13.62773],[-87.56752,13.6195],[-87.59806,13.66662],[-87.5863,13.68589],[-87.59699,13.69803],[-87.59698,13.71854]]]}},{"type":"Feature","id":"27666195B73827570061080","properties":{"admin_level":2,"municipality_code":"27666195B73827570061080","municipality":"San Lorenzo","municipality_key":"sanlorenzo","department_code":"10453824B78724193103152","department":"Valle","department_key":"valle","join_key":"valle|sanlorenzo","centroid_lat":13.46185,"centroid_lon":-87.41249},"geometry":{"type":"MultiPolygon","coordinates":[[[[-87.36005,13.52159],[-87.36071,13.5061],[-87.36687,13.494],[-87.36697,13.48359],[-87.34092,13.44392],[-87.34597,13.43902],[-87.34267,13.43011],[-87.34842,13.4263],[-87.35093,13.41177],[-87.35556,13.40527],[-87.3677,13.39901],[-87.38013,13.39917],[-87.37943,13.40757],[-87.38133,13.39653],[-87.38519,13.39424],[-87.3916,13.40355],[-87.39045,13.40666],[-87.38693,13.40644],[-87.39198,13.41313],[-87.39966,13.40664],[-87.40013,13.41288],[-87.39746,13.41387],[-87.40028,13.41353],[-87.403,13.41778],[-87.40032,13.41912],[-87.40475,13.41756],[-87.41548,13.42097],[-87.41954,13.41483],[-87.42011,13.41785],[-87.4256,13.41871],[-87.42073,13.42193],[-87.42171,13.42355],[-87.42295,13.42092],[-87.42728,13.42599],[-87.42357,13.42123],[-87.4259,13.41854],[-87.42183,13.41515],[-87.42656,13.41166],[-87.42699,13.40667],[-87.43092,13.40946],[-87.43287,13.40771],[-87.43578,13.41036],[-87.434,13.41455],[-87.43284,13.41168],[-87.43135,13.41199],[-87.43137,13.41476],[-87.43425,13.41494],[-87.43664,13.41171],[-87.43589,13.40955],[-87.43385,13.40757],[-87.43215,13.4072],[-87.43089,13.40891],[-87.42756,13.40558],[-87.42484,13.40882],[-87.42499,13.41183],[-87.42066,13.41323],[-87.42845,13.39619],[-87.43239,13.39832],[-87.43161,13.40068],[-87.42822,13.40021],[-87.43108,13.40422],[-87.43289,13.40023],[-87.43656,13.40546],[-87.44334,13.40661],[-87.44144,13.41164],[-87.43881,13.41119],[-87.44226,13.41696],[-87.43746,13.41396],[-87.43433,13.41966],[-87.43319,13.4161],[-87.43361,13.41951],[-87.43614,13.42118],[-87.4383,13.42193],[-87.43831,13.41944],[-87.43497,13.4193],[-87.43924,13.41584],[-87.44185,13.41749],[-87.44307,13.41693],[-87.44209,13.41114],[-87.44351,13.40771],[-87.44478,13.41355],[-87.45876,13.41707],[-87.45605,13.42151],[-87.46003,13.4243],[-87.46128,13.4191],[-87.46898,13.41889],[-87.46685,13.41498],[-87.47484,13.41942],[-87.47898,13.41822],[-87.47484,13.41844],[-87.47492,13.41531],[-87.47875,13.41519],[-87.48443,13.42743],[-87.49095,13.42846],[-87.49026,13.43073],[-87.49774,13.43577],[-87.49308,13.44607],[-87.49473,13.45081],[-87.48268,13.45617],[-87.48253,13.45946],[-87.47254,13.45989],[-87.47205,13.4638],[-87.46325,13.46612],[-87.46206,13.46987],[-87.44705,13.47347],[-87.44384,13.48132],[-87.43771,13.48695],[-87.42852,13.51906],[-87.4117,13.51806],[-87.39981,13.51356],[-87.39802,13.50818],[-87.39058,13.50484],[-87.38801,13.5111],[-87.37926,13.51327],[-87.36669,13.52574],[-87.36005,13.52159]]],[[[-87.40355,13.39675],[-87.39775,13.4],[-87.39934,13.39125],[-87.40258,13.39131],[-87.39899,13.39003],[-87.40052,13.38658],[-87.39295,13.38632],[-87.39339,13.39076],[-87.39043,13.38893],[-87.38797,13.39179],[-87.38853,13.39612],[-87.3852,13.39336],[-87.37985,13.3935],[-87.37875,13.39124],[-87.39152,13.38441],[-87.3881,13.38382],[-87.38724,13.37391],[-87.39206,13.36822],[-87.40305,13.37139],[-87.39995,13.37273],[-87.40171,13.37925],[-87.39565,13.37314],[-87.39662,13.37821],[-87.39294,13.37575],[-87.39208,13.37634],[-87.39913,13.37959],[-87.39476,13.38155],[-87.39343,13.37802],[-87.3927,13.38251],[-87.3974,13.3814],[-87.39816,13.38443],[-87.40029,13.38374],[-87.39884,13.38062],[-87.40444,13.38024],[-87.40677,13.38271],[-87.4043,13.38537],[-87.40467,13.38419],[-87.40316,13.38365],[-87.40359,13.38818],[-87.40732,13.3828],[-87.40908,13.38548],[-87.41274,13.38505],[-87.4097,13.39184],[-87.40836,13.39155],[-87.40907,13.38904],[-87.40715,13.38758],[-87.40864,13.38987],[-87.40599,13.39004],[-87.41249,13.39616],[-87.41551,13.39601],[-87.41175,13.39892],[-87.41262,13.40066],[-87.4041,13.39688],[-87.407,13.39558],[-87.40533,13.3936],[-87.40355,13.39602],[-87.4035,13.39238],[-87.40355,13.39675]]],[[[-87.39798,13.39058],[-87.39445,13.40132],[-87.38819,13.39224],[-87.39026,13.38941],[-87.39357,13.39205],[-87.39362,13.38851],[-87.39701,13.38727],[-87.3982,13.39018],[-87.39462,13.39131],[-87.39798,13.39058]]],[[[-87.39257,13.4036],[-87.40449,13.40326],[-87.39167,13.41046],[-87.39016,13.40746],[-87.39257,13.4036]]],[[[-87.41542,13.38937],[-87.41112,13.39143],[-87.41386,13.38443],[-87.40776,13.38206],[-87.40935,13.37946],[-87.40693,13.38101],[-87.40388,13.3785],[-87.40441,13.37361],[-87.41459,13.3767],[-87.41238,13.37854],[-87.41756,13.37583],[-87.42007,13.37781],[-87.41972,13.38223],[-87.41384,13.37987],[-87.41567,13.3839],[-87.42032,13.38245],[-87.41466,13.38594],[-87.41382,13.38762],[-87.41542,13.38937]]],[[[-87.4278,13.36309],[-87.42504,13.38198],[-87.42285,13.38133],[-87.42147,13.38158],[-87.42207,13.37664],[-87.42481,13.37768],[-87.42293,13.37397],[-87.42074,13.37706],[-87.41806,13.37187],[-87.42028,13.37378],[-87.42344,13.37134],[-87.42039,13.37329],[-87.41787,13.37018],[-87.41769,13.37453],[-87.4146,13.37537],[-87.40774,13.37239],[-87.42009,13.36767],[-87.41878,13.36495],[-87.42472,13.35668],[-87.4278,13.36309]]],[[[-87.41201,13.41082],[-87.41226,13.41594],[-87.40817,13.41678],[-87.41201,13.41082]]],[[[-87.42304,13.38175],[-87.42325,13.39026],[-87.41691,13.40361],[-87.41339,13.3989],[-87.41851,13.39386],[-87.41482,13.39498],[-87.41186,13.39248],[-87.41918,13.39041],[-87.42139,13.38748],[-87.419,13.38555],[-87.42304,13.38175]]],[[[-87.41831,13.38559],[-87.41876,13.38777],[-87.41619,13.38944],[-87.41481,13.38711],[-87.41831,13.38559]]],[[[-87.4574,13.40242],[-87.45988,13.40871],[-87.45486,13.41282],[-87.44582,13.41257],[-87.44515,13.40931],[-87.4533,13.40699],[-87.45342,13.40221],[-87.44831,13.39974],[-87.43801,13.40061],[-87.43964,13.39678],[-87.43554,13.40017],[-87.43565,13.39555],[-87.4305,13.38863],[-87.43646,13.38852],[-87.43674,13.39238],[-87.43769,13.38742],[-87.44186,13.38572],[-87.44484,13.38892],[-87.44445,13.39495],[-87.44791,13.39716],[-87.45506,13.39246],[-87.45825,13.3935],[-87.4574,13.40242]]],[[[-87.46762,13.38971],[-87.46379,13.39141],[-87.46219,13.39482],[-87.45508,13.39087],[-87.44751,13.3956],[-87.44697,13.39158],[-87.45174,13.39077],[-87.45284,13.38915],[-87.4468,13.39075],[-87.44486,13.38515],[-87.44868,13.38356],[-87.43121,13.38395],[-87.43914,13.37673],[-87.43978,13.37898],[-87.44163,13.37965],[-87.44333,13.37911],[-87.43945,13.37738],[-87.44323,13.37318],[-87.45759,13.37422],[-87.4591,13.37653],[-87.45828,13.37391],[-87.46559,13.37198],[-87.46544,13.37559],[-87.46809,13.37261],[-87.47475,13.37928],[-87.47162,13.37789],[-87.46937,13.37792],[-87.46467,13.38001],[-87.46272,13.38374],[-87.46097,13.38177],[-87.45939,13.38234],[-87.45895,13.3853],[-87.46041,13.38911],[-87.46783,13.38738],[-87.47341,13.39139],[-87.46762,13.38971]]],[[[-87.44871,13.40184],[-87.45251,13.40349],[-87.45208,13.4065],[-87.44123,13.40413],[-87.44871,13.40184]]],[[[-87.46069,13.40857],[-87.46009,13.41352],[-87.45762,13.41326],[-87.45691,13.41194],[-87.46069,13.40857]]],[[[-87.4639,13.39782],[-87.4667,13.39993],[-87.46966,13.3998],[-87.46083,13.40696],[-87.45828,13.40054],[-87.46354,13.39301],[-87.46852,13.39455],[-87.46584,13.39585],[-87.46641,13.39733],[-87.47071,13.39545],[-87.47143,13.39812],[-87.4639,13.39782]]],[[[-87.47438,13.38584],[-87.46113,13.38835],[-87.45953,13.38568],[-87.46042,13.38237],[-87.46257,13.38454],[-87.46577,13.37993],[-87.47111,13.37835],[-87.47768,13.38538],[-87.47596,13.39013],[-87.47438,13.38584]]],[[[-87.46766,13.4091],[-87.46645,13.41524],[-87.46865,13.41852],[-87.46036,13.41823],[-87.45972,13.41614],[-87.46329,13.41483],[-87.46272,13.40977],[-87.46766,13.4091]]],[[[-87.46393,13.40501],[-87.47482,13.40461],[-87.47551,13.40799],[-87.46286,13.40838],[-87.46393,13.40501]]],[[[-87.46443,13.39246],[-87.46963,13.3915],[-87.47063,13.39486],[-87.46443,13.39246]]],[[[-87.48006,13.41074],[-87.48152,13.41492],[-87.47478,13.41436],[-87.4736,13.41789],[-87.46784,13.41452],[-87.47024,13.40977],[-87.47177,13.41287],[-87.47703,13.40713],[-87.47703,13.41041],[-87.48006,13.41074]]],[[[-87.47836,13.40008],[-87.48146,13.40321],[-87.47879,13.40656],[-87.4704,13.40158],[-87.47553,13.3993],[-87.47901,13.3884],[-87.48185,13.39256],[-87.47836,13.40008]]],[[[-87.47418,13.3868],[-87.47439,13.39902],[-87.47086,13.39241],[-87.4738,13.39182],[-87.47167,13.38916],[-87.47418,13.3868]]],[[[-87.48446,13.40068],[-87.48583,13.40693],[-87.48033,13.40784],[-87.48247,13.4042],[-87.48184,13.40135],[-87.48446,13.40068]]]]}},{"type":"Feature","id":"27666195B63799157965046","properties":{"admin_level":2,"municipality_code":"27666195B63799157965046","municipality":"Arenal","municipality_key":"arenal","department_code":"10453824B47889694645812","department":"Yoro","department_key":"yoro","join_key":"yoro|arenal","centroid_lat":15.34847,"centroid_lon":-86.83059},"geometry":{"type":"Polygon","coordinates":[[[-86.77398,15.29837],[-86.78261,15.28491],[-86.79207,15.28166],[-86.7933,15.27799],[-86.81336,15.28448],[-86.82707,15.28441],[-86.83393,15.29301],[-86.85336,15.30189],[-86.87423,15.32516],[-86.89003,15.33309],[-86.91297,15.35485],[-86.92447,15.38143],[-86.94882,15.3811],[-86.91537,15.3929],[-86.90573,15.38556],[-86.89223,15.38771],[-86.87514,15.40032],[-86.86972,15.39579],[-86.86121,15.39744],[-86.85784,15.39497],[-86.83994,15.40232],[-86.83236,15.39938],[-86.82279,15.40176],[-86.81516,15.39756],[-86.80659,15.39888],[-86.79748,15.39134],[-86.78006,15.3988],[-86.7638,15.3945],[-86.75374,15.4019],[-86.75245,15.40867],[-86.74445,15.41673],[-86.73848,15.41548],[-86.71498,15.42427],[-86.70435,15.42311],[-86.69521,15.41333],[-86.69817,15.41287],[-86.69974,15.40827],[-86.70568,15.40801],[-86.70466,15.40281],[-86.71475,15.40126],[-86.71904,15.39573],[-86.72704,15.39647],[-86.73223,15.39051],[-86.73797,15.3921],[-86.73981,15.38867],[-86.73623,15.38476],[-86.7372,15.3823],[-86.74125,15.38451],[-86.74731,15.38235],[-86.74902,15.38908],[-86.75365,15.38613],[-86.75832,15.37605],[-86.75769,15.36222],[-86.75291,15.35608],[-86.7566,15.3421],[-86.76002,15.33856],[-86.77065,15.34103],[-86.76999,15.33393],[-86.77954,15.3287],[-86.78506,15.31334],[-86.77398,15.29837]]]}},{"type":"Feature","id":"27666195B11241379941292","properties":{"admin_level":2,"municipality_code":"27666195B11241379941292","municipality":"El Negrito","municipality_key":"elnegrito","department_code":"10453824B47889694645812","department":"Yoro","department_key":"yoro","join_key":"yoro|elnegrito","centroid_lat":15.44937,"centroid_lon":-87.66092},"geometry":{"type":"Polygon","coordinates":[[[-87.77216,15.70501],[-87.74715,15.69953],[-87.74614,15.69628],[-87.74209,15.69561],[-87.73589,15.68305],[-87.72743,15.68053],[-87.71815,15.671],[-87.70603,15.66983],[-87.70585,15.6657],[-87.70224,15.66549],[-87.68792,15.64858],[-87.68131,15.64591],[-87.68252,15.61423],[-87.67692,15.60237],[-87.68035,15.59917],[-87.68048,15.59199],[-87.67363,15.57954],[-87.66328,15.57533],[-87.64186,15.57354],[-87.62678,15.56579],[-87.62153,15.55573],[-87.59834,15.55246],[-87.62199,15.50691],[-87.62049,15.49344],[-87.61458,15.48456],[-87.61955,15.47573],[-87.63455,15.47326],[-87.63571,15.4693],[-87.63926,15.46887],[-87.63637,15.463],[-87.63992,15.46027],[-87.63624,15.4601],[-87.63549,15.45551],[-87.61866,15.45432],[-87.61166,15.44364],[-87.60734,15.44443],[-87.60662,15.43906],[-87.60814,15.43537],[-87.61598,15.43272],[-87.62012,15.42415],[-87.62207,15.41603],[-87.61875,15.41112],[-87.62486,15.40118],[-87.62385,15.39277],[-87.62686,15.39274],[-87.62962,15.38692],[-87.62781,15.38456],[-87.63103,15.37345],[-87.62591,15.35691],[-87.62932,15.33428],[-87.64137,15.30157],[-87.65129,15.28395],[-87.66578,15.27954],[-87.67329,15.28199],[-87.67623,15.28022],[-87.67985,15.26561],[-87.68914,15.25617],[-87.68808,15.24805],[-87.68541,15.2475],[-87.69196,15.24313],[-87.69007,15.24061],[-87.69493,15.24031],[-87.69249,15.23514],[-87.7002,15.22771],[-87.7026,15.2199],[-87.70641,15.21912],[-87.70618,15.21421],[-87.70934,15.21444],[-87.70787,15.20973],[-87.71299,15.2133],[-87.71364,15.20947],[-87.71745,15.21028],[-87.71577,15.20768],[-87.71971,15.19933],[-87.72897,15.20002],[-87.72534,15.20934],[-87.74802,15.20968],[-87.77651,15.22919],[-87.7995,15.22671],[-87.80566,15.23698],[-87.79286,15.24824],[-87.7798,15.26853],[-87.77026,15.31097],[-87.76686,15.34241],[-87.74997,15.39047],[-87.73583,15.41665],[-87.73212,15.43462],[-87.68677,15.46065],[-87.68602,15.49846],[-87.70673,15.52708],[-87.71166,15.52601],[-87.71545,15.52974],[-87.71643,15.52761],[-87.7222,15.52803],[-87.73545,15.53412],[-87.7397,15.53339],[-87.74253,15.53697],[-87.74903,15.53716],[-87.74703,15.54622],[-87.76078,15.55604],[-87.7645,15.56191],[-87.7581,15.56729],[-87.75189,15.58308],[-87.74574,15.58832],[-87.74155,15.60597],[-87.74851,15.61302],[-87.75499,15.61275],[-87.75991,15.62043],[-87.77216,15.70501]]]}},{"type":"Feature","id":"27666195B1726460774022","properties":{"admin_level":2,"municipality_code":"27666195B1726460774022","municipality":"El Progreso","municipality_key":"elprogreso","department_code":"10453824B47889694645812","department":"Yoro","department_key":"yoro","join_key":"yoro|elprogreso","centroid_lat":15.47169,"centroid_lon":-87.75289},"geometry":{"type":"Polygon","coordinates":[[[-87.77605,15.71115],[-87.77216,15.70501],[-87.75991,15.62043],[-87.75499,15.61275],[-87.74851,15.61302],[-87.74155,15.60597],[-87.74574,15.58832],[-87.75189,15.58308],[-87.7581,15.56729],[-87.7645,15.56191],[-87.76078,15.55604],[-87.74703,15.54622],[-87.74903,15.53716],[-87.74253,15.53697],[-87.7397,15.53339],[-87.73545,15.53412],[-87.7222,15.52803],[-87.71643,15.52761],[-87.71545,15.52974],[-87.71166,15.52601],[-87.70673,15.52708],[-87.68602,15.49846],[-87.68697,15.45903],[-87.73212,15.43462],[-87.73583,15.41665],[-87.74997,15.39047],[-87.76686,15.34241],[-87.77026,15.31097],[-87.7798,15.26853],[-87.79286,15.24824],[-87.80566,15.23698],[-87.83736,15.22471],[-87.91829,15.22315],[-87.92575,15.23086],[-87.92068,15.23953],[-87.92282,15.24498],[-87.93597,15.23472],[-87.93827,15.25426],[-87.93238,15.26033],[-87.93288,15.27352],[-87.91973,15.2718],[-87.91372,15.27322],[-87.91158,15.27699],[-87.91317,15.28868],[-87.9282,15.29269],[-87.92405,15.302],[-87.91598,15.30479],[-87.90892,15.30233],[-87.90531,15.30648],[-87.91524,15.31428],[-87.91805,15.32239],[-87.90935,15.3253],[-87.89343,15.32315],[-87.8879,15.33102],[-87.88818,15.34076],[-87.88317,15.34464],[-87.87477,15.3357],[-87.86566,15.33617],[-87.86466,15.3432],[-87.87743,15.34551],[-87.88025,15.34793],[-87.87923,15.35205],[-87.84959,15.37482],[-87.83937,15.39702],[-87.83968,15.40322],[-87.82482,15.40037],[-87.81932,15.40483],[-87.8191,15.41263],[-87.82556,15.43189],[-87.86296,15.44805],[-87.86469,15.45378],[-87.86036,15.45786],[-87.83496,15.45882],[-87.83079,15.45461],[-87.83072,15.44077],[-87.82524,15.43828],[-87.80869,15.45709],[-87.81053,15.46855],[-87.8277,15.47483],[-87.82293,15.49008],[-87.83521,15.4966],[-87.83745,15.50302],[-87.8276,15.51356],[-87.82765,15.51916],[-87.83255,15.5261],[-87.83079,15.52899],[-87.82178,15.52901],[-87.81069,15.51858],[-87.80559,15.52091],[-87.80594,15.52673],[-87.81471,15.53522],[-87.81652,15.54912],[-87.81345,15.55284],[-87.79928,15.55809],[-87.79921,15.56378],[-87.8055,15.57479],[-87.80389,15.57948],[-87.795,15.58165],[-87.78572,15.57645],[-87.77936,15.56695],[-87.77449,15.56733],[-87.77182,15.57246],[-87.78299,15.58736],[-87.78338,15.59421],[-87.77782,15.59724],[-87.76451,15.59307],[-87.76402,15.60976],[-87.77351,15.61973],[-87.76981,15.63194],[-87.77177,15.63742],[-87.77808,15.64055],[-87.7968,15.63706],[-87.80494,15.63984],[-87.81089,15.64821],[-87.80482,15.65976],[-87.80705,15.66485],[-87.81143,15.66421],[-87.81783,15.65287],[-87.82933,15.66067],[-87.82881,15.66835],[-87.82229,15.68092],[-87.81364,15.68378],[-87.80584,15.68145],[-87.80614,15.69037],[-87.81011,15.69118],[-87.82055,15.68436],[-87.83102,15.68886],[-87.83881,15.6864],[-87.82729,15.69882],[-87.80542,15.70542],[-87.80299,15.7095],[-87.80344,15.72055],[-87.79988,15.72415],[-87.79182,15.72219],[-87.78495,15.71062],[-87.77605,15.71115]]]}},{"type":"Feature","id":"27666195B24666023972878","properties":{"admin_level":2,"municipality_code":"27666195B24666023972878","municipality":"Jocon","municipality_key":"jocon","department_code":"10453824B47889694645812","department":"Yoro","department_key":"yoro","join_key":"yoro|jocon","centroid_lat":15.28871,"centroid_lon":-86.94232},"geometry":{"type":"Polygon","coordinates":[[[-86.81788,15.28307],[-86.81988,15.2714],[-86.83374,15.26741],[-86.84512,15.26106],[-86.84841,15.25599],[-86.85689,15.25689],[-86.86502,15.24681],[-86.86957,15.23113],[-86.86569,15.21996],[-86.86411,15.19349],[-86.85966,15.18506],[-86.87077,15.1797],[-86.90265,15.21096],[-86.94748,15.20719],[-86.96241,15.22373],[-86.96529,15.23065],[-86.98745,15.24041],[-86.98652,15.24879],[-87.04773,15.28355],[-87.06716,15.29923],[-87.08062,15.302],[-87.08347,15.30765],[-87.08165,15.31417],[-87.09352,15.31923],[-87.09918,15.3293],[-87.09128,15.33576],[-87.08737,15.33526],[-87.08382,15.34003],[-87.08686,15.34238],[-87.08356,15.3495],[-87.08705,15.36179],[-87.07682,15.36631],[-87.07081,15.37719],[-87.06453,15.37435],[-87.06003,15.37768],[-87.05726,15.37438],[-87.04923,15.37864],[-87.04368,15.36979],[-87.03861,15.37037],[-87.03615,15.37449],[-87.03196,15.36829],[-87.02572,15.37106],[-87.02107,15.365],[-87.01344,15.36939],[-87.00741,15.36733],[-87.00729,15.38018],[-87.00014,15.37889],[-86.99235,15.39545],[-86.98802,15.39452],[-86.98515,15.3882],[-86.97707,15.38912],[-86.95887,15.38041],[-86.92447,15.38143],[-86.91297,15.35485],[-86.89003,15.33309],[-86.87423,15.32516],[-86.85336,15.30189],[-86.83393,15.29301],[-86.82707,15.28441],[-86.81788,15.28307]]]}},{"type":"Feature","id":"27666195B65366922355243","properties":{"admin_level":2,"municipality_code":"27666195B65366922355243","municipality":"Morazan","municipality_key":"morazan","department_code":"10453824B47889694645812","department":"Yoro","department_key":"yoro","join_key":"yoro|morazan","centroid_lat":15.35115,"centroid_lon":-87.55741},"geometry":{"type":"Polygon","coordinates":[[[-87.62199,15.50691],[-87.59222,15.50492],[-87.57194,15.50682],[-87.56919,15.50992],[-87.56082,15.50939],[-87.56139,15.51133],[-87.55077,15.51465],[-87.54593,15.51196],[-87.54017,15.51688],[-87.52627,15.52052],[-87.51123,15.50998],[-87.51523,15.50391],[-87.50963,15.47973],[-87.50973,15.46016],[-87.52238,15.45089],[-87.53085,15.44849],[-87.53837,15.43953],[-87.5327,15.43875],[-87.52962,15.42985],[-87.54202,15.41004],[-87.54289,15.40181],[-87.53563,15.39272],[-87.5277,15.39512],[-87.50786,15.37944],[-87.50064,15.35648],[-87.45977,15.3383],[-87.45944,15.33362],[-87.454,15.33034],[-87.4316,15.26301],[-87.43929,15.25456],[-87.4927,15.26405],[-87.496,15.25696],[-87.51198,15.24611],[-87.51302,15.24047],[-87.53058,15.2314],[-87.5281,15.21254],[-87.53421,15.19778],[-87.54778,15.19029],[-87.56253,15.17439],[-87.57046,15.17663],[-87.59134,15.17467],[-87.64487,15.20675],[-87.64764,15.23746],[-87.63948,15.25814],[-87.63973,15.26856],[-87.64404,15.27432],[-87.65316,15.27579],[-87.65274,15.27946],[-87.64137,15.30157],[-87.6264,15.34583],[-87.62591,15.35691],[-87.63103,15.37345],[-87.62781,15.38456],[-87.62962,15.38692],[-87.62686,15.39274],[-87.62385,15.39277],[-87.62486,15.40118],[-87.61875,15.41112],[-87.62207,15.41603],[-87.62012,15.42415],[-87.61598,15.43272],[-87.60814,15.43537],[-87.60662,15.43906],[-87.60734,15.44443],[-87.61166,15.44364],[-87.61866,15.45432],[-87.63549,15.45551],[-87.63624,15.4601],[-87.63992,15.46027],[-87.63637,15.463],[-87.63926,15.46887],[-87.63571,15.4693],[-87.63455,15.47326],[-87.61955,15.47573],[-87.61458,15.48456],[-87.62049,15.49344],[-87.62199,15.50691]]]}},{"type":"Feature","id":"27666195B25086521151184","properties":{"admin_level":2,"municipality_code":"27666195B25086521151184","municipality":"Olanchito","municipality_key":"olanchito","department_code":"10453824B47889694645812","department":"Yoro","department_key":"yoro","join_key":"yoro|olanchito","centroid_lat":15.43069,"centroid_lon":-86.69449},"geometry":{"type":"Polygon","coordinates":[[[-86.87553,15.55671],[-86.85842,15.56581],[-86.85067,15.56441],[-86.84886,15.54718],[-86.83926,15.54856],[-86.83104,15.54267],[-86.81357,15.55505],[-86.80827,15.55475],[-86.80231,15.54757],[-86.7758,15.54236],[-86.76411,15.54489],[-86.76428,15.54821],[-86.75004,15.55328],[-86.73232,15.55725],[-86.69605,15.58213],[-86.64207,15.60333],[-86.5773,15.58586],[-86.55656,15.59097],[-86.53892,15.5914],[-86.52289,15.58074],[-86.51835,15.58191],[-86.51763,15.58604],[-86.51077,15.58417],[-86.50187,15.59013],[-86.48516,15.59094],[-86.48062,15.59654],[-86.46375,15.59505],[-86.45254,15.58832],[-86.4409,15.58686],[-86.40118,15.57288],[-86.39076,15.55693],[-86.37994,15.54627],[-86.37672,15.53569],[-86.35826,15.53448],[-86.35308,15.54016],[-86.34584,15.53787],[-86.32198,15.54035],[-86.31901,15.53697],[-86.31527,15.53934],[-86.31395,15.53603],[-86.3054,15.53448],[-86.30182,15.52343],[-86.3068,15.51021],[-86.30418,15.50874],[-86.29306,15.5061],[-86.28902,15.50813],[-86.28916,15.51685],[-86.28279,15.51546],[-86.27695,15.5186],[-86.26534,15.51248],[-86.26134,15.51914],[-86.2522,15.51479],[-86.25257,15.52254],[-86.2359,15.52474],[-86.2387,15.51952],[-86.22665,15.49601],[-86.23208,15.48328],[-86.22878,15.47658],[-86.23432,15.47006],[-86.22883,15.45985],[-86.24207,15.44871],[-86.23241,15.43711],[-86.23243,15.40674],[-86.27896,15.37297],[-86.29063,15.37414],[-86.3729,15.32352],[-86.38062,15.32224],[-86.39364,15.32272],[-86.39689,15.32552],[-86.39093,15.34469],[-86.39606,15.35302],[-86.39749,15.36338],[-86.40444,15.37196],[-86.40759,15.3735],[-86.40997,15.36931],[-86.416,15.37353],[-86.42434,15.3734],[-86.42402,15.3766],[-86.42768,15.37666],[-86.42668,15.38215],[-86.43274,15.38643],[-86.43838,15.3992],[-86.47407,15.40526],[-86.47583,15.4038],[-86.47188,15.40018],[-86.4735,15.39569],[-86.4883,15.39281],[-86.49579,15.38563],[-86.50502,15.38606],[-86.51326,15.39106],[-86.54269,15.37629],[-86.54797,15.36953],[-86.56114,15.36806],[-86.58292,15.35848],[-86.61637,15.33665],[-86.62584,15.33655],[-86.63167,15.34043],[-86.64658,15.33434],[-86.64885,15.33127],[-86.64621,15.32555],[-86.64978,15.30265],[-86.66407,15.29144],[-86.66401,15.28459],[-86.70154,15.26419],[-86.72104,15.26774],[-86.72643,15.26503],[-86.72963,15.26729],[-86.73227,15.26379],[-86.75476,15.2709],[-86.76255,15.28802],[-86.77662,15.29512],[-86.77398,15.29837],[-86.78506,15.31334],[-86.77954,15.3287],[-86.76999,15.33393],[-86.77065,15.34103],[-86.76002,15.33856],[-86.7566,15.3421],[-86.75291,15.35608],[-86.75769,15.36222],[-86.75832,15.37605],[-86.75365,15.38613],[-86.74902,15.38908],[-86.74731,15.38235],[-86.74125,15.38451],[-86.7372,15.3823],[-86.73623,15.38476],[-86.73981,15.38867],[-86.73797,15.3921],[-86.73223,15.39051],[-86.72704,15.39647],[-86.71904,15.39573],[-86.71475,15.40126],[-86.70466,15.40281],[-86.70568,15.40801],[-86.69974,15.40827],[-86.69817,15.41287],[-86.69521,15.41333],[-86.70435,15.42311],[-86.71498,15.42427],[-86.73848,15.41548],[-86.74445,15.41673],[-86.75245,15.40867],[-86.75374,15.4019],[-86.7638,15.3945],[-86.78006,15.3988],[-86.79748,15.39134],[-86.80659,15.39888],[-86.81516,15.39756],[-86.82279,15.40176],[-86.83236,15.39938],[-86.83994,15.40232],[-86.85784,15.39497],[-86.86121,15.39744],[-86.86972,15.39579],[-86.87514,15.40032],[-86.89223,15.38771],[-86.90573,15.38556],[-86.91537,15.3929],[-86.94882,15.3811],[-86.95887,15.38041],[-86.97707,15.38912],[-86.98515,15.3882],[-86.98802,15.39452],[-86.99235,15.39545],[-87.00014,15.37889],[-87.00729,15.38018],[-87.00741,15.36733],[-87.01344,15.36939],[-87.02107,15.365],[-87.02572,15.37106],[-87.03196,15.36829],[-87.03615,15.37449],[-87.03861,15.37037],[-87.04368,15.36979],[-87.04923,15.37864],[-87.05726,15.37438],[-87.06003,15.37768],[-87.06453,15.37435],[-87.07081,15.37719],[-87.07682,15.36631],[-87.08705,15.36179],[-87.08356,15.3495],[-87.08686,15.34238],[-87.08382,15.34003],[-87.08686,15.33884],[-87.1055,15.34722],[-87.10781,15.38508],[-87.14045,15.40887],[-87.16578,15.44317],[-87.15139,15.45879],[-87.13097,15.45479],[-87.10814,15.45509],[-87.09129,15.47233],[-87.07351,15.47267],[-87.04898,15.48698],[-87.04972,15.49824],[-87.0424,15.50271],[-87.04398,15.50919],[-87.02841,15.51284],[-87.02648,15.51798],[-87.00663,15.53123],[-87.00029,15.54174],[-86.98442,15.55535],[-86.98117,15.54968],[-86.9726,15.54657],[-86.94403,15.54906],[-86.92687,15.5455],[-86.90714,15.5599],[-86.89799,15.55432],[-86.88246,15.55907],[-86.87553,15.55671]]]}},{"type":"Feature","id":"27666195B22106740094375","properties":{"admin_level":2,"municipality_code":"27666195B22106740094375","municipality":"Santa Rita","municipality_key":"santarita","department_code":"10453824B47889694645812","department":"Yoro","department_key":"yoro","join_key":"yoro|santarita","centroid_lat":15.1865,"centroid_lon":-87.79635},"geometry":{"type":"Polygon","coordinates":[[[-87.89797,15.18893],[-87.91131,15.19769],[-87.92422,15.20064],[-87.91755,15.2072],[-87.92461,15.21263],[-87.91829,15.22315],[-87.83736,15.22471],[-87.80566,15.23698],[-87.7995,15.22671],[-87.77651,15.22919],[-87.74802,15.20968],[-87.72534,15.20934],[-87.72911,15.20219],[-87.72529,15.19788],[-87.7308,15.19091],[-87.72834,15.18407],[-87.7298,15.18056],[-87.74091,15.17434],[-87.74292,15.16312],[-87.75101,15.16245],[-87.75211,15.15862],[-87.75737,15.15697],[-87.75741,15.14757],[-87.76588,15.14848],[-87.76879,15.13967],[-87.78554,15.1338],[-87.79924,15.13874],[-87.79604,15.14698],[-87.8012,15.15594],[-87.80685,15.15516],[-87.81339,15.14962],[-87.81666,15.15826],[-87.8202,15.16044],[-87.84354,15.15707],[-87.85093,15.16304],[-87.84791,15.17017],[-87.84916,15.1751],[-87.8571,15.17779],[-87.8674,15.19182],[-87.88267,15.19289],[-87.89797,15.18893]]]}},{"type":"Feature","id":"27666195B65323297642251","properties":{"admin_level":2,"municipality_code":"27666195B65323297642251","municipality":"Sulaco","municipality_key":"sulaco","department_code":"10453824B47889694645812","department":"Yoro","department_key":"yoro","join_key":"yoro|sulaco","centroid_lat":14.95785,"centroid_lon":-87.27981},"geometry":{"type":"Polygon","coordinates":[[[-87.21723,14.88029],[-87.2179,14.88305],[-87.25303,14.89732],[-87.26598,14.90728],[-87.27427,14.91884],[-87.27443,14.92447],[-87.2898,14.92394],[-87.29486,14.91315],[-87.29898,14.91287],[-87.31424,14.9306],[-87.31861,14.92658],[-87.32575,14.9302],[-87.34253,14.92942],[-87.3607,14.94001],[-87.3543,14.9501],[-87.36395,14.9656],[-87.34792,14.98387],[-87.39074,15.01152],[-87.38001,15.0404],[-87.37539,15.04392],[-87.33639,15.04374],[-87.32731,15.03836],[-87.32757,15.02756],[-87.32397,15.02476],[-87.30887,15.02706],[-87.3042,15.02386],[-87.2855,15.02474],[-87.27685,15.01997],[-87.27452,15.01436],[-87.26798,15.01954],[-87.26562,15.02614],[-87.25375,15.02176],[-87.24419,15.02629],[-87.20537,15.01543],[-87.19392,15.01688],[-87.18537,15.01135],[-87.18715,14.98112],[-87.1851,14.96984],[-87.2134,14.94781],[-87.21466,14.93603],[-87.20814,14.9246],[-87.21796,14.91407],[-87.21574,14.91039],[-87.19802,14.90555],[-87.19848,14.89597],[-87.1931,14.88885],[-87.19853,14.8821],[-87.19983,14.87501],[-87.20668,14.87467],[-87.21131,14.88029],[-87.21723,14.88029]]]}},{"type":"Feature","id":"27666195B67496121573402","properties":{"admin_level":2,"municipality_code":"27666195B67496121573402","municipality":"Victoria","municipality_key":"victoria","department_code":"10453824B47889694645812","department":"Yoro","department_key":"yoro","join_key":"yoro|victoria","centroid_lat":15.0914,"centroid_lon":-87.56692},"geometry":{"type":"Polygon","coordinates":[[[-87.5871,15.02193],[-87.61089,15.01955],[-87.61199,15.01454],[-87.62243,15.00626],[-87.63857,15.02107],[-87.6466,15.02042],[-87.65196,15.01646],[-87.65429,15.01868],[-87.66324,15.01725],[-87.67133,15.02281],[-87.67414,15.01751],[-87.67836,15.01857],[-87.68935,15.01233],[-87.69453,15.01672],[-87.70264,15.01047],[-87.71054,15.01306],[-87.73285,15.00887],[-87.73624,15.01143],[-87.73434,15.01663],[-87.73705,15.02093],[-87.74197,15.02266],[-87.74498,15.02772],[-87.74479,15.0369],[-87.74984,15.04758],[-87.74435,15.0598],[-87.74465,15.07373],[-87.73191,15.08129],[-87.73322,15.08692],[-87.73768,15.08848],[-87.73455,15.09432],[-87.73874,15.09911],[-87.73194,15.10898],[-87.73922,15.11094],[-87.75313,15.12597],[-87.75533,15.13233],[-87.76879,15.13967],[-87.76588,15.14848],[-87.75741,15.14757],[-87.75737,15.15697],[-87.75211,15.15862],[-87.75101,15.16245],[-87.74292,15.16312],[-87.74091,15.17434],[-87.7298,15.18056],[-87.7308,15.19091],[-87.72677,15.19429],[-87.72697,15.19905],[-87.72297,15.20106],[-87.71971,15.19933],[-87.71577,15.20768],[-87.71745,15.21028],[-87.71364,15.20947],[-87.71299,15.2133],[-87.70787,15.20973],[-87.70934,15.21444],[-87.70618,15.21421],[-87.70641,15.21912],[-87.7026,15.2199],[-87.7002,15.22771],[-87.69249,15.23514],[-87.69493,15.24031],[-87.69007,15.24061],[-87.69196,15.24313],[-87.68541,15.2475],[-87.68808,15.24805],[-87.68914,15.25617],[-87.67985,15.26561],[-87.67826,15.27574],[-87.67329,15.28199],[-87.66578,15.27954],[-87.65129,15.28395],[-87.65316,15.27579],[-87.64404,15.27432],[-87.63973,15.26856],[-87.63948,15.25814],[-87.64764,15.23746],[-87.64487,15.20675],[-87.60795,15.18653],[-87.60543,15.18224],[-87.59134,15.17467],[-87.57046,15.17663],[-87.54841,15.16858],[-87.52868,15.16832],[-87.51396,15.15611],[-87.50784,15.1578],[-87.48867,15.15242],[-87.47672,15.13838],[-87.45666,15.13809],[-87.44682,15.12521],[-87.42458,15.12527],[-87.41942,15.11812],[-87.39726,15.11121],[-87.39897,15.09555],[-87.39564,15.08442],[-87.4023,15.05761],[-87.4,15.04579],[-87.40509,15.03945],[-87.38958,15.03698],[-87.3832,15.03227],[-87.39074,15.01152],[-87.34792,14.98387],[-87.36395,14.9656],[-87.36206,14.95986],[-87.35576,14.95528],[-87.35577,14.94518],[-87.36681,14.93701],[-87.37692,14.93738],[-87.40242,14.91045],[-87.41175,14.91127],[-87.42503,14.9039],[-87.43285,14.90974],[-87.43669,14.90719],[-87.44015,14.91014],[-87.44963,14.90839],[-87.45557,14.91525],[-87.45298,14.92492],[-87.45835,14.92797],[-87.45168,14.9351],[-87.4601,14.93846],[-87.46438,14.94472],[-87.46027,14.95383],[-87.4645,14.96404],[-87.46246,14.96998],[-87.47694,14.96873],[-87.47783,14.97209],[-87.47332,14.97702],[-87.48122,14.97838],[-87.48541,14.97574],[-87.49655,14.98227],[-87.49562,14.98852],[-87.50413,14.99409],[-87.50318,15.0038],[-87.50648,15.01139],[-87.50227,15.01487],[-87.50782,15.02618],[-87.51666,15.03352],[-87.51795,15.04051],[-87.52778,15.04618],[-87.53253,15.04525],[-87.54077,15.05558],[-87.54573,15.05562],[-87.55481,15.05062],[-87.56211,15.05094],[-87.57146,15.04258],[-87.57317,15.03717],[-87.58089,15.03922],[-87.58378,15.03614],[-87.59021,15.03687],[-87.59106,15.03413],[-87.58336,15.02501],[-87.5871,15.02193]]]}},{"type":"Feature","id":"27666195B19722524554409","properties":{"admin_level":2,"municipality_code":"27666195B19722524554409","municipality":"Yorito","municipality_key":"yorito","department_code":"10453824B47889694645812","department":"Yoro","department_key":"yoro","join_key":"yoro|yorito","centroid_lat":15.06956,"centroid_lon":-87.31755},"geometry":{"type":"Polygon","coordinates":[[[-87.15573,15.02703],[-87.16285,15.02296],[-87.16731,15.02515],[-87.17305,15.02296],[-87.18537,15.01135],[-87.19392,15.01688],[-87.20537,15.01543],[-87.24419,15.02629],[-87.25375,15.02176],[-87.26562,15.02614],[-87.26798,15.01954],[-87.27452,15.01436],[-87.27685,15.01997],[-87.2855,15.02474],[-87.3042,15.02386],[-87.30887,15.02706],[-87.32397,15.02476],[-87.32757,15.02756],[-87.32731,15.03836],[-87.33639,15.04374],[-87.37539,15.04392],[-87.38001,15.0404],[-87.3832,15.03227],[-87.38958,15.03698],[-87.40074,15.03767],[-87.40509,15.03945],[-87.4,15.04579],[-87.4023,15.05761],[-87.39564,15.08442],[-87.39897,15.09555],[-87.39726,15.11121],[-87.39157,15.11504],[-87.39044,15.12555],[-87.38604,15.13147],[-87.36518,15.14455],[-87.32254,15.13419],[-87.29974,15.11971],[-87.28582,15.123],[-87.2716,15.11645],[-87.25865,15.12131],[-87.23583,15.0814],[-87.2357,15.05771],[-87.18955,15.04613],[-87.18577,15.04132],[-87.17057,15.03755],[-87.15573,15.02703]]]}},{"type":"Feature","id":"27666195B27527118551469","properties":{"admin_level":2,"municipality_code":"27666195B27527118551469","municipality":"Yoro","municipality_key":"yoro","department_code":"10453824B47889694645812","department":"Yoro","department_key":"yoro","join_key":"yoro|yoro","centroid_lat":15.2738,"centroid_lon":-87.23288},"geometry":{"type":"Polygon","coordinates":[[[-87.2919,15.44904],[-87.27948,15.44603],[-87.27448,15.43817],[-87.26277,15.43816],[-87.25886,15.43384],[-87.25252,15.43718],[-87.24572,15.43661],[-87.21494,15.42352],[-87.20145,15.42305],[-87.19129,15.427],[-87.18333,15.41984],[-87.17467,15.42351],[-87.16931,15.44006],[-87.16578,15.44317],[-87.14045,15.40887],[-87.10781,15.38508],[-87.1055,15.34722],[-87.08686,15.33884],[-87.08737,15.33526],[-87.09128,15.33576],[-87.09918,15.3293],[-87.09352,15.31923],[-87.08165,15.31417],[-87.08347,15.30765],[-87.08062,15.302],[-87.06716,15.29923],[-87.04773,15.28355],[-86.98652,15.24879],[-86.98745,15.24041],[-86.96529,15.23065],[-86.96241,15.22373],[-86.94748,15.20719],[-86.90265,15.21096],[-86.87077,15.1797],[-86.85966,15.18506],[-86.85625,15.17863],[-86.85594,15.16966],[-86.8601,15.16346],[-86.85792,15.15923],[-86.86145,15.15807],[-86.86816,15.14483],[-86.86271,15.14429],[-86.8617,15.14107],[-86.88072,15.11744],[-86.87997,15.10483],[-86.88557,15.10154],[-86.88268,15.08202],[-86.88772,15.07655],[-86.89732,15.07865],[-86.90764,15.06762],[-86.91803,15.06724],[-86.92516,15.0389],[-86.93049,15.04229],[-86.94321,15.04037],[-86.95236,15.04432],[-86.96365,15.04483],[-86.9798,15.0317],[-86.99128,15.01447],[-87.03013,15.02448],[-87.04709,15.02068],[-87.05383,15.0232],[-87.06301,15.02165],[-87.07666,15.01458],[-87.10793,15.03089],[-87.12669,15.02825],[-87.13435,15.03238],[-87.13641,15.02782],[-87.14709,15.02514],[-87.15573,15.02703],[-87.17057,15.03755],[-87.18577,15.04132],[-87.18955,15.04613],[-87.2357,15.05771],[-87.23583,15.0814],[-87.25865,15.12131],[-87.2716,15.11645],[-87.28582,15.123],[-87.29974,15.11971],[-87.32254,15.13419],[-87.36518,15.14455],[-87.38604,15.13147],[-87.39044,15.12555],[-87.39157,15.11504],[-87.39726,15.11121],[-87.41942,15.11812],[-87.42458,15.12527],[-87.44682,15.12521],[-87.45666,15.13809],[-87.47672,15.13838],[-87.49257,15.15462],[-87.50784,15.1578],[-87.51396,15.15611],[-87.52868,15.16832],[-87.54841,15.16858],[-87.56253,15.17439],[-87.54778,15.19029],[-87.53421,15.19778],[-87.5281,15.21254],[-87.53058,15.2314],[-87.51302,15.24047],[-87.51198,15.24611],[-87.496,15.25696],[-87.4927,15.26405],[-87.43929,15.25456],[-87.4316,15.26301],[-87.454,15.33034],[-87.45944,15.33362],[-87.45977,15.3383],[-87.50064,15.35648],[-87.50786,15.37944],[-87.5277,15.39512],[-87.53563,15.39272],[-87.54289,15.40181],[-87.54202,15.41004],[-87.52962,15.42985],[-87.5327,15.43875],[-87.53837,15.43953],[-87.53085,15.44849],[-87.52238,15.45089],[-87.50973,15.46016],[-87.50963,15.47973],[-87.51523,15.50391],[-87.51123,15.50998],[-87.51489,15.51476],[-87.494,15.52014],[-87.47933,15.53621],[-87.46244,15.54193],[-87.46043,15.54534],[-87.44864,15.53012],[-87.44144,15.52853],[-87.43449,15.53055],[-87.43703,15.5217],[-87.43424,15.51773],[-87.4379,15.51658],[-87.43497,15.51343],[-87.44038,15.50953],[-87.43815,15.50574],[-87.44032,15.49699],[-87.43122,15.4898],[-87.43777,15.48404],[-87.42552,15.47898],[-87.42179,15.47072],[-87.423,15.46265],[-87.4189,15.4652],[-87.41696,15.45835],[-87.41013,15.45918],[-87.41015,15.45434],[-87.40646,15.45484],[-87.40579,15.45795],[-87.39942,15.45509],[-87.40311,15.4507],[-87.39869,15.45196],[-87.39849,15.44741],[-87.39425,15.45154],[-87.39047,15.45094],[-87.39189,15.44415],[-87.38653,15.44627],[-87.38393,15.43873],[-87.38169,15.4403],[-87.3802,15.437],[-87.37636,15.43667],[-87.36976,15.44236],[-87.36137,15.44374],[-87.34443,15.45719],[-87.33408,15.45189],[-87.32259,15.45278],[-87.31237,15.4407],[-87.2919,15.44904]]]}}]}