{"type":"FeatureCollection","name":"Honduras departments","source":"geoBoundaries gbOpen HND ADM1; source OpenStreetMap/Wambacher; ODbL 1.0","features":[{"type":"Feature","id":"10453824B27728388827872","properties":{"admin_level":1,"department_code":"10453824B27728388827872","department":"Atlántida","department_key":"atlantida","centroid_lat":15.67351,"centroid_lon":-87.0413},"geometry":{"type":"Polygon","coordinates":[[[-86.48234,15.81129],[-86.43392,15.78036],[-86.44598,15.78322],[-86.45032,15.77969],[-86.44307,15.75779],[-86.44907,15.75021],[-86.44884,15.7378],[-86.44428,15.73584],[-86.44232,15.72408],[-86.41697,15.71894],[-86.40363,15.72224],[-86.4046,15.71384],[-86.39688,15.70751],[-86.3942,15.69898],[-86.39928,15.69456],[-86.39558,15.67926],[-86.38923,15.68345],[-86.38117,15.67527],[-86.3754,15.67907],[-86.36198,15.67549],[-86.36341,15.60554],[-86.38212,15.59607],[-86.40753,15.59334],[-86.40116,15.57383],[-86.47741,15.59825],[-86.48311,15.59307],[-86.52495,15.58108],[-86.53449,15.5912],[-86.57199,15.58658],[-86.58679,15.59472],[-86.64157,15.60452],[-86.67981,15.58871],[-86.73977,15.55543],[-86.7636,15.55074],[-86.7643,15.54543],[-86.77542,15.54352],[-86.80267,15.54855],[-86.80844,15.55572],[-86.81924,15.5529],[-86.83237,15.54235],[-86.84945,15.54628],[-86.85065,15.56505],[-86.85902,15.56596],[-86.87462,15.55806],[-86.88366,15.5601],[-86.89731,15.55427],[-86.90714,15.56076],[-86.92392,15.54691],[-86.96593,15.55001],[-86.97117,15.54654],[-86.98379,15.55626],[-86.99299,15.55014],[-87.00546,15.53265],[-87.04397,15.51001],[-87.0423,15.50356],[-87.04966,15.49906],[-87.04883,15.4878],[-87.07329,15.47361],[-87.09123,15.47316],[-87.10848,15.45579],[-87.15138,15.45963],[-87.16509,15.44163],[-87.1742,15.42114],[-87.18008,15.41924],[-87.18884,15.42271],[-87.21343,15.42271],[-87.24544,15.43649],[-87.27467,15.4386],[-87.2841,15.44852],[-87.31563,15.44627],[-87.32276,15.45382],[-87.34485,15.45823],[-87.36081,15.44488],[-87.37812,15.43769],[-87.38455,15.43993],[-87.38628,15.44676],[-87.39197,15.44457],[-87.39083,15.45226],[-87.39873,15.44876],[-87.39812,15.45214],[-87.40308,15.45107],[-87.39888,15.45583],[-87.4052,15.45861],[-87.40962,15.45471],[-87.40972,15.45982],[-87.41767,15.45958],[-87.41858,15.46608],[-87.42204,15.46262],[-87.42567,15.48034],[-87.43822,15.48545],[-87.43148,15.49005],[-87.44044,15.49725],[-87.44008,15.51122],[-87.43469,15.51371],[-87.43782,15.51737],[-87.43411,15.51816],[-87.43677,15.52259],[-87.43403,15.53237],[-87.44256,15.52898],[-87.44864,15.53102],[-87.45877,15.54576],[-87.47752,15.53841],[-87.49682,15.5213],[-87.50985,15.51854],[-87.51483,15.51361],[-87.52671,15.52277],[-87.54277,15.51414],[-87.55432,15.51462],[-87.57121,15.50765],[-87.617,15.50736],[-87.61675,15.51431],[-87.58986,15.53815],[-87.60806,15.55311],[-87.62067,15.55576],[-87.62642,15.56655],[-87.64253,15.57451],[-87.6615,15.57615],[-87.67565,15.5825],[-87.68471,15.64093],[-87.67977,15.6475],[-87.68411,15.65496],[-87.69592,15.66505],[-87.7062,15.66658],[-87.70531,15.67029],[-87.7189,15.67175],[-87.72924,15.68259],[-87.73582,15.68376],[-87.747,15.70005],[-87.77265,15.70577],[-87.77555,15.73274],[-87.75576,15.73264],[-87.76541,15.74718],[-87.76421,15.76064],[-87.77577,15.77517],[-87.78161,15.75978],[-87.78646,15.75912],[-87.78067,15.77597],[-87.79075,15.78944],[-87.79912,15.7869],[-87.8022,15.78952],[-87.79314,15.79726],[-87.79648,15.81224],[-87.78579,15.80581],[-87.77918,15.80825],[-87.78605,15.82458],[-87.78409,15.82747],[-87.77315,15.81867],[-87.76922,15.82024],[-87.77365,15.82526],[-87.77223,15.83971],[-87.76534,15.84454],[-87.77371,15.85049],[-87.77139,15.85794],[-87.76216,15.86313],[-87.74813,15.88023],[-87.74511,15.87397],[-87.73044,15.87775],[-87.72792,15.88739],[-87.73123,15.8952],[-87.72545,15.91442],[-87.71439,15.91909],[-87.6816,15.90007],[-87.65741,15.89146],[-87.64705,15.89463],[-87.64043,15.90851],[-87.63644,15.91033],[-87.63802,15.9062],[-87.63163,15.90596],[-87.63004,15.91086],[-87.63272,15.91112],[-87.62627,15.91764],[-87.62699,15.91363],[-87.623,15.91346],[-87.6204,15.92091],[-87.61547,15.91904],[-87.60095,15.92795],[-87.61887,15.91012],[-87.62818,15.90829],[-87.62832,15.90164],[-87.61298,15.87124],[-87.58832,15.84425],[-87.5998,15.85426],[-87.59925,15.84782],[-87.59538,15.84603],[-87.59737,15.84242],[-87.6112,15.84083],[-87.61095,15.84574],[-87.61651,15.83077],[-87.62923,15.81631],[-87.62624,15.7957],[-87.63788,15.77454],[-87.63228,15.77018],[-87.62111,15.77227],[-87.61421,15.77899],[-87.59904,15.77671],[-87.59694,15.786],[-87.59082,15.78833],[-87.58734,15.78113],[-87.58322,15.78191],[-87.58119,15.77058],[-87.55885,15.76922],[-87.54076,15.77313],[-87.52744,15.76608],[-87.50855,15.76587],[-87.54742,15.77531],[-87.58504,15.81463],[-87.59678,15.82207],[-87.60132,15.82824],[-87.59202,15.83264],[-87.58642,15.82905],[-87.58746,15.82183],[-87.57733,15.81465],[-87.56588,15.81159],[-87.5608,15.8058],[-87.55815,15.80864],[-87.55869,15.8165],[-87.57817,15.83139],[-87.58706,15.84321],[-87.54079,15.80477],[-87.52024,15.79397],[-87.52416,15.78769],[-87.51322,15.77836],[-87.50359,15.77467],[-87.52033,15.78712],[-87.52006,15.79341],[-87.48667,15.78273],[-87.45451,15.78326],[-87.45772,15.7768],[-87.45451,15.78057],[-87.45209,15.77785],[-87.45402,15.78032],[-87.45416,15.78269],[-87.45448,15.78349],[-87.4548,15.78354],[-87.43293,15.80272],[-87.43103,15.81412],[-87.40288,15.8153],[-87.3944,15.81926],[-87.37697,15.83828],[-87.37301,15.84833],[-87.21849,15.80305],[-87.13599,15.78871],[-87.09537,15.78782],[-87.0978,15.78696],[-87.04719,15.77598],[-87.01454,15.77714],[-86.99284,15.76809],[-86.94807,15.75882],[-86.94936,15.75552],[-86.94701,15.75358],[-86.94787,15.75937],[-86.95438,15.76029],[-86.91396,15.75545],[-86.91191,15.75328],[-86.91368,15.75552],[-86.89986,15.75603],[-86.89895,15.75265],[-86.89824,15.75263],[-86.89954,15.7562],[-86.89454,15.75993],[-86.88368,15.76342],[-86.83197,15.76721],[-86.80635,15.7797],[-86.77624,15.80144],[-86.76064,15.79856],[-86.76082,15.78868],[-86.76507,15.788],[-86.76195,15.78596],[-86.75871,15.78694],[-86.75995,15.79974],[-86.73035,15.79015],[-86.67572,15.78786],[-86.63789,15.79701],[-86.59606,15.79782],[-86.53274,15.80586],[-86.50031,15.81601],[-86.48234,15.81129]]]}},{"type":"Feature","id":"10453824B39335940856231","properties":{"admin_level":1,"department_code":"10453824B39335940856231","department":"Bay Islands","department_key":"bayislands","centroid_lat":16.09613,"centroid_lon":-86.94891},"geometry":{"type":"MultiPolygon","coordinates":[[[[-83.88967,17.41293],[-83.91239,17.40848],[-83.89937,17.41614],[-83.88967,17.41293]]],[[[-83.91515,17.40994],[-83.92885,17.40366],[-83.93176,17.40615],[-83.94179,17.40144],[-83.94452,17.40453],[-83.94169,17.41112],[-83.93039,17.41077],[-83.93204,17.4136],[-83.92348,17.41752],[-83.91515,17.40994]]],[[[-85.84914,16.5052],[-85.83154,16.50213],[-85.82269,16.50775],[-85.823,16.50131],[-85.81608,16.49741],[-85.81933,16.49073],[-85.83271,16.48422],[-85.84635,16.48302],[-85.85226,16.48617],[-85.84718,16.4687],[-85.86084,16.45236],[-85.86766,16.45281],[-85.86464,16.45314],[-85.86177,16.45529],[-85.87214,16.45798],[-85.89977,16.44143],[-85.91717,16.44993],[-85.914,16.46819],[-85.90526,16.47775],[-85.9076,16.48192],[-85.89882,16.48328],[-85.88774,16.50042],[-85.87853,16.50368],[-85.86642,16.49845],[-85.86335,16.50122],[-85.86755,16.50851],[-85.85844,16.5158],[-85.84322,16.51379],[-85.84165,16.5081],[-85.84914,16.5052]]],[[[-85.91708,16.44957],[-85.91302,16.44651],[-85.91516,16.44393],[-85.91277,16.44629],[-85.89771,16.43801],[-85.92935,16.41824],[-85.93339,16.41093],[-85.95176,16.40256],[-85.93644,16.43189],[-85.93843,16.43656],[-85.93086,16.45364],[-85.92399,16.45568],[-85.91708,16.44957]]],[[[-86.1416,16.42918],[-86.14825,16.43449],[-86.16617,16.42709],[-86.16869,16.42955],[-86.15997,16.44033],[-86.14606,16.4462],[-86.12286,16.44482],[-86.1416,16.42918]]],[[[-86.23028,16.4207],[-86.22425,16.42037],[-86.22721,16.42614],[-86.2221,16.42425],[-86.19739,16.43071],[-86.19021,16.42389],[-86.20393,16.42399],[-86.22653,16.40871],[-86.23028,16.4207]]],[[[-86.48427,16.36621],[-86.46034,16.37939],[-86.45263,16.37515],[-86.43937,16.37869],[-86.42676,16.39063],[-86.40643,16.39635],[-86.39863,16.40517],[-86.39272,16.40196],[-86.38896,16.4073],[-86.35224,16.42135],[-86.34682,16.4167],[-86.34037,16.42211],[-86.31214,16.42561],[-86.31552,16.42987],[-86.30897,16.42688],[-86.30569,16.42987],[-86.27574,16.43131],[-86.26224,16.42276],[-86.26171,16.41734],[-86.26797,16.4199],[-86.27556,16.41035],[-86.2968,16.41479],[-86.29914,16.40712],[-86.3179,16.40363],[-86.32262,16.39349],[-86.33627,16.39396],[-86.33727,16.40948],[-86.34121,16.40404],[-86.33756,16.39196],[-86.34087,16.39674],[-86.34327,16.39246],[-86.35172,16.39155],[-86.3543,16.39913],[-86.35404,16.391],[-86.35844,16.38795],[-86.35359,16.38959],[-86.35811,16.38709],[-86.36405,16.38837],[-86.36562,16.39589],[-86.36673,16.38825],[-86.37344,16.38574],[-86.37623,16.39366],[-86.37647,16.38972],[-86.37987,16.39263],[-86.37797,16.38843],[-86.38087,16.38809],[-86.37475,16.38254],[-86.38172,16.37812],[-86.38746,16.38458],[-86.38559,16.37649],[-86.39215,16.36682],[-86.39986,16.3707],[-86.40316,16.3704],[-86.39968,16.36758],[-86.40991,16.36584],[-86.41095,16.36966],[-86.41371,16.36094],[-86.41847,16.36076],[-86.41633,16.36602],[-86.41972,16.36972],[-86.42005,16.35985],[-86.43187,16.35862],[-86.42671,16.36047],[-86.43221,16.35966],[-86.43064,16.36264],[-86.43536,16.36439],[-86.44013,16.35707],[-86.4535,16.35508],[-86.45932,16.34913],[-86.45318,16.35428],[-86.45213,16.35086],[-86.45916,16.34761],[-86.46073,16.34908],[-86.45973,16.35386],[-86.47577,16.33787],[-86.48565,16.3362],[-86.48401,16.32797],[-86.48791,16.32302],[-86.49428,16.32201],[-86.49656,16.33112],[-86.50707,16.32062],[-86.5121,16.32192],[-86.53241,16.31191],[-86.53018,16.31467],[-86.55093,16.31326],[-86.56513,16.296],[-86.60212,16.26676],[-86.59518,16.29116],[-86.59589,16.30594],[-86.5927,16.30698],[-86.59527,16.30887],[-86.59258,16.31201],[-86.58921,16.30799],[-86.59101,16.31389],[-86.5874,16.31753],[-86.58585,16.31329],[-86.5823,16.3149],[-86.58444,16.31865],[-86.54259,16.34697],[-86.53834,16.34577],[-86.52502,16.35382],[-86.52035,16.34926],[-86.51776,16.35519],[-86.51137,16.35334],[-86.5005,16.35881],[-86.495,16.36659],[-86.48427,16.36621]]],[[[-86.48511,15.97403],[-86.47753,15.97788],[-86.47712,15.98199],[-86.46837,15.97601],[-86.47587,15.9644],[-86.48033,15.96725],[-86.47853,15.97283],[-86.48511,15.97403]]],[[[-86.90313,16.09722],[-86.91293,16.0983],[-86.91166,16.09288],[-86.92387,16.08639],[-86.91389,16.08983],[-86.91847,16.08375],[-86.95557,16.06887],[-86.96685,16.06933],[-86.97038,16.07783],[-86.99005,16.08133],[-86.98939,16.09236],[-86.98126,16.10003],[-86.97221,16.10032],[-86.97104,16.1042],[-86.95696,16.1091],[-86.95385,16.10509],[-86.94363,16.10759],[-86.94133,16.11307],[-86.94422,16.11531],[-86.93401,16.12149],[-86.91092,16.11484],[-86.89593,16.12326],[-86.88373,16.12326],[-86.87328,16.11842],[-86.8735,16.10914],[-86.88294,16.10109],[-86.88206,16.09272],[-86.88853,16.08636],[-86.89408,16.08722],[-86.89268,16.09325],[-86.90068,16.09734],[-86.90991,16.08951],[-86.91274,16.08908],[-86.90902,16.09146],[-86.91035,16.09504],[-86.90313,16.09722]]]]}},{"type":"Feature","id":"10453824B23263650177640","properties":{"admin_level":1,"department_code":"10453824B23263650177640","department":"Choluteca","department_key":"choluteca","centroid_lat":13.36936,"centroid_lon":-87.04925},"geometry":{"type":"MultiPolygon","coordinates":[[[[-87.37363,13.39862],[-87.35546,13.40614],[-87.34231,13.43408],[-87.34552,13.4512],[-87.36704,13.48505],[-87.36005,13.52273],[-87.39224,13.53671],[-87.41525,13.57634],[-87.41129,13.58284],[-87.41499,13.58836],[-87.42801,13.59161],[-87.41041,13.6365],[-87.44994,13.65533],[-87.45711,13.66353],[-87.46454,13.68316],[-87.4597,13.69343],[-87.45922,13.71254],[-87.45062,13.72859],[-87.45588,13.73504],[-87.45608,13.75346],[-87.4523,13.75708],[-87.41879,13.75825],[-87.40164,13.74891],[-87.38123,13.75535],[-87.39444,13.73279],[-87.39405,13.71825],[-87.38577,13.71798],[-87.38141,13.7066],[-87.36173,13.69857],[-87.36354,13.69171],[-87.35965,13.68401],[-87.32556,13.68594],[-87.31699,13.69117],[-87.29021,13.6785],[-87.2808,13.67966],[-87.27584,13.68578],[-87.26816,13.67846],[-87.26341,13.68147],[-87.26459,13.68702],[-87.25309,13.68761],[-87.2116,13.66829],[-87.22473,13.61632],[-87.20123,13.61355],[-87.18607,13.5954],[-87.18444,13.56302],[-87.16961,13.54848],[-87.16053,13.55285],[-87.14208,13.54778],[-87.11333,13.55238],[-87.11337,13.53357],[-87.10871,13.52795],[-87.10793,13.51734],[-87.09851,13.50833],[-87.08132,13.50203],[-87.08024,13.51111],[-87.06636,13.50133],[-87.05618,13.50697],[-87.05019,13.5216],[-87.02598,13.5238],[-87.0251,13.53993],[-87.02096,13.5399],[-86.94003,13.61889],[-86.93173,13.63678],[-86.93132,13.66123],[-86.90544,13.64989],[-86.88646,13.65638],[-86.884,13.64754],[-86.84888,13.66371],[-86.83843,13.68043],[-86.8261,13.67724],[-86.82101,13.68433],[-86.81217,13.67399],[-86.80508,13.67299],[-86.80095,13.68796],[-86.7889,13.70321],[-86.78271,13.69588],[-86.7782,13.7008],[-86.76917,13.70027],[-86.78606,13.66225],[-86.76802,13.65119],[-86.75505,13.65144],[-86.74898,13.63927],[-86.7699,13.5769],[-86.7649,13.57116],[-86.75716,13.571],[-86.74944,13.56528],[-86.74224,13.52775],[-86.74115,13.48653],[-86.72343,13.45684],[-86.72545,13.44518],[-86.7209,13.43452],[-86.74438,13.40195],[-86.73677,13.38142],[-86.71937,13.38066],[-86.70658,13.36508],[-86.71054,13.35916],[-86.70392,13.31667],[-86.70579,13.30281],[-86.75434,13.26746],[-86.7994,13.30273],[-86.82902,13.31328],[-86.83519,13.30574],[-86.8506,13.30049],[-86.86676,13.30456],[-86.8733,13.2958],[-86.87473,13.28079],[-86.90915,13.26879],[-86.91565,13.26],[-86.90564,13.25263],[-86.90774,13.24531],[-86.9132,13.24289],[-86.90954,13.22343],[-86.92255,13.2239],[-86.91576,13.21249],[-86.92138,13.20755],[-86.92016,13.1998],[-86.92427,13.19225],[-86.93191,13.18883],[-86.93297,13.17933],[-86.9134,13.15526],[-86.91366,13.15119],[-86.92382,13.14772],[-86.92373,13.13264],[-86.93445,13.12561],[-86.92774,13.12048],[-86.928,13.10248],[-86.91894,13.1033],[-86.91577,13.09919],[-86.9181,13.09222],[-86.94295,13.06862],[-86.954,13.06374],[-86.95436,13.05534],[-86.95879,13.05207],[-86.95539,13.03751],[-86.9637,13.03017],[-86.97236,13.02863],[-86.97734,13.02125],[-86.98875,13.02371],[-86.99817,13.01921],[-87.0071,13.01136],[-87.00954,13.00307],[-87.01983,12.99962],[-87.01664,13.00531],[-87.02294,13.00815],[-87.02764,13.00246],[-87.02397,12.99135],[-87.02932,12.98593],[-87.04902,12.98827],[-87.05047,12.98097],[-87.05337,12.98596],[-87.04955,12.99239],[-87.06009,12.99306],[-87.06471,13.00238],[-87.30845,12.98767],[-87.29865,13.01515],[-87.28046,13.02334],[-87.28166,13.02652],[-87.30912,13.02268],[-87.322,13.02836],[-87.33264,13.03438],[-87.35547,13.0593],[-87.36835,13.08154],[-87.3407,13.09148],[-87.34157,13.09525],[-87.35496,13.10194],[-87.3632,13.10144],[-87.38963,13.11548],[-87.39939,13.10993],[-87.40185,13.11497],[-87.42449,13.11632],[-87.43066,13.10091],[-87.4262,13.12507],[-87.42951,13.12559],[-87.43193,13.16292],[-87.4384,13.18458],[-87.45835,13.2198],[-87.45454,13.23195],[-87.4673,13.24123],[-87.4689,13.24792],[-87.48623,13.26461],[-87.50412,13.27181],[-87.51357,13.26509],[-87.50518,13.26656],[-87.50682,13.26352],[-87.51373,13.26394],[-87.51452,13.27481],[-87.51127,13.28671],[-87.50076,13.29929],[-87.49293,13.29757],[-87.47363,13.30536],[-87.47492,13.31138],[-87.4696,13.31295],[-87.46447,13.32863],[-87.46708,13.34095],[-87.45678,13.34465],[-87.45765,13.35512],[-87.43909,13.35685],[-87.42404,13.35029],[-87.41048,13.35246],[-87.41317,13.35668],[-87.40956,13.35766],[-87.41316,13.35699],[-87.41327,13.35361],[-87.41781,13.35589],[-87.40874,13.36906],[-87.39143,13.36641],[-87.39071,13.36032],[-87.38833,13.36966],[-87.37994,13.37487],[-87.38429,13.37412],[-87.38104,13.37677],[-87.38518,13.37962],[-87.37931,13.38112],[-87.38534,13.38209],[-87.37977,13.38304],[-87.37882,13.38963],[-87.3776,13.38374],[-87.372,13.39003],[-87.37562,13.38847],[-87.37312,13.39113],[-87.3756,13.39625],[-87.3781,13.39282],[-87.37883,13.39866],[-87.3755,13.39989],[-87.372,13.39433],[-87.3669,13.39615],[-87.37196,13.39465],[-87.37363,13.39862]]],[[[-87.38012,13.39428],[-87.39131,13.38519],[-87.38823,13.38478],[-87.38774,13.37338],[-87.39701,13.36946],[-87.40235,13.37194],[-87.40146,13.37981],[-87.39502,13.37442],[-87.39669,13.37886],[-87.39234,13.37691],[-87.39123,13.37857],[-87.39871,13.38092],[-87.394,13.38236],[-87.39292,13.37939],[-87.39143,13.3827],[-87.3982,13.38556],[-87.39922,13.3814],[-87.40485,13.38193],[-87.4027,13.38906],[-87.40687,13.38468],[-87.41153,13.38557],[-87.40959,13.39262],[-87.40629,13.39156],[-87.4149,13.39722],[-87.41291,13.39871],[-87.41231,13.40108],[-87.40544,13.3975],[-87.39827,13.40104],[-87.39859,13.38993],[-87.39754,13.38825],[-87.39578,13.38814],[-87.39277,13.39027],[-87.39716,13.38902],[-87.39834,13.39295],[-87.39386,13.4017],[-87.38628,13.39467],[-87.38012,13.39428]]],[[[-87.41145,13.39278],[-87.41336,13.38549],[-87.40396,13.37976],[-87.40408,13.37492],[-87.42002,13.37898],[-87.41943,13.38303],[-87.4139,13.38139],[-87.41585,13.38495],[-87.42008,13.38364],[-87.41145,13.39278]]],[[[-87.42509,13.35947],[-87.42628,13.38035],[-87.42116,13.38267],[-87.42202,13.37754],[-87.4231,13.37885],[-87.425,13.37854],[-87.42259,13.37668],[-87.42017,13.37736],[-87.41809,13.37281],[-87.42014,13.37464],[-87.42305,13.37296],[-87.41785,13.37136],[-87.41781,13.37555],[-87.41335,13.37646],[-87.40781,13.37351],[-87.41923,13.36873],[-87.42509,13.35947]]],[[[-87.423,13.38267],[-87.42309,13.39132],[-87.41672,13.40415],[-87.41345,13.39901],[-87.41786,13.39565],[-87.41163,13.39367],[-87.41832,13.39146],[-87.423,13.38267]]]]}},{"type":"Feature","id":"10453824B27729717308702","properties":{"admin_level":1,"department_code":"10453824B27729717308702","department":"Colón","department_key":"colon","centroid_lat":15.54872,"centroid_lon":-85.30992},"geometry":{"type":"Polygon","coordinates":[[[-84.99959,15.98101],[-84.99991,15.07098],[-85.09806,15.18066],[-85.23728,15.21544],[-85.33307,15.33798],[-85.37757,15.40312],[-85.51829,15.45301],[-85.53958,15.4674],[-85.5988,15.52952],[-85.67283,15.59623],[-85.70927,15.56879],[-85.73456,15.56702],[-85.74726,15.57042],[-85.76277,15.58575],[-85.78555,15.57712],[-85.78955,15.56901],[-85.7853,15.56053],[-85.78895,15.55086],[-85.81358,15.54412],[-85.83465,15.51592],[-85.86529,15.52543],[-85.86718,15.52915],[-85.88598,15.52787],[-85.89623,15.51513],[-85.88941,15.50112],[-85.89409,15.49512],[-85.93554,15.45947],[-85.94812,15.45951],[-85.96795,15.43676],[-85.97228,15.42091],[-85.98086,15.41301],[-86.03069,15.39387],[-86.04013,15.38398],[-86.0452,15.38464],[-86.05241,15.39482],[-86.0694,15.39345],[-86.08764,15.39742],[-86.09382,15.3848],[-86.10433,15.39105],[-86.11708,15.37765],[-86.12987,15.37181],[-86.1421,15.3714],[-86.14946,15.36689],[-86.16506,15.36927],[-86.23198,15.40746],[-86.2323,15.43799],[-86.24234,15.44982],[-86.22934,15.46079],[-86.23497,15.47009],[-86.22904,15.4777],[-86.2323,15.48381],[-86.2286,15.49579],[-86.23843,15.52363],[-86.2499,15.52882],[-86.26657,15.52207],[-86.27132,15.52981],[-86.27681,15.52839],[-86.28034,15.53422],[-86.29011,15.53127],[-86.29994,15.53688],[-86.31358,15.53651],[-86.31521,15.54076],[-86.31947,15.53795],[-86.32137,15.54153],[-86.34974,15.54012],[-86.35774,15.53491],[-86.37631,15.53645],[-86.37895,15.54657],[-86.39127,15.55752],[-86.40116,15.57383],[-86.40753,15.59334],[-86.38212,15.59607],[-86.36341,15.60554],[-86.36198,15.67549],[-86.3754,15.67907],[-86.38117,15.67527],[-86.38923,15.68345],[-86.39558,15.67926],[-86.39928,15.69456],[-86.3942,15.69898],[-86.39688,15.70751],[-86.4046,15.71384],[-86.40363,15.72224],[-86.41697,15.71894],[-86.43714,15.7212],[-86.44493,15.72824],[-86.44428,15.73584],[-86.44884,15.7378],[-86.44907,15.75021],[-86.44307,15.75779],[-86.4498,15.78202],[-86.43392,15.78036],[-86.45731,15.79527],[-86.41342,15.77867],[-86.40306,15.77924],[-86.39434,15.78673],[-86.36941,15.78031],[-86.35797,15.78153],[-86.33269,15.80112],[-86.28366,15.8142],[-86.27428,15.82438],[-86.26121,15.83096],[-86.25377,15.84388],[-86.2443,15.84708],[-86.22192,15.8711],[-86.20096,15.88099],[-86.17987,15.88768],[-86.16177,15.88761],[-86.13138,15.89754],[-86.12603,15.9037],[-86.10717,15.8994],[-86.06345,15.89792],[-85.98984,15.90524],[-85.96012,15.92083],[-85.94615,15.9229],[-85.92414,15.94387],[-85.92009,15.94218],[-85.91429,15.94451],[-85.90757,15.95252],[-85.9091,15.94884],[-85.90164,15.95639],[-85.90273,15.96163],[-85.87279,15.93798],[-85.86731,15.93844],[-85.85027,15.94259],[-85.84035,15.95529],[-85.83132,15.95202],[-85.8297,15.95601],[-85.83902,15.9558],[-85.83255,15.97006],[-85.81696,15.97114],[-85.81729,15.98273],[-85.85686,15.99833],[-85.88522,15.98375],[-85.86799,15.99522],[-85.87105,15.99523],[-85.86948,15.99933],[-85.87729,15.99909],[-85.88839,15.99303],[-85.88636,15.99004],[-85.89151,15.97987],[-85.88898,15.983],[-85.88607,15.97628],[-85.89928,15.96948],[-85.91549,15.94561],[-85.92302,15.94343],[-85.91366,15.96507],[-85.91102,15.98459],[-85.91378,15.99699],[-85.92134,16.00684],[-85.93778,16.01079],[-85.96177,16.00846],[-85.96229,16.01104],[-85.96734,16.01004],[-85.9623,16.00847],[-85.96886,16.00496],[-85.98121,16.00458],[-85.9933,16.01466],[-86.01197,16.02089],[-86.01109,16.02659],[-85.8595,16.0064],[-85.72871,15.97268],[-85.69526,15.95933],[-85.65122,15.92895],[-85.60481,15.90315],[-85.52312,15.87192],[-85.46486,15.8597],[-85.44342,15.86238],[-85.42884,15.87245],[-85.391,15.87887],[-85.32396,15.87616],[-85.23391,15.88807],[-85.17731,15.90872],[-85.11158,15.96099],[-85.07322,15.98047],[-85.039,15.98649],[-84.99959,15.98101]]]}},{"type":"Feature","id":"10453824B65572632187118","properties":{"admin_level":1,"department_code":"10453824B65572632187118","department":"Comayagua","department_key":"comayagua","centroid_lat":14.56023,"centroid_lon":-87.67774},"geometry":{"type":"Polygon","coordinates":[[[-88.06913,14.65613],[-88.05435,14.6637],[-88.04653,14.68388],[-88.06391,14.71835],[-88.03784,14.74945],[-87.86354,14.86844],[-87.85701,14.88043],[-87.84675,14.88698],[-87.84069,14.90429],[-87.83467,14.90689],[-87.82891,14.90432],[-87.82479,14.90763],[-87.82724,14.90973],[-87.81737,14.9106],[-87.81404,14.91721],[-87.81027,14.91275],[-87.80214,14.91779],[-87.79843,14.93139],[-87.78345,14.92736],[-87.77953,14.94272],[-87.75832,14.94709],[-87.74097,14.95794],[-87.73502,14.96929],[-87.7435,15.00494],[-87.73523,15.01838],[-87.73345,15.01288],[-87.72772,15.01115],[-87.70656,15.01106],[-87.67005,15.02167],[-87.64148,15.02037],[-87.62173,15.01132],[-87.58932,15.02078],[-87.57071,15.04319],[-87.55108,15.0552],[-87.5397,15.05388],[-87.51752,15.03987],[-87.50752,15.02619],[-87.5028,15.0162],[-87.50616,15.01195],[-87.504,14.994],[-87.49569,14.98932],[-87.49567,14.98213],[-87.48507,14.97676],[-87.47424,14.97939],[-87.47715,14.96967],[-87.46215,14.9711],[-87.46479,14.96401],[-87.46007,14.95526],[-87.4646,14.94593],[-87.45355,14.93752],[-87.45851,14.92926],[-87.45334,14.92646],[-87.45529,14.91519],[-87.44975,14.90917],[-87.43284,14.9106],[-87.42426,14.90451],[-87.41784,14.90971],[-87.40679,14.9077],[-87.404,14.91798],[-87.39467,14.91902],[-87.37692,14.93816],[-87.35748,14.94116],[-87.34306,14.93038],[-87.32611,14.93117],[-87.31955,14.92725],[-87.31403,14.93196],[-87.29925,14.91355],[-87.29382,14.91442],[-87.28983,14.92487],[-87.28084,14.92686],[-87.27277,14.92174],[-87.26451,14.90623],[-87.23387,14.88837],[-87.21912,14.88443],[-87.21669,14.87662],[-87.22231,14.87512],[-87.22361,14.87044],[-87.21684,14.86991],[-87.20931,14.85858],[-87.21132,14.84721],[-87.22742,14.84254],[-87.24486,14.84612],[-87.26328,14.82704],[-87.26642,14.81218],[-87.26035,14.80926],[-87.25938,14.79791],[-87.25095,14.78807],[-87.25405,14.76823],[-87.24941,14.76506],[-87.2497,14.74345],[-87.25574,14.73694],[-87.25597,14.72518],[-87.26842,14.72454],[-87.26484,14.72065],[-87.26798,14.71503],[-87.2652,14.71105],[-87.27172,14.70401],[-87.26562,14.69865],[-87.27459,14.69709],[-87.27696,14.69109],[-87.28371,14.69157],[-87.28478,14.68642],[-87.29329,14.68709],[-87.30442,14.675],[-87.31462,14.67777],[-87.31818,14.66657],[-87.31277,14.66669],[-87.31412,14.66262],[-87.3208,14.66218],[-87.3244,14.66895],[-87.33026,14.66515],[-87.32427,14.64723],[-87.33112,14.63957],[-87.32568,14.63287],[-87.33084,14.63346],[-87.33515,14.6259],[-87.33238,14.61635],[-87.33706,14.61176],[-87.33651,14.60609],[-87.36503,14.60938],[-87.36595,14.61722],[-87.37705,14.61492],[-87.39724,14.62364],[-87.40489,14.62164],[-87.40238,14.60695],[-87.41128,14.58574],[-87.40762,14.57452],[-87.41235,14.57467],[-87.46848,14.52326],[-87.45483,14.47606],[-87.43925,14.47355],[-87.41259,14.44712],[-87.40233,14.44851],[-87.40362,14.42944],[-87.41959,14.42158],[-87.40365,14.41525],[-87.39625,14.41663],[-87.38426,14.39461],[-87.40215,14.34534],[-87.43062,14.33919],[-87.44236,14.33126],[-87.45254,14.33592],[-87.46468,14.333],[-87.4682,14.32716],[-87.4616,14.26424],[-87.44256,14.24849],[-87.43056,14.24505],[-87.42463,14.22418],[-87.43261,14.21424],[-87.47211,14.21097],[-87.47807,14.20216],[-87.48693,14.19819],[-87.4978,14.18149],[-87.49819,14.17535],[-87.49061,14.17019],[-87.5417,14.13359],[-87.57978,14.14382],[-87.58642,14.13972],[-87.61724,14.10648],[-87.61235,14.0773],[-87.63069,14.07379],[-87.65937,14.05524],[-87.74195,14.11679],[-87.77411,14.12016],[-87.78367,14.13196],[-87.77498,14.15303],[-87.76368,14.15977],[-87.81409,14.19011],[-87.81061,14.20444],[-87.78019,14.20697],[-87.76976,14.23983],[-87.74803,14.23477],[-87.72022,14.24235],[-87.70457,14.24067],[-87.67241,14.24572],[-87.62808,14.26089],[-87.60809,14.29458],[-87.63698,14.32687],[-87.64659,14.37114],[-87.65149,14.36866],[-87.6594,14.37343],[-87.70132,14.34638],[-87.71295,14.35611],[-87.73252,14.35923],[-87.75428,14.3717],[-87.78273,14.37382],[-87.78926,14.39224],[-87.83565,14.39482],[-87.84841,14.42077],[-87.85535,14.4273],[-87.84765,14.4338],[-87.85173,14.44847],[-87.88659,14.48451],[-87.89876,14.50303],[-87.90224,14.53163],[-87.92049,14.54594],[-87.94918,14.60567],[-88.04305,14.63594],[-88.05957,14.62585],[-88.06913,14.65613]]]}},{"type":"Feature","id":"10453824B73363653217090","properties":{"admin_level":1,"department_code":"10453824B73363653217090","department":"Copán","department_key":"copan","centroid_lat":14.89247,"centroid_lon":-88.92999},"geometry":{"type":"Polygon","coordinates":[[[-88.75929,15.29428],[-88.70953,15.24412],[-88.72103,15.21795],[-88.64773,15.15674],[-88.63846,15.12066],[-88.63755,15.07623],[-88.64585,15.06904],[-88.65626,15.06814],[-88.67564,15.04847],[-88.68172,14.99912],[-88.68622,14.99571],[-88.70432,14.95252],[-88.68729,14.91954],[-88.67001,14.91277],[-88.64485,14.92302],[-88.6393,14.90056],[-88.64938,14.88437],[-88.64904,14.87547],[-88.64361,14.86842],[-88.65442,14.86765],[-88.65785,14.86007],[-88.65364,14.84614],[-88.66941,14.83652],[-88.67985,14.81612],[-88.67621,14.80689],[-88.68124,14.78715],[-88.67909,14.78268],[-88.66736,14.77812],[-88.66946,14.77292],[-88.66443,14.76851],[-88.66443,14.7551],[-88.65937,14.75131],[-88.66414,14.74363],[-88.65805,14.74027],[-88.65748,14.73141],[-88.65322,14.73057],[-88.65262,14.71892],[-88.6565,14.71624],[-88.66055,14.72175],[-88.66471,14.71668],[-88.668,14.72129],[-88.67377,14.71889],[-88.68121,14.72329],[-88.69123,14.71139],[-88.70397,14.71356],[-88.73173,14.70687],[-88.75719,14.71558],[-88.77352,14.71216],[-88.78622,14.71872],[-88.79242,14.71692],[-88.79615,14.70761],[-88.79589,14.68663],[-88.78816,14.68277],[-88.7904,14.67851],[-88.77533,14.651],[-88.76119,14.64893],[-88.75403,14.64325],[-88.73355,14.61142],[-88.75869,14.59351],[-88.77748,14.54956],[-88.7977,14.54385],[-88.81167,14.53317],[-88.82596,14.53734],[-88.82555,14.49959],[-88.84649,14.49461],[-88.85284,14.51023],[-88.89456,14.51721],[-88.91224,14.55543],[-88.92889,14.55925],[-88.92734,14.60195],[-88.95881,14.63145],[-88.98348,14.6432],[-88.99826,14.65768],[-89.00441,14.6674],[-89.00232,14.67759],[-89.01002,14.69033],[-89.00783,14.69654],[-89.01405,14.71559],[-89.04132,14.71974],[-89.05152,14.71571],[-89.06876,14.71741],[-89.08316,14.72678],[-89.13129,14.71262],[-89.1654,14.73108],[-89.16891,14.77503],[-89.19439,14.79724],[-89.22377,14.83474],[-89.22808,14.88255],[-89.20362,14.90203],[-89.19375,14.9016],[-89.18396,14.90714],[-89.17982,14.92258],[-89.17268,14.92876],[-89.17522,14.9413],[-89.16638,14.9452],[-89.16409,14.96994],[-89.1567,14.97936],[-89.17922,14.99409],[-89.1796,14.99966],[-89.18443,15.00248],[-89.16965,15.02818],[-89.17551,15.03602],[-89.16513,15.04114],[-89.15564,15.05227],[-89.1536,15.06828],[-88.97384,15.13625],[-88.84563,15.2432],[-88.75929,15.29428]]]}},{"type":"Feature","id":"10453824B86429592273305","properties":{"admin_level":1,"department_code":"10453824B86429592273305","department":"Cortés","department_key":"cortes","centroid_lat":15.36257,"centroid_lon":-87.99512},"geometry":{"type":"Polygon","coordinates":[[[-87.71916,15.91814],[-87.72809,15.91079],[-87.73044,15.87775],[-87.74511,15.87397],[-87.74813,15.88023],[-87.76216,15.86313],[-87.77139,15.85794],[-87.77371,15.85049],[-87.76534,15.84454],[-87.77223,15.83971],[-87.77365,15.82526],[-87.76922,15.82024],[-87.77315,15.81867],[-87.78409,15.82747],[-87.78605,15.82458],[-87.77918,15.80825],[-87.78579,15.80581],[-87.79648,15.81224],[-87.79314,15.79726],[-87.8022,15.78952],[-87.79912,15.7869],[-87.79075,15.78944],[-87.78067,15.77597],[-87.78646,15.75912],[-87.78161,15.75978],[-87.77831,15.77265],[-87.77352,15.77471],[-87.76421,15.76064],[-87.76541,15.74718],[-87.75576,15.73264],[-87.77555,15.73274],[-87.77211,15.71843],[-87.78018,15.71042],[-87.78527,15.71116],[-87.79176,15.72363],[-87.80133,15.72354],[-87.80292,15.70843],[-87.82601,15.70033],[-87.83815,15.68681],[-87.83142,15.68976],[-87.81854,15.68554],[-87.8065,15.69122],[-87.80506,15.68225],[-87.81605,15.68439],[-87.82232,15.68141],[-87.82941,15.66031],[-87.8194,15.65326],[-87.81168,15.66538],[-87.80455,15.66331],[-87.81017,15.64625],[-87.79708,15.63779],[-87.78095,15.64195],[-87.77082,15.63773],[-87.7691,15.63319],[-87.77413,15.61968],[-87.76284,15.61042],[-87.76438,15.59388],[-87.78013,15.59822],[-87.78421,15.59223],[-87.77722,15.57813],[-87.77155,15.57524],[-87.77157,15.57015],[-87.77902,15.56728],[-87.79483,15.58325],[-87.80534,15.57897],[-87.79882,15.5595],[-87.8157,15.55124],[-87.8136,15.53344],[-87.80471,15.52521],[-87.80673,15.51981],[-87.8137,15.52085],[-87.82168,15.52943],[-87.83194,15.52815],[-87.8261,15.5144],[-87.83478,15.50811],[-87.83636,15.49972],[-87.82374,15.4926],[-87.82199,15.48887],[-87.82737,15.47594],[-87.80909,15.46754],[-87.80969,15.45615],[-87.82016,15.44128],[-87.82692,15.43883],[-87.83296,15.45895],[-87.85931,15.45918],[-87.86466,15.45509],[-87.86285,15.4488],[-87.82562,15.43263],[-87.81864,15.40655],[-87.82543,15.40052],[-87.83845,15.40402],[-87.84663,15.37902],[-87.88023,15.35206],[-87.87707,15.34536],[-87.86414,15.34619],[-87.86533,15.33605],[-87.87206,15.33456],[-87.88509,15.34598],[-87.88793,15.33111],[-87.894,15.3235],[-87.91713,15.32436],[-87.91639,15.31672],[-87.9075,15.31351],[-87.90513,15.30618],[-87.9234,15.30347],[-87.92866,15.29516],[-87.92592,15.29155],[-87.91188,15.28998],[-87.91024,15.274],[-87.92318,15.27498],[-87.93181,15.26987],[-87.93822,15.24498],[-87.93628,15.23464],[-87.92494,15.24585],[-87.92046,15.24296],[-87.92657,15.23314],[-87.91865,15.22842],[-87.91829,15.22222],[-87.92494,15.21376],[-87.91628,15.21025],[-87.92646,15.20744],[-87.92543,15.19956],[-87.91251,15.19882],[-87.90154,15.19068],[-87.86708,15.19265],[-87.86057,15.18136],[-87.84834,15.17435],[-87.85088,15.1634],[-87.84609,15.15963],[-87.83219,15.15771],[-87.81894,15.16107],[-87.81323,15.15019],[-87.80268,15.15627],[-87.79533,15.15112],[-87.79659,15.13995],[-87.78078,15.13451],[-87.77036,15.13974],[-87.75502,15.13373],[-87.74547,15.1177],[-87.73449,15.1114],[-87.73782,15.09012],[-87.73195,15.08196],[-87.74445,15.07465],[-87.7444,15.06037],[-87.75006,15.04652],[-87.74533,15.02892],[-87.73523,15.01838],[-87.7435,15.00494],[-87.73502,14.96929],[-87.74097,14.95794],[-87.75832,14.94709],[-87.77953,14.94272],[-87.78345,14.92736],[-87.79843,14.93139],[-87.80214,14.91779],[-87.81027,14.91275],[-87.81404,14.91721],[-87.81737,14.9106],[-87.82724,14.90973],[-87.82479,14.90763],[-87.82891,14.90432],[-87.83467,14.90689],[-87.84069,14.90429],[-87.84675,14.88698],[-87.85701,14.88043],[-87.86354,14.86844],[-87.9771,14.79093],[-87.99345,14.82059],[-87.98381,14.87656],[-87.99389,14.89572],[-88.01535,14.91275],[-88.02847,14.92835],[-88.02865,14.93417],[-88.05101,14.93071],[-88.04913,14.9957],[-88.03958,15.00561],[-88.03768,15.02008],[-88.02839,15.02399],[-88.02899,15.03279],[-88.016,15.04626],[-88.03993,15.05157],[-88.0565,15.07267],[-88.06688,15.07474],[-88.09061,15.07059],[-88.09147,15.08257],[-88.13286,15.11703],[-88.08988,15.17071],[-88.08224,15.17427],[-88.08344,15.18404],[-88.07511,15.19141],[-88.0667,15.19257],[-88.06567,15.20243],[-88.05878,15.2116],[-88.05363,15.21252],[-88.09234,15.22824],[-88.10824,15.26578],[-88.10042,15.34375],[-88.1449,15.38066],[-88.14717,15.37674],[-88.16446,15.37308],[-88.17722,15.38672],[-88.18645,15.38799],[-88.19387,15.40215],[-88.21609,15.41314],[-88.23033,15.41517],[-88.24198,15.43499],[-88.24002,15.44031],[-88.24328,15.44601],[-88.23644,15.46053],[-88.24135,15.46911],[-88.23785,15.48541],[-88.24176,15.48729],[-88.24612,15.50243],[-88.41073,15.54729],[-88.47197,15.51311],[-88.34458,15.61854],[-88.32354,15.65143],[-88.32473,15.67246],[-88.31803,15.67111],[-88.31244,15.68016],[-88.30432,15.67147],[-88.28213,15.67508],[-88.28001,15.68028],[-88.28591,15.68793],[-88.28426,15.69222],[-88.27503,15.68516],[-88.26654,15.69137],[-88.26349,15.68179],[-88.25781,15.68614],[-88.26249,15.69491],[-88.25378,15.68807],[-88.24841,15.68866],[-88.24237,15.70888],[-88.25036,15.7211],[-88.22704,15.72314],[-88.15468,15.68211],[-88.1202,15.6874],[-88.10253,15.70667],[-88.10377,15.7161],[-88.10996,15.70979],[-88.10888,15.71804],[-88.10108,15.72768],[-88.08374,15.73372],[-88.07611,15.74846],[-88.04808,15.76342],[-88.04211,15.77763],[-88.04556,15.7764],[-88.0479,15.78227],[-87.9985,15.78679],[-87.97847,15.79676],[-87.97469,15.80281],[-87.95185,15.80701],[-87.93695,15.81726],[-87.93294,15.8283],[-87.92644,15.82784],[-87.924,15.83389],[-87.91627,15.82895],[-87.90598,15.83291],[-87.89344,15.85753],[-87.89822,15.85177],[-87.90138,15.85189],[-87.9002,15.85197],[-87.89899,15.85306],[-87.89399,15.85979],[-87.89269,15.85839],[-87.88719,15.85834],[-87.89411,15.85993],[-87.90089,15.85207],[-87.89726,15.85906],[-87.91406,15.85823],[-87.93159,15.84098],[-87.92959,15.82822],[-87.93618,15.84058],[-87.96382,15.84508],[-87.9594,15.85761],[-87.95198,15.86434],[-87.90536,15.86364],[-87.87064,15.88941],[-87.84695,15.89015],[-87.83447,15.89845],[-87.81346,15.90213],[-87.78874,15.89651],[-87.75353,15.89501],[-87.73231,15.91845],[-87.71916,15.91814]]]}},{"type":"Feature","id":"10453824B59135534570849","properties":{"admin_level":1,"department_code":"10453824B59135534570849","department":"El Paraíso","department_key":"elparaiso","centroid_lat":13.96113,"centroid_lon":-86.56344},"geometry":{"type":"Polygon","coordinates":[[[-86.76917,13.70027],[-86.7782,13.7008],[-86.78271,13.69588],[-86.7889,13.70321],[-86.80095,13.68796],[-86.80508,13.67299],[-86.81217,13.67399],[-86.82101,13.68433],[-86.8261,13.67724],[-86.83843,13.68043],[-86.84888,13.66371],[-86.884,13.64754],[-86.88646,13.65638],[-86.90544,13.64989],[-86.93132,13.66123],[-86.93173,13.63678],[-86.94003,13.61889],[-87.02096,13.5399],[-87.0251,13.53993],[-87.02598,13.5238],[-87.05019,13.5216],[-87.05618,13.50697],[-87.06636,13.50133],[-87.08024,13.51111],[-87.08132,13.50203],[-87.10342,13.51144],[-87.11337,13.53357],[-87.11333,13.55238],[-87.14208,13.54778],[-87.16053,13.55285],[-87.16961,13.54848],[-87.18444,13.56302],[-87.18607,13.5954],[-87.20123,13.61355],[-87.22473,13.61632],[-87.2116,13.66829],[-87.18384,13.68596],[-87.14288,13.66134],[-87.12356,13.65395],[-87.13152,13.67206],[-87.11572,13.6984],[-87.10113,13.71255],[-87.11452,13.72579],[-87.11949,13.7413],[-87.11604,13.74454],[-87.12016,13.74818],[-87.1114,13.76983],[-87.11661,13.7713],[-87.11801,13.77737],[-87.12197,13.77609],[-87.13097,13.79195],[-87.12696,13.7985],[-87.12102,13.79726],[-87.12198,13.80489],[-87.11584,13.8096],[-87.08665,13.78956],[-87.08167,13.77571],[-87.04998,13.77043],[-87.0326,13.77276],[-87.03119,13.76264],[-87.01608,13.77576],[-87.01244,13.79416],[-86.99568,13.82182],[-86.98902,13.84634],[-86.99534,13.85873],[-86.98607,13.88676],[-86.98984,13.90202],[-86.99756,13.90953],[-86.98677,13.92887],[-86.98005,13.93327],[-86.98484,13.93805],[-86.99106,13.96281],[-86.98374,13.96908],[-86.9838,13.96303],[-86.97926,13.9601],[-86.96005,13.95775],[-86.95577,13.95164],[-86.9489,13.95147],[-86.91447,13.98851],[-86.91915,14.0009],[-86.91119,14.002],[-86.90998,14.05349],[-86.9448,14.06357],[-86.94738,14.08462],[-86.97145,14.10054],[-86.98766,14.12496],[-86.97358,14.14313],[-86.95358,14.1417],[-86.93463,14.1338],[-86.91714,14.13388],[-86.91407,14.13008],[-86.91308,14.13766],[-86.89686,14.16027],[-86.91108,14.16995],[-86.92063,14.17171],[-86.92596,14.16742],[-86.92837,14.17088],[-86.92436,14.17555],[-86.93067,14.18182],[-86.91041,14.19203],[-86.89677,14.23097],[-86.85926,14.26583],[-86.84235,14.29236],[-86.83033,14.2912],[-86.82707,14.29478],[-86.83154,14.33195],[-86.7133,14.42249],[-86.7096,14.4155],[-86.68967,14.41551],[-86.65951,14.39945],[-86.65409,14.39938],[-86.64503,14.40804],[-86.6354,14.40502],[-86.62838,14.40729],[-86.62669,14.39838],[-86.61461,14.39343],[-86.61442,14.38428],[-86.60842,14.37357],[-86.59775,14.38159],[-86.52226,14.3639],[-86.5086,14.35334],[-86.50255,14.33741],[-86.46396,14.33317],[-86.44819,14.31342],[-86.44097,14.28919],[-86.35635,14.28225],[-86.34332,14.28462],[-86.31682,14.2977],[-86.29474,14.31947],[-86.28176,14.32127],[-86.27414,14.32932],[-86.25867,14.33442],[-86.24962,14.34541],[-86.18644,14.36062],[-86.14808,14.26615],[-86.06961,14.24787],[-86.07017,14.2618],[-86.05967,14.27097],[-86.05276,14.27149],[-86.0368,14.26378],[-86.0203,14.26347],[-85.99882,14.22738],[-85.99354,14.18683],[-85.98293,14.17971],[-85.94032,14.17177],[-85.95176,14.13326],[-85.94733,14.1238],[-85.92282,14.14037],[-85.90555,14.12646],[-85.88599,14.12923],[-85.87404,14.14064],[-85.87228,14.147],[-85.87605,14.15715],[-85.872,14.16337],[-85.85025,14.17261],[-85.84625,14.1809],[-85.82866,14.18751],[-85.8075,14.16263],[-85.79436,14.16091],[-85.78681,14.16315],[-85.77486,14.17701],[-85.76716,14.19819],[-85.75782,14.20081],[-85.75195,14.1907],[-85.73789,14.18487],[-85.71255,14.19044],[-85.70356,14.18307],[-85.68972,14.18224],[-85.66567,14.17231],[-85.65819,14.17703],[-85.66141,14.18395],[-85.65295,14.19226],[-85.6354,14.16717],[-85.61844,14.16047],[-85.61034,14.13861],[-85.60422,14.13397],[-85.60943,14.09573],[-85.60055,14.09309],[-85.58453,14.07972],[-85.57751,14.08304],[-85.56885,14.07077],[-85.56976,14.06443],[-85.57417,14.06461],[-85.5784,14.05897],[-85.57688,14.04396],[-85.58531,14.04021],[-85.59072,14.04492],[-85.60388,14.02661],[-85.6154,14.01931],[-85.62365,14.02115],[-85.62468,14.00921],[-85.6639,14.01204],[-85.66732,13.9857],[-85.67641,13.97996],[-85.68342,13.98053],[-85.68657,13.98835],[-85.70677,13.99299],[-85.72403,13.98203],[-85.72412,13.97622],[-85.73294,13.96972],[-85.75337,13.9678],[-85.75218,13.95654],[-85.75763,13.95152],[-85.75191,13.93035],[-85.75724,13.91226],[-85.75534,13.90467],[-85.76408,13.88423],[-85.7384,13.87098],[-85.73333,13.86149],[-85.74218,13.85314],[-85.73796,13.84308],[-85.74676,13.83982],[-85.75218,13.83223],[-85.75522,13.84659],[-85.75903,13.84307],[-85.76622,13.84919],[-85.77451,13.84915],[-85.78541,13.84221],[-85.79058,13.84458],[-85.79365,13.84191],[-85.81974,13.84924],[-85.82097,13.85902],[-85.82678,13.85742],[-85.82639,13.87001],[-85.84191,13.88435],[-85.8369,13.88781],[-85.84124,13.88953],[-85.8376,13.89314],[-85.8416,13.89576],[-85.836,13.90479],[-85.84207,13.90659],[-85.84331,13.91078],[-85.83854,13.91116],[-85.84542,13.91763],[-85.86897,13.92203],[-85.88197,13.92957],[-85.88874,13.92533],[-85.89226,13.90439],[-85.91374,13.90846],[-85.91625,13.91647],[-85.9127,13.92598],[-85.91852,13.9376],[-85.92161,13.93151],[-85.95406,13.95087],[-85.96444,13.9509],[-85.96658,13.96018],[-85.97692,13.96208],[-85.98347,13.96928],[-85.99516,13.96378],[-85.99511,13.96956],[-86.00062,13.97162],[-86.00231,13.97816],[-86.0105,13.9864],[-86.01569,13.98645],[-86.01701,13.99198],[-86.02243,13.99148],[-86.02444,13.99767],[-86.03004,13.99834],[-86.03369,13.99411],[-86.04172,13.99586],[-86.00855,14.05552],[-86.01123,14.06091],[-86.00349,14.07017],[-86.01144,14.08025],[-86.03925,14.0773],[-86.04305,14.06955],[-86.07614,14.07003],[-86.07707,14.06382],[-86.08599,14.0654],[-86.10735,14.05849],[-86.11849,14.04476],[-86.13488,14.05012],[-86.13374,14.04366],[-86.15298,14.035],[-86.15721,14.02433],[-86.15414,14.01728],[-86.14425,14.0139],[-86.14074,13.99951],[-86.14903,14.00044],[-86.16381,13.9828],[-86.17097,13.97966],[-86.18683,13.98631],[-86.1907,13.98403],[-86.186,13.95536],[-86.19583,13.95498],[-86.19815,13.9472],[-86.19551,13.94242],[-86.20082,13.93673],[-86.21774,13.9368],[-86.22646,13.92411],[-86.22185,13.91498],[-86.2254,13.90807],[-86.24321,13.90428],[-86.24921,13.8866],[-86.25715,13.88721],[-86.25691,13.88047],[-86.26617,13.88115],[-86.2783,13.87596],[-86.2763,13.86857],[-86.2815,13.85636],[-86.29881,13.85333],[-86.2971,13.84672],[-86.30294,13.83871],[-86.29474,13.82582],[-86.29622,13.81609],[-86.30352,13.815],[-86.30493,13.80656],[-86.31653,13.80302],[-86.31605,13.79273],[-86.33226,13.76913],[-86.34618,13.76856],[-86.35063,13.76304],[-86.35571,13.76604],[-86.36712,13.76327],[-86.37836,13.77134],[-86.38674,13.76197],[-86.41696,13.75909],[-86.42511,13.76554],[-86.43671,13.763],[-86.44359,13.76726],[-86.4537,13.78985],[-86.47422,13.77138],[-86.4816,13.77716],[-86.48373,13.77169],[-86.49075,13.76948],[-86.49496,13.77383],[-86.51357,13.77544],[-86.52161,13.78018],[-86.52292,13.78899],[-86.53845,13.80528],[-86.55087,13.79733],[-86.56063,13.8019],[-86.58514,13.78438],[-86.59508,13.78891],[-86.60924,13.78176],[-86.62795,13.7881],[-86.64458,13.77649],[-86.64924,13.77987],[-86.65873,13.77498],[-86.66392,13.77683],[-86.66614,13.78434],[-86.72315,13.7872],[-86.76584,13.76619],[-86.77155,13.75281],[-86.76535,13.74507],[-86.76055,13.72445],[-86.77006,13.70572],[-86.76917,13.70027]]]}},{"type":"Feature","id":"10453824B24427405220616","properties":{"admin_level":1,"department_code":"10453824B24427405220616","department":"Francisco Morazán","department_key":"franciscomorazan","centroid_lat":14.34227,"centroid_lon":-87.11723},"geometry":{"type":"Polygon","coordinates":[[[-87.2116,13.66829],[-87.25309,13.68761],[-87.26459,13.68702],[-87.26341,13.68147],[-87.26816,13.67846],[-87.27584,13.68578],[-87.2808,13.67966],[-87.29021,13.6785],[-87.31699,13.69117],[-87.32556,13.68594],[-87.35965,13.68401],[-87.36354,13.69171],[-87.36173,13.69857],[-87.38141,13.7066],[-87.38577,13.71798],[-87.39405,13.71825],[-87.39444,13.73279],[-87.38123,13.75535],[-87.40164,13.74891],[-87.41879,13.75825],[-87.44144,13.7596],[-87.45608,13.75346],[-87.45588,13.73504],[-87.45062,13.72859],[-87.45922,13.71254],[-87.4597,13.69343],[-87.46454,13.68316],[-87.45961,13.67093],[-87.51893,13.6915],[-87.52062,13.69688],[-87.54228,13.71025],[-87.54364,13.71694],[-87.58364,13.71123],[-87.62948,13.74031],[-87.64922,13.74328],[-87.64754,13.76932],[-87.64254,13.78155],[-87.64471,13.83017],[-87.63909,13.84312],[-87.62389,13.85409],[-87.61545,13.86971],[-87.61469,13.8904],[-87.60204,13.89626],[-87.6037,13.91057],[-87.59762,13.92791],[-87.59972,13.9446],[-87.59116,13.96328],[-87.59836,13.97176],[-87.59201,13.98065],[-87.60514,14.00103],[-87.60413,14.03322],[-87.61724,14.10648],[-87.57978,14.14382],[-87.5417,14.13359],[-87.49061,14.17019],[-87.49819,14.17535],[-87.4978,14.18149],[-87.48693,14.19819],[-87.47807,14.20216],[-87.47211,14.21097],[-87.43261,14.21424],[-87.42463,14.22418],[-87.43056,14.24505],[-87.44256,14.24849],[-87.4616,14.26424],[-87.4682,14.32716],[-87.46468,14.333],[-87.45254,14.33592],[-87.44236,14.33126],[-87.43062,14.33919],[-87.40215,14.34534],[-87.38426,14.39461],[-87.39625,14.41663],[-87.40365,14.41525],[-87.41959,14.42158],[-87.40362,14.42944],[-87.40233,14.44851],[-87.41259,14.44712],[-87.43925,14.47355],[-87.45483,14.47606],[-87.46848,14.52326],[-87.41235,14.57467],[-87.40762,14.57452],[-87.41128,14.58574],[-87.40238,14.60695],[-87.40489,14.62164],[-87.39724,14.62364],[-87.37705,14.61492],[-87.36595,14.61722],[-87.36503,14.60938],[-87.33651,14.60609],[-87.33706,14.61176],[-87.33238,14.61635],[-87.33515,14.6259],[-87.33084,14.63346],[-87.32568,14.63287],[-87.33112,14.63957],[-87.32427,14.64723],[-87.33026,14.66515],[-87.3244,14.66895],[-87.3208,14.66218],[-87.31412,14.66262],[-87.31277,14.66669],[-87.31818,14.66657],[-87.31462,14.67777],[-87.30442,14.675],[-87.29329,14.68709],[-87.28478,14.68642],[-87.28371,14.69157],[-87.27696,14.69109],[-87.27459,14.69709],[-87.26562,14.69865],[-87.27172,14.70401],[-87.2652,14.71105],[-87.26798,14.71503],[-87.26484,14.72065],[-87.26842,14.72454],[-87.25597,14.72518],[-87.25574,14.73694],[-87.2497,14.74345],[-87.24832,14.75424],[-87.24941,14.76506],[-87.25405,14.76823],[-87.25095,14.78807],[-87.25938,14.79791],[-87.26035,14.80926],[-87.26642,14.81218],[-87.26328,14.82704],[-87.24486,14.84612],[-87.22742,14.84254],[-87.21132,14.84721],[-87.20931,14.85858],[-87.21684,14.86991],[-87.22361,14.87044],[-87.22231,14.87512],[-87.21669,14.87662],[-87.21722,14.88165],[-87.21159,14.8816],[-87.2069,14.87477],[-87.19981,14.87501],[-87.19897,14.88212],[-87.19445,14.88534],[-87.1927,14.89041],[-87.19859,14.89545],[-87.19669,14.90716],[-87.21755,14.91302],[-87.20785,14.92535],[-87.21432,14.93627],[-87.21443,14.94916],[-87.20959,14.94938],[-87.20398,14.958],[-87.18497,14.97001],[-87.18714,14.98335],[-87.184,14.99909],[-87.18718,15.00751],[-87.18182,15.01603],[-87.16697,15.02582],[-87.13739,15.02761],[-87.13381,15.03312],[-87.12606,15.02891],[-87.10533,15.03114],[-87.07752,15.01527],[-87.06229,15.02271],[-87.02951,15.026],[-86.99125,15.01532],[-86.98834,15.00149],[-86.97234,14.98775],[-86.96908,14.97429],[-86.96085,14.96863],[-86.95617,14.97084],[-86.94784,14.96463],[-86.93519,14.96381],[-86.93189,14.95221],[-86.90331,14.93941],[-86.91408,14.93379],[-86.92467,14.91697],[-86.92281,14.90684],[-86.93046,14.90461],[-86.93621,14.89663],[-86.9297,14.88751],[-86.92963,14.86866],[-86.91939,14.86398],[-86.9128,14.85448],[-86.90416,14.82478],[-86.91084,14.82232],[-86.90848,14.80743],[-86.89126,14.79833],[-86.90111,14.77085],[-86.87859,14.74638],[-86.85097,14.6635],[-86.83901,14.65712],[-86.82867,14.64153],[-86.80497,14.63948],[-86.79623,14.63008],[-86.79625,14.62145],[-86.76835,14.6065],[-86.75942,14.59245],[-86.75961,14.58584],[-86.73981,14.57577],[-86.75185,14.53352],[-86.74155,14.51009],[-86.72953,14.5051],[-86.72971,14.48849],[-86.734,14.47851],[-86.71095,14.42781],[-86.7133,14.42249],[-86.83154,14.33195],[-86.82707,14.29478],[-86.83033,14.2912],[-86.84235,14.29236],[-86.85926,14.26583],[-86.89677,14.23097],[-86.91041,14.19203],[-86.93067,14.18182],[-86.92436,14.17555],[-86.92837,14.17088],[-86.92596,14.16742],[-86.92063,14.17171],[-86.91108,14.16995],[-86.89686,14.16027],[-86.91308,14.13766],[-86.91407,14.13008],[-86.91714,14.13388],[-86.93463,14.1338],[-86.95358,14.1417],[-86.97358,14.14313],[-86.98766,14.12496],[-86.97145,14.10054],[-86.94738,14.08462],[-86.9448,14.06357],[-86.90998,14.05349],[-86.91119,14.002],[-86.91915,14.0009],[-86.91447,13.98851],[-86.9489,13.95147],[-86.95577,13.95164],[-86.96005,13.95775],[-86.97926,13.9601],[-86.9838,13.96303],[-86.98374,13.96908],[-86.99106,13.96281],[-86.98484,13.93805],[-86.98005,13.93327],[-86.98677,13.92887],[-86.99756,13.90953],[-86.98984,13.90202],[-86.98607,13.88676],[-86.99534,13.85873],[-86.98902,13.84634],[-86.99568,13.82182],[-87.01244,13.79416],[-87.01608,13.77576],[-87.03119,13.76264],[-87.0326,13.77276],[-87.04998,13.77043],[-87.08167,13.77571],[-87.08665,13.78956],[-87.11584,13.8096],[-87.12198,13.80489],[-87.12102,13.79726],[-87.12696,13.7985],[-87.13097,13.79195],[-87.12197,13.77609],[-87.11801,13.77737],[-87.11661,13.7713],[-87.1114,13.76983],[-87.12016,13.74818],[-87.11604,13.74454],[-87.11949,13.7413],[-87.11452,13.72579],[-87.10113,13.71255],[-87.11572,13.6984],[-87.13152,13.67206],[-87.12356,13.65395],[-87.14288,13.66134],[-87.18384,13.68596],[-87.2116,13.66829]]]}},{"type":"Feature","id":"10453824B77004064719389","properties":{"admin_level":1,"department_code":"10453824B77004064719389","department":"Gracias a Dios","department_key":"graciasadios","centroid_lat":15.2961,"centroid_lon":-84.40596},"geometry":{"type":"MultiPolygon","coordinates":[[[[-84.99988,14.72431],[-84.99959,15.98101],[-84.92131,15.95818],[-84.9184,15.95368],[-84.87598,15.9338],[-84.78878,15.90142],[-84.70026,15.87569],[-84.66172,15.87002],[-84.65075,15.86237],[-84.64321,15.86513],[-84.44928,15.826],[-84.30633,15.8166],[-84.09951,15.65084],[-83.98339,15.54375],[-83.88776,15.4642],[-83.80674,15.41619],[-83.76672,15.40164],[-83.72828,15.39296],[-83.73957,15.37521],[-83.74864,15.37871],[-83.7491,15.37329],[-83.75102,15.3779],[-83.7563,15.37604],[-83.76967,15.38437],[-83.77469,15.38276],[-83.80476,15.40941],[-83.83603,15.426],[-83.86076,15.42941],[-83.88321,15.44096],[-83.89749,15.43782],[-83.92222,15.44174],[-83.93754,15.45505],[-83.92419,15.44956],[-83.92477,15.46268],[-83.9301,15.47316],[-83.95958,15.49362],[-83.96294,15.50567],[-83.96867,15.49826],[-83.98273,15.49742],[-84.0025,15.50417],[-84.01639,15.51671],[-84.02967,15.51652],[-84.042,15.5262],[-84.05556,15.52522],[-84.0439,15.52378],[-84.05817,15.49976],[-84.07159,15.48966],[-84.07164,15.48178],[-84.07734,15.48665],[-84.08397,15.48673],[-84.09151,15.47376],[-84.09612,15.47222],[-84.11898,15.47566],[-84.11775,15.46247],[-84.10914,15.45167],[-84.11434,15.46011],[-84.10983,15.45902],[-84.10888,15.45129],[-84.10466,15.44943],[-84.10439,15.43089],[-84.11429,15.42446],[-84.1241,15.42626],[-84.12404,15.42935],[-84.11983,15.42723],[-84.12562,15.43027],[-84.1363,15.42539],[-84.13347,15.41943],[-84.13876,15.42026],[-84.12796,15.41447],[-84.12506,15.40426],[-84.12028,15.4013],[-84.1403,15.40485],[-84.13043,15.37949],[-84.11028,15.35015],[-84.09665,15.33813],[-84.0795,15.33199],[-84.05401,15.33371],[-84.05381,15.32908],[-84.06336,15.32895],[-84.06765,15.32592],[-84.06444,15.32742],[-84.06503,15.32356],[-84.06178,15.3288],[-84.05223,15.32854],[-84.03855,15.32077],[-84.03025,15.32645],[-84.02955,15.33828],[-84.04223,15.36084],[-84.04201,15.36701],[-84.05131,15.37537],[-84.04913,15.38847],[-84.02424,15.39444],[-84.02632,15.38817],[-84.01616,15.38468],[-84.01489,15.38042],[-84.00289,15.38528],[-84.01256,15.38567],[-84.01557,15.3978],[-84.02397,15.39483],[-84.02175,15.40213],[-83.97704,15.39661],[-83.9638,15.3911],[-83.94598,15.3767],[-83.93153,15.37119],[-83.91516,15.35394],[-83.89677,15.34749],[-83.88435,15.33143],[-83.86349,15.31909],[-83.84311,15.31897],[-83.83664,15.31428],[-83.83323,15.31704],[-83.82322,15.3021],[-83.80051,15.28977],[-83.80385,15.28123],[-83.82098,15.2733],[-83.82937,15.26095],[-83.82488,15.26098],[-83.82565,15.2659],[-83.82479,15.26064],[-83.81294,15.26708],[-83.79895,15.2686],[-83.79222,15.27374],[-83.79376,15.27768],[-83.78881,15.27885],[-83.78994,15.28219],[-83.78299,15.28061],[-83.76835,15.26448],[-83.76586,15.25607],[-83.76781,15.24281],[-83.77542,15.23706],[-83.77745,15.23008],[-83.76681,15.20525],[-83.77217,15.20506],[-83.77304,15.1972],[-83.76471,15.19356],[-83.76833,15.19028],[-83.76575,15.18945],[-83.76434,15.19332],[-83.76702,15.19671],[-83.76385,15.20374],[-83.76266,15.1932],[-83.76273,15.1986],[-83.76043,15.19675],[-83.76175,15.1945],[-83.75862,15.18836],[-83.75979,15.19709],[-83.75251,15.19796],[-83.75717,15.1997],[-83.75648,15.20756],[-83.73798,15.20122],[-83.74094,15.19502],[-83.74623,15.19469],[-83.74207,15.18959],[-83.74343,15.18198],[-83.7372,15.19248],[-83.72849,15.19542],[-83.73591,15.19507],[-83.73728,15.19866],[-83.72956,15.1963],[-83.71453,15.20214],[-83.71424,15.22108],[-83.70857,15.23376],[-83.69463,15.24268],[-83.67557,15.24471],[-83.67252,15.2553],[-83.66243,15.25464],[-83.64863,15.26408],[-83.64517,15.27338],[-83.64867,15.27798],[-83.64776,15.2901],[-83.62834,15.30628],[-83.65019,15.31427],[-83.62977,15.31437],[-83.62518,15.31893],[-83.63329,15.32063],[-83.63558,15.31567],[-83.63725,15.31853],[-83.64037,15.31489],[-83.64729,15.31584],[-83.6546,15.32403],[-83.65096,15.3333],[-83.64458,15.3326],[-83.65738,15.33734],[-83.65514,15.3314],[-83.66977,15.32814],[-83.67811,15.34095],[-83.68604,15.33803],[-83.70162,15.35354],[-83.72257,15.35303],[-83.73802,15.35799],[-83.73556,15.37243],[-83.72385,15.3803],[-83.72195,15.38727],[-83.72641,15.38336],[-83.7204,15.38986],[-83.72034,15.397],[-83.66852,15.35857],[-83.6194,15.33367],[-83.46576,15.28573],[-83.39194,15.25485],[-83.38256,15.24753],[-83.35583,15.20374],[-83.33145,15.13191],[-83.30921,15.09341],[-83.29336,15.07524],[-83.25849,15.04761],[-83.22156,15.02763],[-83.1859,15.0147],[-83.1448,15.00751],[-83.15816,15.00703],[-83.14161,15.00515],[-83.13797,15.00843],[-83.13494,15.00475],[-83.13979,14.99948],[-83.17458,14.99064],[-83.20121,14.9985],[-83.23531,14.98228],[-83.25251,14.98989],[-83.2777,14.98766],[-83.27924,14.99281],[-83.27332,15.00134],[-83.27641,15.006],[-83.29884,14.99912],[-83.34432,15.01012],[-83.34783,15.0074],[-83.34831,14.99526],[-83.35775,15.0022],[-83.35995,15.01426],[-83.38163,15.01529],[-83.40217,15.0297],[-83.40682,15.02339],[-83.40043,15.01623],[-83.4057,15.00947],[-83.40596,14.99931],[-83.41349,15.00369],[-83.42044,14.99032],[-83.43016,14.99525],[-83.4405,14.99431],[-83.44755,14.98537],[-83.46024,14.98075],[-83.47217,14.99018],[-83.48009,14.99078],[-83.47633,15.00386],[-83.50131,15.01084],[-83.51407,15.0003],[-83.51515,14.99088],[-83.52823,14.99347],[-83.52895,14.98692],[-83.52304,14.97919],[-83.52523,14.97394],[-83.53993,14.98021],[-83.53844,14.96169],[-83.52902,14.95007],[-83.53766,14.94889],[-83.54859,14.95716],[-83.54709,14.9474],[-83.53797,14.94224],[-83.54428,14.9377],[-83.55989,14.93911],[-83.56,14.91236],[-83.57123,14.9189],[-83.58023,14.9113],[-83.59671,14.92047],[-83.6006,14.91653],[-83.59339,14.90989],[-83.59314,14.90407],[-83.61461,14.89993],[-83.60855,14.89371],[-83.61441,14.88625],[-83.61574,14.87451],[-83.64417,14.88235],[-83.6691,14.87716],[-83.68249,14.86645],[-83.68749,14.87826],[-83.69229,14.88086],[-83.69796,14.85966],[-83.72164,14.85555],[-83.71957,14.84815],[-83.71053,14.85327],[-83.70033,14.85129],[-83.69725,14.82894],[-83.70159,14.82416],[-83.71084,14.84287],[-83.72153,14.82971],[-83.72678,14.84109],[-83.73211,14.84117],[-83.72868,14.82541],[-83.73204,14.81917],[-83.75316,14.83158],[-83.75402,14.80982],[-83.76367,14.80621],[-83.77579,14.8098],[-83.77881,14.82142],[-83.78341,14.82359],[-83.78225,14.81354],[-83.78599,14.80593],[-83.8141,14.79008],[-83.82182,14.79494],[-83.82963,14.79444],[-83.8438,14.77303],[-83.85817,14.77448],[-83.86969,14.76906],[-83.87745,14.77126],[-83.88958,14.7651],[-83.90198,14.77721],[-83.91511,14.76927],[-83.92862,14.77835],[-83.93643,14.77728],[-83.93945,14.77271],[-83.93698,14.76596],[-83.91938,14.7548],[-83.91833,14.75122],[-83.92356,14.74768],[-83.9297,14.74884],[-83.93245,14.75544],[-83.94592,14.75814],[-83.97912,14.74687],[-83.9892,14.74919],[-83.99724,14.76086],[-84.00253,14.75985],[-84.01447,14.74594],[-84.03334,14.74656],[-84.04494,14.75148],[-84.03945,14.76545],[-84.04086,14.77253],[-84.04588,14.77468],[-84.05657,14.76477],[-84.08036,14.75726],[-84.08416,14.76344],[-84.07985,14.78012],[-84.08189,14.78659],[-84.10983,14.79084],[-84.11568,14.786],[-84.11612,14.77301],[-84.09579,14.73014],[-84.12537,14.73392],[-84.14837,14.7191],[-84.16684,14.7145],[-84.18854,14.71578],[-84.21237,14.73442],[-84.22217,14.73142],[-84.22798,14.73368],[-84.22964,14.73926],[-84.22281,14.7549],[-84.22713,14.75996],[-84.23539,14.76061],[-84.26285,14.74424],[-84.27186,14.73441],[-84.2733,14.72366],[-84.26304,14.69868],[-84.26647,14.68673],[-84.25789,14.67845],[-84.27687,14.66215],[-84.29694,14.66294],[-84.30985,14.68447],[-84.31845,14.6833],[-84.32085,14.67827],[-84.32962,14.67514],[-84.3494,14.67982],[-84.35329,14.68968],[-84.3439,14.70192],[-84.36339,14.7166],[-84.36661,14.71463],[-84.3664,14.70514],[-84.37731,14.69736],[-84.38182,14.68268],[-84.4149,14.65581],[-84.41199,14.64491],[-84.41464,14.64156],[-84.42477,14.64223],[-84.43403,14.63222],[-84.46282,14.63209],[-84.46859,14.61585],[-84.47847,14.61585],[-84.5032,14.62456],[-84.50636,14.63577],[-84.52499,14.63451],[-84.5265,14.62922],[-84.53001,14.63025],[-84.53837,14.64572],[-84.52406,14.64763],[-84.52482,14.65635],[-84.55222,14.65698],[-84.56056,14.64989],[-84.56554,14.65832],[-84.57804,14.65189],[-84.5831,14.65529],[-84.5853,14.66534],[-84.59729,14.65801],[-84.61197,14.66547],[-84.62697,14.6636],[-84.63254,14.677],[-84.64635,14.67197],[-84.66545,14.6726],[-84.67054,14.67781],[-84.66671,14.68856],[-84.67185,14.69394],[-84.67864,14.69206],[-84.69292,14.66748],[-84.70153,14.66443],[-84.70594,14.68211],[-84.70355,14.69213],[-84.71618,14.69287],[-84.72725,14.69989],[-84.72928,14.70925],[-84.74481,14.71535],[-84.74881,14.73104],[-84.74223,14.73919],[-84.74298,14.7485],[-84.75672,14.74019],[-84.77145,14.74902],[-84.77164,14.75748],[-84.768,14.76042],[-84.75855,14.75247],[-84.75211,14.7531],[-84.74899,14.76305],[-84.75214,14.77344],[-84.78166,14.78877],[-84.78981,14.80863],[-84.78802,14.81447],[-84.79965,14.82182],[-84.8069,14.8212],[-84.81545,14.82877],[-84.84548,14.8237],[-84.85251,14.81285],[-84.85743,14.81194],[-84.87774,14.81623],[-84.88829,14.81221],[-84.9004,14.81426],[-84.9299,14.77269],[-84.93118,14.76818],[-84.92314,14.7663],[-84.92705,14.7588],[-84.94002,14.75841],[-84.94256,14.75377],[-84.96037,14.75634],[-84.97282,14.74128],[-84.98677,14.74011],[-84.99988,14.72431]]],[[[-84.05119,15.44925],[-84.03762,15.41457],[-84.05355,15.40423],[-84.05236,15.41918],[-84.0622,15.43592],[-84.05998,15.44704],[-84.07308,15.46806],[-84.08415,15.47361],[-84.08399,15.48519],[-84.07842,15.48486],[-84.07057,15.47703],[-84.05628,15.47427],[-84.05119,15.44925]]]]}},{"type":"Feature","id":"10453824B62561105591680","properties":{"admin_level":1,"department_code":"10453824B62561105591680","department":"Intibucá","department_key":"intibuca","centroid_lat":14.25399,"centroid_lon":-88.23199},"geometry":{"type":"Polygon","coordinates":[[[-88.06913,14.65613],[-88.05957,14.62585],[-88.04305,14.63594],[-87.94918,14.60567],[-87.92049,14.54594],[-87.90224,14.53163],[-87.89876,14.50303],[-87.88659,14.48451],[-87.85173,14.44847],[-87.84765,14.4338],[-87.86586,14.41392],[-87.91594,14.38066],[-87.94734,14.38433],[-87.9506,14.38973],[-87.9577,14.39079],[-87.95523,14.37439],[-87.962,14.36833],[-87.95588,14.35669],[-87.95862,14.34949],[-87.95477,14.34978],[-87.95101,14.3425],[-87.95415,14.33687],[-87.95187,14.33069],[-87.95603,14.32871],[-87.95226,14.32699],[-87.96919,14.32226],[-87.96819,14.30828],[-87.97767,14.29331],[-87.98825,14.2958],[-87.99138,14.29048],[-87.99513,14.2928],[-88.00278,14.28837],[-88.00824,14.27682],[-88.00383,14.26885],[-88.00698,14.2548],[-88.01981,14.25487],[-88.02387,14.25857],[-88.02878,14.25486],[-88.04923,14.25318],[-88.06444,14.2456],[-88.10694,14.21065],[-88.1076,14.19216],[-88.11784,14.18366],[-88.1192,14.17272],[-88.15765,14.15764],[-88.17134,14.14146],[-88.18585,14.13414],[-88.20535,14.10138],[-88.21818,14.09664],[-88.22421,14.08373],[-88.22774,14.0878],[-88.23569,14.08461],[-88.2363,14.07937],[-88.22756,14.06707],[-88.20475,14.05112],[-88.21725,13.99312],[-88.23,13.99994],[-88.23826,13.99445],[-88.23441,13.98826],[-88.23592,13.97069],[-88.21936,13.95358],[-88.22687,13.93782],[-88.26518,13.93724],[-88.26292,13.92715],[-88.26643,13.9243],[-88.2627,13.91894],[-88.26821,13.91265],[-88.28094,13.90931],[-88.28981,13.91435],[-88.30713,13.90234],[-88.31345,13.90216],[-88.31734,13.8899],[-88.34521,13.89616],[-88.34969,13.89121],[-88.35155,13.87502],[-88.35641,13.87032],[-88.36966,13.87455],[-88.37612,13.88514],[-88.41353,13.87896],[-88.41893,13.88567],[-88.43408,13.87471],[-88.44007,13.85913],[-88.44484,13.86396],[-88.45049,13.8641],[-88.45206,13.85907],[-88.46626,13.86284],[-88.468,13.84856],[-88.47248,13.85455],[-88.49211,13.86003],[-88.4963,13.86971],[-88.49175,13.87763],[-88.50564,13.9087],[-88.51096,13.91091],[-88.50665,13.92185],[-88.50701,13.94155],[-88.49791,13.95134],[-88.49955,13.96519],[-88.49228,13.96344],[-88.48937,13.97375],[-88.47658,13.97964],[-88.48124,13.99162],[-88.46929,13.99512],[-88.46205,14.00823],[-88.44543,14.00963],[-88.43968,14.01752],[-88.42566,14.01951],[-88.40365,14.03524],[-88.38334,14.03881],[-88.38231,14.04416],[-88.36493,14.05295],[-88.35117,14.07523],[-88.32712,14.07912],[-88.33354,14.09634],[-88.32772,14.10479],[-88.31562,14.10961],[-88.3233,14.1381],[-88.31884,14.15697],[-88.32803,14.16537],[-88.33304,14.17728],[-88.32036,14.21087],[-88.33214,14.22789],[-88.36044,14.23145],[-88.36695,14.22866],[-88.36918,14.23282],[-88.38388,14.22801],[-88.38882,14.23467],[-88.39686,14.2342],[-88.40538,14.24225],[-88.42365,14.24841],[-88.42497,14.25619],[-88.40945,14.27894],[-88.41572,14.32393],[-88.42673,14.36119],[-88.43994,14.36559],[-88.45223,14.36069],[-88.48864,14.38824],[-88.50053,14.40523],[-88.49542,14.40859],[-88.50356,14.43491],[-88.49806,14.44989],[-88.50169,14.45237],[-88.46884,14.4726],[-88.4503,14.47733],[-88.43116,14.47118],[-88.37777,14.47609],[-88.34481,14.50575],[-88.34284,14.51764],[-88.34824,14.5291],[-88.32318,14.5669],[-88.33039,14.62314],[-88.34747,14.6517],[-88.26818,14.64604],[-88.21516,14.65529],[-88.18908,14.64351],[-88.18039,14.65108],[-88.15692,14.65781],[-88.08738,14.64267],[-88.06913,14.65613]]]}},{"type":"Feature","id":"10453824B11843061934635","properties":{"admin_level":1,"department_code":"10453824B11843061934635","department":"La Paz","department_key":"lapaz","centroid_lat":14.12606,"centroid_lon":-87.98477},"geometry":{"type":"Polygon","coordinates":[[[-87.64471,13.83017],[-87.66893,13.83369],[-87.68008,13.84552],[-87.70491,13.85161],[-87.73117,13.84811],[-87.74519,13.8413],[-87.74634,13.85413],[-87.75252,13.86171],[-87.77148,13.87546],[-87.78425,13.8772],[-87.78595,13.88398],[-87.79899,13.89224],[-87.79427,13.90478],[-87.80412,13.92146],[-87.83113,13.91862],[-87.84251,13.90628],[-87.84434,13.89798],[-87.85376,13.8946],[-87.85898,13.89422],[-87.8643,13.89939],[-87.87393,13.89631],[-87.88207,13.90271],[-87.88945,13.89848],[-87.89849,13.90338],[-87.90466,13.89951],[-87.90696,13.90161],[-87.91413,13.89678],[-87.91214,13.89319],[-87.92191,13.89347],[-87.92207,13.88448],[-87.9431,13.89596],[-87.95185,13.89146],[-87.95903,13.90285],[-87.96381,13.89294],[-87.96888,13.89456],[-87.97903,13.88694],[-87.98603,13.88755],[-88.00533,13.87525],[-88.00666,13.87088],[-88.01478,13.87101],[-88.01734,13.89308],[-88.04359,13.9222],[-88.04589,13.93189],[-88.05727,13.94296],[-88.06369,13.94424],[-88.06479,13.96068],[-88.07296,13.97624],[-88.07273,13.99227],[-88.10641,14.00078],[-88.13719,13.98944],[-88.14904,13.99111],[-88.16011,13.98355],[-88.17327,13.98493],[-88.18048,13.9917],[-88.18731,13.98986],[-88.19796,13.99695],[-88.21725,13.99312],[-88.20475,14.05112],[-88.22756,14.06707],[-88.2363,14.07937],[-88.23569,14.08461],[-88.22774,14.0878],[-88.22421,14.08373],[-88.21818,14.09664],[-88.20535,14.10138],[-88.18585,14.13414],[-88.17134,14.14146],[-88.15765,14.15764],[-88.1192,14.17272],[-88.11784,14.18366],[-88.1076,14.19216],[-88.10694,14.21065],[-88.06444,14.2456],[-88.04923,14.25318],[-88.02878,14.25486],[-88.02387,14.25857],[-88.01981,14.25487],[-88.00698,14.2548],[-88.00383,14.26885],[-88.00824,14.27682],[-88.00278,14.28837],[-87.99513,14.2928],[-87.99138,14.29048],[-87.98825,14.2958],[-87.97767,14.29331],[-87.96819,14.30828],[-87.96919,14.32226],[-87.95226,14.32699],[-87.95603,14.32871],[-87.95187,14.33069],[-87.95415,14.33687],[-87.95101,14.3425],[-87.95477,14.34978],[-87.95862,14.34949],[-87.95588,14.35669],[-87.962,14.36833],[-87.95523,14.37439],[-87.9577,14.39079],[-87.9506,14.38973],[-87.94734,14.38433],[-87.91594,14.38066],[-87.86586,14.41392],[-87.85535,14.4273],[-87.84841,14.42077],[-87.83565,14.39482],[-87.78926,14.39224],[-87.78273,14.37382],[-87.75428,14.3717],[-87.73252,14.35923],[-87.71295,14.35611],[-87.70132,14.34638],[-87.6594,14.37343],[-87.65149,14.36866],[-87.64659,14.37114],[-87.63698,14.32687],[-87.60809,14.29458],[-87.62808,14.26089],[-87.67241,14.24572],[-87.70457,14.24067],[-87.72022,14.24235],[-87.74803,14.23477],[-87.76976,14.23983],[-87.78019,14.20697],[-87.81061,14.20444],[-87.81409,14.19011],[-87.76368,14.15977],[-87.77498,14.15303],[-87.78367,14.13196],[-87.77411,14.12016],[-87.74195,14.11679],[-87.65937,14.05524],[-87.63069,14.07379],[-87.61235,14.0773],[-87.60413,14.03322],[-87.60514,14.00103],[-87.59201,13.98065],[-87.59836,13.97176],[-87.59116,13.96328],[-87.59972,13.9446],[-87.59762,13.92791],[-87.6037,13.91057],[-87.60204,13.89626],[-87.61469,13.8904],[-87.61545,13.86971],[-87.62389,13.85409],[-87.63909,13.84312],[-87.64471,13.83017]]]}},{"type":"Feature","id":"10453824B36949426591135","properties":{"admin_level":1,"department_code":"10453824B36949426591135","department":"Lempira","department_key":"lempira","centroid_lat":14.45577,"centroid_lon":-88.61705},"geometry":{"type":"Polygon","coordinates":[[[-88.77748,14.54956],[-88.75869,14.59351],[-88.73355,14.61142],[-88.75403,14.64325],[-88.76119,14.64893],[-88.77533,14.651],[-88.7904,14.67851],[-88.78816,14.68277],[-88.79589,14.68663],[-88.79482,14.71231],[-88.78622,14.71872],[-88.77352,14.71216],[-88.75719,14.71558],[-88.73173,14.70687],[-88.70397,14.71356],[-88.69123,14.71139],[-88.68121,14.72329],[-88.67377,14.71889],[-88.668,14.72129],[-88.66471,14.71668],[-88.66055,14.72175],[-88.65361,14.71696],[-88.65322,14.73057],[-88.65748,14.73141],[-88.65805,14.74027],[-88.66414,14.74363],[-88.65937,14.75131],[-88.66443,14.7551],[-88.66443,14.76851],[-88.66946,14.77292],[-88.66736,14.77812],[-88.67909,14.78268],[-88.68124,14.78715],[-88.67621,14.80689],[-88.67985,14.81612],[-88.66941,14.83652],[-88.65364,14.84614],[-88.65785,14.86007],[-88.65442,14.86765],[-88.64361,14.86842],[-88.64904,14.87547],[-88.64938,14.88437],[-88.6393,14.90056],[-88.64485,14.92302],[-88.62449,14.91908],[-88.61091,14.93207],[-88.61361,14.93716],[-88.61121,14.94626],[-88.58622,14.93689],[-88.56152,14.93139],[-88.55617,14.93344],[-88.5328,14.87029],[-88.48857,14.81006],[-88.47046,14.81626],[-88.45527,14.85072],[-88.44351,14.85578],[-88.42416,14.85138],[-88.41285,14.833],[-88.38016,14.83572],[-88.36425,14.82067],[-88.37387,14.79469],[-88.3897,14.76776],[-88.37768,14.74734],[-88.3752,14.73406],[-88.35425,14.71729],[-88.31726,14.7329],[-88.32069,14.68284],[-88.34747,14.6517],[-88.33039,14.62314],[-88.32318,14.5669],[-88.34824,14.5291],[-88.34284,14.51764],[-88.34481,14.50575],[-88.37777,14.47609],[-88.43116,14.47118],[-88.4503,14.47733],[-88.46884,14.4726],[-88.50169,14.45237],[-88.49806,14.44989],[-88.50356,14.43491],[-88.49991,14.4296],[-88.5001,14.41767],[-88.49563,14.41359],[-88.49542,14.40859],[-88.50053,14.40523],[-88.48864,14.38824],[-88.45223,14.36069],[-88.43994,14.36559],[-88.42673,14.36119],[-88.41572,14.32393],[-88.40945,14.27894],[-88.42497,14.25619],[-88.42365,14.24841],[-88.40538,14.24225],[-88.39686,14.2342],[-88.38882,14.23467],[-88.38388,14.22801],[-88.36918,14.23282],[-88.36695,14.22866],[-88.36044,14.23145],[-88.33214,14.22789],[-88.32036,14.21087],[-88.33304,14.17728],[-88.32803,14.16537],[-88.31884,14.15697],[-88.3233,14.1381],[-88.31562,14.10961],[-88.32772,14.10479],[-88.33354,14.09634],[-88.32712,14.07912],[-88.35117,14.07523],[-88.36493,14.05295],[-88.38231,14.04416],[-88.38334,14.03881],[-88.40365,14.03524],[-88.42566,14.01951],[-88.43968,14.01752],[-88.44543,14.00963],[-88.46205,14.00823],[-88.46929,13.99512],[-88.48124,13.99162],[-88.47658,13.97964],[-88.48937,13.97375],[-88.49228,13.96344],[-88.52797,13.98509],[-88.54033,13.98505],[-88.54917,13.98024],[-88.55782,13.98332],[-88.569,13.97822],[-88.57447,13.99311],[-88.5866,14.00714],[-88.59406,14.00918],[-88.60773,14.00535],[-88.62771,14.02282],[-88.64007,14.0168],[-88.65331,14.0177],[-88.66314,14.02444],[-88.67117,14.01007],[-88.68357,14.01014],[-88.68147,14.01959],[-88.68587,14.02415],[-88.68232,14.03213],[-88.69228,14.04374],[-88.70285,14.04312],[-88.7079,14.04683],[-88.71314,14.04423],[-88.7224,14.0509],[-88.73174,14.04896],[-88.73844,14.06749],[-88.72956,14.09129],[-88.72892,14.11433],[-88.73508,14.11938],[-88.73864,14.12183],[-88.75315,14.10987],[-88.76489,14.10948],[-88.76651,14.10499],[-88.77131,14.10651],[-88.77433,14.10246],[-88.78472,14.10552],[-88.79176,14.11465],[-88.81254,14.1126],[-88.81449,14.10819],[-88.83129,14.10458],[-88.8298,14.11221],[-88.8396,14.13123],[-88.84694,14.13093],[-88.84893,14.14881],[-88.85852,14.15282],[-88.86029,14.17224],[-88.87578,14.18575],[-88.89119,14.19178],[-88.90047,14.191],[-88.90271,14.20567],[-88.92285,14.20851],[-88.93023,14.20329],[-88.94047,14.20274],[-88.97267,14.21361],[-88.97484,14.21885],[-88.9655,14.22856],[-88.97367,14.25653],[-88.96578,14.27116],[-88.982,14.2995],[-88.9667,14.30476],[-88.95692,14.31215],[-88.9563,14.32027],[-88.94787,14.32343],[-88.94694,14.3307],[-88.95165,14.33721],[-88.94882,14.34176],[-88.9118,14.34564],[-88.88703,14.356],[-88.87865,14.37039],[-88.87974,14.41175],[-88.85914,14.40761],[-88.85531,14.39687],[-88.83622,14.38421],[-88.80578,14.38508],[-88.82618,14.40358],[-88.82024,14.42717],[-88.7964,14.4131],[-88.75228,14.43063],[-88.74185,14.44261],[-88.7364,14.44173],[-88.73974,14.45138],[-88.73652,14.45916],[-88.73126,14.46121],[-88.73394,14.47392],[-88.71633,14.51189],[-88.71791,14.52497],[-88.71452,14.53437],[-88.72237,14.54398],[-88.74471,14.54457],[-88.75243,14.54107],[-88.77748,14.54956]]]}},{"type":"Feature","id":"10453824B83660155057128","properties":{"admin_level":1,"department_code":"10453824B83660155057128","department":"Ocotepeque","department_key":"ocotepeque","centroid_lat":14.48388,"centroid_lon":-89.02627},"geometry":{"type":"Polygon","coordinates":[[[-89.13129,14.71262],[-89.08316,14.72678],[-89.06876,14.71741],[-89.05152,14.71571],[-89.04132,14.71974],[-89.01405,14.71559],[-89.00783,14.69654],[-89.01002,14.69033],[-89.00232,14.67759],[-89.00441,14.6674],[-88.99826,14.65768],[-88.98348,14.6432],[-88.95881,14.63145],[-88.92734,14.60195],[-88.92889,14.55925],[-88.91224,14.55543],[-88.89456,14.51721],[-88.85284,14.51023],[-88.84649,14.49461],[-88.82555,14.49959],[-88.82596,14.53734],[-88.81167,14.53317],[-88.7977,14.54385],[-88.77748,14.54956],[-88.75243,14.54107],[-88.74471,14.54457],[-88.72237,14.54398],[-88.71452,14.53437],[-88.71791,14.52497],[-88.71633,14.51189],[-88.73394,14.47392],[-88.73126,14.46121],[-88.73652,14.45916],[-88.73974,14.45138],[-88.7364,14.44173],[-88.74185,14.44261],[-88.75228,14.43063],[-88.7964,14.4131],[-88.82024,14.42717],[-88.82618,14.40358],[-88.80578,14.38508],[-88.83622,14.38421],[-88.85531,14.39687],[-88.85914,14.40761],[-88.87974,14.41175],[-88.87865,14.37039],[-88.88703,14.356],[-88.9118,14.34564],[-88.94882,14.34176],[-88.95165,14.33721],[-88.94694,14.3307],[-88.94787,14.32343],[-88.9563,14.32027],[-88.95692,14.31215],[-88.9667,14.30476],[-88.982,14.2995],[-88.96578,14.27116],[-88.97367,14.25653],[-88.9655,14.22856],[-88.97008,14.2252],[-88.99151,14.25858],[-89.01448,14.27146],[-89.02594,14.27164],[-89.02603,14.28356],[-89.02148,14.28874],[-89.02534,14.29865],[-89.02231,14.31424],[-89.0345,14.31654],[-89.03558,14.33213],[-89.06302,14.33449],[-89.08264,14.34108],[-89.08152,14.34724],[-89.08642,14.35016],[-89.08039,14.3568],[-89.08143,14.37448],[-89.0898,14.3946],[-89.10051,14.40409],[-89.11276,14.40213],[-89.11657,14.39262],[-89.1293,14.38447],[-89.14839,14.35373],[-89.16859,14.36608],[-89.18196,14.36476],[-89.21116,14.3725],[-89.2126,14.38788],[-89.22516,14.38756],[-89.23455,14.39558],[-89.24528,14.39124],[-89.27649,14.40126],[-89.29733,14.41766],[-89.32148,14.4116],[-89.35599,14.42062],[-89.34925,14.43421],[-89.3517,14.44644],[-89.35539,14.44707],[-89.35152,14.45571],[-89.35614,14.46849],[-89.30191,14.49383],[-89.30547,14.50693],[-89.28797,14.51624],[-89.28367,14.53279],[-89.27628,14.54231],[-89.26362,14.54708],[-89.25672,14.56034],[-89.251,14.56349],[-89.25423,14.5685],[-89.23892,14.58464],[-89.20421,14.58327],[-89.17774,14.5732],[-89.15983,14.57376],[-89.15863,14.58424],[-89.15355,14.58424],[-89.15343,14.59847],[-89.14943,14.60319],[-89.15215,14.60624],[-89.14824,14.61116],[-89.1557,14.6177],[-89.1463,14.62912],[-89.15721,14.67138],[-89.14846,14.67611],[-89.13129,14.71262]]]}},{"type":"Feature","id":"10453824B23677570544502","properties":{"admin_level":1,"department_code":"10453824B23677570544502","department":"Olancho","department_key":"olancho","centroid_lat":14.81487,"centroid_lon":-85.95478},"geometry":{"type":"Polygon","coordinates":[[[-84.99991,15.07098],[-84.99988,14.72431],[-85.00904,14.71413],[-85.02841,14.703],[-85.02734,14.69598],[-85.02017,14.68898],[-85.02705,14.67346],[-85.04381,14.67195],[-85.05043,14.66208],[-85.0502,14.65155],[-85.03274,14.64762],[-85.02387,14.63308],[-85.02629,14.62597],[-85.04311,14.6105],[-85.02158,14.60888],[-85.04268,14.57483],[-85.05901,14.56871],[-85.06384,14.56022],[-85.07453,14.55989],[-85.08502,14.55238],[-85.09597,14.55256],[-85.10297,14.55708],[-85.11208,14.57618],[-85.11902,14.57872],[-85.12275,14.58595],[-85.13435,14.57607],[-85.14688,14.57664],[-85.15161,14.57181],[-85.15162,14.56708],[-85.14323,14.56441],[-85.14056,14.555],[-85.14727,14.54274],[-85.13889,14.51612],[-85.14716,14.50559],[-85.15069,14.48495],[-85.16341,14.48132],[-85.16536,14.47516],[-85.17275,14.47665],[-85.18405,14.46786],[-85.18105,14.46126],[-85.18519,14.44577],[-85.18117,14.42835],[-85.18852,14.42379],[-85.19182,14.40725],[-85.20282,14.40553],[-85.20563,14.38656],[-85.22076,14.37676],[-85.21926,14.36895],[-85.2086,14.37021],[-85.19599,14.36353],[-85.19839,14.35712],[-85.19478,14.35258],[-85.19817,14.34592],[-85.19203,14.32979],[-85.18092,14.33332],[-85.18042,14.3163],[-85.1534,14.30233],[-85.15889,14.28783],[-85.17754,14.26983],[-85.18449,14.25045],[-85.18833,14.24915],[-85.19849,14.25667],[-85.24141,14.25217],[-85.26767,14.26166],[-85.27094,14.25883],[-85.28038,14.26083],[-85.28553,14.25983],[-85.28827,14.25151],[-85.29239,14.25001],[-85.31007,14.25567],[-85.33119,14.24785],[-85.33943,14.24885],[-85.3408,14.23304],[-85.35539,14.23154],[-85.35454,14.22705],[-85.36415,14.21157],[-85.3681,14.21291],[-85.36707,14.22189],[-85.3779,14.22502],[-85.38269,14.22156],[-85.37479,14.21524],[-85.37668,14.20741],[-85.37342,14.19793],[-85.3808,14.19493],[-85.37462,14.18262],[-85.39797,14.16278],[-85.4007,14.14557],[-85.39471,14.13985],[-85.40428,14.13368],[-85.40411,14.12312],[-85.42628,14.11627],[-85.43061,14.10697],[-85.44324,14.10597],[-85.45391,14.11439],[-85.46589,14.09374],[-85.47761,14.09407],[-85.47746,14.08439],[-85.48329,14.08929],[-85.4925,14.08832],[-85.49367,14.07619],[-85.49771,14.07792],[-85.49959,14.08736],[-85.5055,14.08799],[-85.50888,14.07628],[-85.50669,14.06348],[-85.5206,14.05986],[-85.51694,14.05247],[-85.51939,14.04746],[-85.5278,14.04946],[-85.53596,14.04617],[-85.5608,14.05113],[-85.55491,14.06336],[-85.56976,14.06443],[-85.56885,14.07077],[-85.57751,14.08304],[-85.58453,14.07972],[-85.60055,14.09309],[-85.60943,14.09573],[-85.60422,14.13397],[-85.61034,14.13861],[-85.61844,14.16047],[-85.6354,14.16717],[-85.65295,14.19226],[-85.66141,14.18395],[-85.65819,14.17703],[-85.66567,14.17231],[-85.68972,14.18224],[-85.70356,14.18307],[-85.71255,14.19044],[-85.73789,14.18487],[-85.75195,14.1907],[-85.75782,14.20081],[-85.76716,14.19819],[-85.77486,14.17701],[-85.78681,14.16315],[-85.79436,14.16091],[-85.8075,14.16263],[-85.82866,14.18751],[-85.84625,14.1809],[-85.85025,14.17261],[-85.872,14.16337],[-85.87605,14.15715],[-85.87228,14.147],[-85.87404,14.14064],[-85.88599,14.12923],[-85.90555,14.12646],[-85.92282,14.14037],[-85.94733,14.1238],[-85.95176,14.13326],[-85.94032,14.17177],[-85.98293,14.17971],[-85.99354,14.18683],[-85.99882,14.22738],[-86.0203,14.26347],[-86.0368,14.26378],[-86.05276,14.27149],[-86.05967,14.27097],[-86.07017,14.2618],[-86.06961,14.24787],[-86.14808,14.26615],[-86.18644,14.36062],[-86.24962,14.34541],[-86.25867,14.33442],[-86.27414,14.32932],[-86.28176,14.32127],[-86.29474,14.31947],[-86.31682,14.2977],[-86.34332,14.28462],[-86.35635,14.28225],[-86.44097,14.28919],[-86.44819,14.31342],[-86.46396,14.33317],[-86.50255,14.33741],[-86.5086,14.35334],[-86.52226,14.3639],[-86.59775,14.38159],[-86.60842,14.37357],[-86.61442,14.38428],[-86.61461,14.39343],[-86.62669,14.39838],[-86.62838,14.40729],[-86.6354,14.40502],[-86.64503,14.40804],[-86.65409,14.39938],[-86.65951,14.39945],[-86.68967,14.41551],[-86.7096,14.4155],[-86.7133,14.42249],[-86.71082,14.43309],[-86.734,14.47851],[-86.72971,14.48849],[-86.72953,14.5051],[-86.74155,14.51009],[-86.75185,14.53352],[-86.73981,14.57577],[-86.75961,14.58584],[-86.75942,14.59245],[-86.76835,14.6065],[-86.79625,14.62145],[-86.79623,14.63008],[-86.80497,14.63948],[-86.82867,14.64153],[-86.83901,14.65712],[-86.85097,14.6635],[-86.87859,14.74638],[-86.90111,14.77085],[-86.89126,14.79833],[-86.90848,14.80743],[-86.91084,14.82232],[-86.90416,14.82478],[-86.9128,14.85448],[-86.91939,14.86398],[-86.92963,14.86866],[-86.9297,14.88751],[-86.93621,14.89663],[-86.93046,14.90461],[-86.92281,14.90684],[-86.92467,14.91697],[-86.91408,14.93379],[-86.90331,14.93941],[-86.93189,14.95221],[-86.93519,14.96381],[-86.94784,14.96463],[-86.95617,14.97084],[-86.96085,14.96863],[-86.96908,14.97429],[-86.97234,14.98775],[-86.98834,15.00149],[-86.99125,15.01532],[-86.9802,15.03213],[-86.96479,15.04521],[-86.92521,15.03966],[-86.91798,15.0681],[-86.90718,15.06867],[-86.88734,15.07723],[-86.8826,15.08293],[-86.88576,15.10246],[-86.87945,15.10658],[-86.88076,15.11882],[-86.86471,15.1351],[-86.86155,15.14321],[-86.86824,15.14645],[-86.85772,15.15984],[-86.86011,15.16518],[-86.85519,15.17034],[-86.86506,15.20234],[-86.86516,15.21975],[-86.86972,15.23163],[-86.8678,15.23967],[-86.85724,15.25721],[-86.8483,15.25643],[-86.83352,15.26802],[-86.8191,15.27172],[-86.81645,15.2848],[-86.79394,15.27845],[-86.78172,15.28507],[-86.7764,15.29605],[-86.76156,15.28915],[-86.75961,15.27925],[-86.7517,15.26977],[-86.73204,15.2646],[-86.72118,15.2681],[-86.70106,15.26523],[-86.67181,15.28164],[-86.64993,15.30315],[-86.64617,15.32592],[-86.64885,15.33188],[-86.64561,15.33574],[-86.63184,15.3413],[-86.61625,15.33752],[-86.59579,15.35245],[-86.5457,15.37351],[-86.51708,15.39058],[-86.495,15.38663],[-86.48766,15.39321],[-86.47358,15.39654],[-86.47358,15.40587],[-86.4387,15.39991],[-86.42435,15.37408],[-86.41606,15.37476],[-86.41057,15.37016],[-86.40777,15.37452],[-86.40442,15.37299],[-86.39148,15.34921],[-86.39129,15.34154],[-86.40099,15.33057],[-86.39384,15.32372],[-86.37208,15.32434],[-86.29084,15.37487],[-86.27887,15.37374],[-86.23198,15.40746],[-86.16506,15.36927],[-86.14946,15.36689],[-86.11708,15.37765],[-86.10433,15.39105],[-86.09382,15.3848],[-86.08764,15.39742],[-86.0694,15.39345],[-86.05241,15.39482],[-86.0452,15.38464],[-86.04013,15.38398],[-86.03069,15.39387],[-85.98086,15.41301],[-85.97228,15.42091],[-85.96795,15.43676],[-85.94812,15.45951],[-85.93554,15.45947],[-85.89409,15.49512],[-85.88941,15.50112],[-85.89623,15.51513],[-85.88598,15.52787],[-85.86718,15.52915],[-85.86529,15.52543],[-85.83465,15.51592],[-85.81358,15.54412],[-85.78895,15.55086],[-85.7853,15.56053],[-85.78955,15.56901],[-85.78555,15.57712],[-85.76277,15.58575],[-85.74726,15.57042],[-85.73456,15.56702],[-85.70927,15.56879],[-85.67283,15.59623],[-85.5988,15.52952],[-85.53958,15.4674],[-85.51829,15.45301],[-85.37757,15.40312],[-85.33307,15.33798],[-85.23728,15.21544],[-85.09806,15.18066],[-84.99991,15.07098]]]}},{"type":"Feature","id":"10453824B33911095974475","properties":{"admin_level":1,"department_code":"10453824B33911095974475","department":"Santa Bárbara","department_key":"santabarbara","centroid_lat":15.0998,"centroid_lon":-88.3751},"geometry":{"type":"Polygon","coordinates":[[[-87.9771,14.79093],[-88.03784,14.74945],[-88.06391,14.71835],[-88.04653,14.68388],[-88.05435,14.6637],[-88.08738,14.64267],[-88.15692,14.65781],[-88.18039,14.65108],[-88.18908,14.64351],[-88.21516,14.65529],[-88.26818,14.64604],[-88.34747,14.6517],[-88.32069,14.68284],[-88.31726,14.7329],[-88.35425,14.71729],[-88.3752,14.73406],[-88.37768,14.74734],[-88.3897,14.76776],[-88.37387,14.79469],[-88.36425,14.82067],[-88.38016,14.83572],[-88.41285,14.833],[-88.42416,14.85138],[-88.44351,14.85578],[-88.45527,14.85072],[-88.47046,14.81626],[-88.48857,14.81006],[-88.5328,14.87029],[-88.55617,14.93344],[-88.56152,14.93139],[-88.58622,14.93689],[-88.61121,14.94626],[-88.61361,14.93716],[-88.61091,14.93207],[-88.62449,14.91908],[-88.64485,14.92302],[-88.67001,14.91277],[-88.68729,14.91954],[-88.69347,14.92835],[-88.70432,14.95252],[-88.68622,14.99571],[-88.68172,14.99912],[-88.67564,15.04847],[-88.65626,15.06814],[-88.64585,15.06904],[-88.63755,15.07623],[-88.63846,15.12066],[-88.64773,15.15674],[-88.72103,15.21795],[-88.70953,15.24412],[-88.75929,15.29428],[-88.67822,15.34234],[-88.60521,15.41324],[-88.59187,15.42132],[-88.58413,15.41912],[-88.57039,15.42612],[-88.5619,15.43737],[-88.56198,15.44388],[-88.55267,15.44636],[-88.48721,15.50177],[-88.41073,15.54729],[-88.24612,15.50243],[-88.24176,15.48729],[-88.23785,15.48541],[-88.24135,15.46911],[-88.23644,15.46053],[-88.24328,15.44601],[-88.24002,15.44031],[-88.24198,15.43499],[-88.23033,15.41517],[-88.21609,15.41314],[-88.19387,15.40215],[-88.18645,15.38799],[-88.17722,15.38672],[-88.16446,15.37308],[-88.14717,15.37674],[-88.1449,15.38066],[-88.10042,15.34375],[-88.10824,15.26578],[-88.09234,15.22824],[-88.05363,15.21252],[-88.05878,15.2116],[-88.06567,15.20243],[-88.0667,15.19257],[-88.07511,15.19141],[-88.08344,15.18404],[-88.08224,15.17427],[-88.08988,15.17071],[-88.13286,15.11703],[-88.09147,15.08257],[-88.09061,15.07059],[-88.06688,15.07474],[-88.0565,15.07267],[-88.03993,15.05157],[-88.016,15.04626],[-88.02899,15.03279],[-88.02839,15.02399],[-88.03768,15.02008],[-88.03958,15.00561],[-88.04913,14.9957],[-88.05101,14.93071],[-88.02865,14.93417],[-88.02847,14.92835],[-88.01535,14.91275],[-87.99389,14.89572],[-87.98381,14.87656],[-87.99345,14.82059],[-87.9771,14.79093]]]}},{"type":"Feature","id":"10453824B78724193103152","properties":{"admin_level":1,"department_code":"10453824B78724193103152","department":"Valle","department_key":"valle","centroid_lat":13.57959,"centroid_lon":-87.59338},"geometry":{"type":"MultiPolygon","coordinates":[[[[-87.45961,13.67093],[-87.44994,13.65533],[-87.41041,13.6365],[-87.42801,13.59161],[-87.41499,13.58836],[-87.41129,13.58284],[-87.41525,13.57634],[-87.39224,13.53671],[-87.36005,13.52273],[-87.36704,13.48505],[-87.34552,13.4512],[-87.34231,13.43408],[-87.35546,13.40614],[-87.3722,13.39993],[-87.37012,13.40254],[-87.37249,13.4056],[-87.37201,13.40047],[-87.38072,13.40074],[-87.37945,13.4083],[-87.38393,13.39634],[-87.39144,13.40398],[-87.38691,13.40722],[-87.3908,13.41506],[-87.39881,13.40768],[-87.39935,13.41349],[-87.39464,13.41466],[-87.39961,13.4142],[-87.40256,13.41865],[-87.39985,13.41898],[-87.41582,13.42182],[-87.41956,13.4159],[-87.41939,13.41926],[-87.42528,13.41948],[-87.42043,13.42246],[-87.42737,13.42693],[-87.42255,13.42243],[-87.42581,13.41997],[-87.42209,13.41578],[-87.42877,13.41355],[-87.42556,13.41043],[-87.42747,13.40692],[-87.43063,13.4111],[-87.43294,13.40862],[-87.43595,13.4128],[-87.43126,13.41425],[-87.43407,13.4207],[-87.43283,13.41607],[-87.43621,13.41346],[-87.43614,13.41102],[-87.43261,13.40792],[-87.43085,13.40966],[-87.42751,13.40622],[-87.42468,13.40988],[-87.42483,13.41263],[-87.42071,13.41317],[-87.42489,13.40717],[-87.42401,13.40054],[-87.43119,13.39789],[-87.4313,13.40152],[-87.42918,13.40066],[-87.42854,13.40062],[-87.42791,13.40111],[-87.43,13.40536],[-87.43319,13.4061],[-87.43034,13.40382],[-87.43269,13.40119],[-87.4374,13.40962],[-87.43648,13.4047],[-87.44293,13.40728],[-87.44116,13.41268],[-87.43849,13.41182],[-87.44283,13.41744],[-87.43706,13.41525],[-87.43445,13.42063],[-87.43585,13.42186],[-87.43875,13.41683],[-87.44267,13.41859],[-87.44358,13.41543],[-87.44164,13.41177],[-87.44318,13.40885],[-87.44544,13.41492],[-87.4596,13.41842],[-87.4547,13.42109],[-87.45715,13.4262],[-87.46207,13.42426],[-87.46118,13.41973],[-87.46502,13.42123],[-87.4682,13.41752],[-87.47456,13.41982],[-87.4747,13.42912],[-87.477,13.42667],[-87.47975,13.42929],[-87.47814,13.42599],[-87.48195,13.42262],[-87.48399,13.42816],[-87.48663,13.42977],[-87.48226,13.4216],[-87.48445,13.42133],[-87.48502,13.42289],[-87.48604,13.4235],[-87.48693,13.42352],[-87.48475,13.42151],[-87.48604,13.42151],[-87.48668,13.42097],[-87.48688,13.41911],[-87.49051,13.41891],[-87.48661,13.41909],[-87.48538,13.42145],[-87.47975,13.41815],[-87.48706,13.41823],[-87.48275,13.41765],[-87.48636,13.41383],[-87.48191,13.41509],[-87.47901,13.40889],[-87.49446,13.40711],[-87.49214,13.40914],[-87.49473,13.41123],[-87.49231,13.40901],[-87.49499,13.40695],[-87.48944,13.40656],[-87.49683,13.40249],[-87.50053,13.41022],[-87.50581,13.41382],[-87.49604,13.39992],[-87.48776,13.40603],[-87.48698,13.40164],[-87.47931,13.39913],[-87.49074,13.39683],[-87.4904,13.39196],[-87.49431,13.39305],[-87.49029,13.39126],[-87.49476,13.3889],[-87.49985,13.39425],[-87.50207,13.38753],[-87.50406,13.38786],[-87.50206,13.38922],[-87.5043,13.39104],[-87.50263,13.39281],[-87.50331,13.39454],[-87.50624,13.3954],[-87.50613,13.39701],[-87.50737,13.39717],[-87.50792,13.39632],[-87.50286,13.39305],[-87.50475,13.39114],[-87.50258,13.38962],[-87.50455,13.38775],[-87.50248,13.38635],[-87.50879,13.38186],[-87.51053,13.38424],[-87.51097,13.37122],[-87.51683,13.38099],[-87.51246,13.38709],[-87.51529,13.38965],[-87.51235,13.39268],[-87.518,13.39485],[-87.51286,13.39628],[-87.51695,13.39707],[-87.51818,13.39461],[-87.5128,13.39258],[-87.51785,13.39143],[-87.51767,13.38815],[-87.52377,13.38766],[-87.52568,13.39124],[-87.52804,13.3935],[-87.52798,13.39052],[-87.52432,13.38749],[-87.5217,13.38664],[-87.52492,13.38462],[-87.51334,13.38776],[-87.5197,13.37628],[-87.52338,13.37711],[-87.52643,13.37179],[-87.52968,13.37334],[-87.52662,13.37436],[-87.52452,13.37643],[-87.52415,13.378],[-87.52613,13.38108],[-87.5321,13.37926],[-87.53046,13.38302],[-87.53147,13.38602],[-87.53301,13.37904],[-87.52579,13.38046],[-87.52736,13.37504],[-87.53574,13.37368],[-87.53679,13.38043],[-87.54154,13.37222],[-87.54694,13.37234],[-87.54714,13.37532],[-87.55008,13.37843],[-87.55322,13.38009],[-87.55059,13.38333],[-87.54544,13.37761],[-87.55064,13.38365],[-87.55394,13.38119],[-87.55278,13.37895],[-87.55073,13.37826],[-87.5506,13.37711],[-87.55455,13.37758],[-87.55586,13.38257],[-87.54956,13.38711],[-87.54833,13.38408],[-87.54289,13.38187],[-87.54082,13.38663],[-87.54447,13.38844],[-87.54258,13.39369],[-87.54554,13.3944],[-87.54411,13.39587],[-87.54609,13.39734],[-87.54428,13.39813],[-87.5414,13.40293],[-87.54211,13.40369],[-87.54633,13.39725],[-87.54575,13.39423],[-87.54291,13.39346],[-87.54495,13.38892],[-87.54266,13.3857],[-87.54792,13.38476],[-87.54701,13.38897],[-87.55025,13.38958],[-87.55312,13.38531],[-87.55642,13.38653],[-87.55694,13.37908],[-87.56114,13.3774],[-87.56189,13.37573],[-87.56289,13.3788],[-87.56702,13.37626],[-87.56522,13.38313],[-87.57704,13.3766],[-87.56942,13.37298],[-87.57302,13.37249],[-87.57068,13.36637],[-87.56169,13.36487],[-87.56367,13.36074],[-87.5705,13.35968],[-87.58029,13.36697],[-87.58556,13.36423],[-87.58582,13.37051],[-87.58207,13.36914],[-87.57697,13.37285],[-87.5848,13.37495],[-87.58697,13.37421],[-87.58971,13.36903],[-87.58271,13.37413],[-87.58143,13.37027],[-87.58627,13.37077],[-87.58671,13.3653],[-87.58568,13.36374],[-87.58424,13.36358],[-87.58022,13.36637],[-87.57923,13.36297],[-87.58771,13.35811],[-87.5888,13.36326],[-87.58994,13.35909],[-87.59807,13.36061],[-87.59074,13.35177],[-87.57476,13.34586],[-87.57902,13.33714],[-87.58102,13.33778],[-87.58318,13.33697],[-87.57769,13.33605],[-87.5753,13.32525],[-87.58235,13.31877],[-87.58099,13.30795],[-87.58617,13.30537],[-87.59078,13.30744],[-87.59118,13.31353],[-87.60789,13.30917],[-87.60931,13.31384],[-87.61655,13.30783],[-87.64325,13.31734],[-87.65889,13.33417],[-87.6605,13.34653],[-87.65222,13.35114],[-87.65671,13.35446],[-87.65614,13.36609],[-87.646,13.36159],[-87.64283,13.37267],[-87.6369,13.37449],[-87.62838,13.36369],[-87.61421,13.36707],[-87.61263,13.36383],[-87.61085,13.36299],[-87.60958,13.36281],[-87.60609,13.36424],[-87.61143,13.36336],[-87.6138,13.36685],[-87.60767,13.36973],[-87.60508,13.37824],[-87.59927,13.37466],[-87.60431,13.37851],[-87.5917,13.37729],[-87.59475,13.37412],[-87.59721,13.36655],[-87.59887,13.36582],[-87.59737,13.36613],[-87.59506,13.36852],[-87.59094,13.37711],[-87.58653,13.37645],[-87.59117,13.3736],[-87.59151,13.37146],[-87.58984,13.36925],[-87.59013,13.37402],[-87.5762,13.37833],[-87.57793,13.38371],[-87.57397,13.38425],[-87.57812,13.38399],[-87.57953,13.38027],[-87.5879,13.37957],[-87.59295,13.38268],[-87.58496,13.38248],[-87.57877,13.38504],[-87.57852,13.38837],[-87.58336,13.39259],[-87.57853,13.39428],[-87.57716,13.39713],[-87.57744,13.39169],[-87.57272,13.39509],[-87.5773,13.39755],[-87.58369,13.39331],[-87.58397,13.39157],[-87.57886,13.38631],[-87.58645,13.38343],[-87.58532,13.39302],[-87.58725,13.39864],[-87.58091,13.40009],[-87.57963,13.40293],[-87.58155,13.41013],[-87.58296,13.4106],[-87.58574,13.40889],[-87.58664,13.41931],[-87.58927,13.41879],[-87.58558,13.43146],[-87.59393,13.41743],[-87.5981,13.42341],[-87.60664,13.42408],[-87.60689,13.42605],[-87.61296,13.43128],[-87.60651,13.44057],[-87.60676,13.43701],[-87.60474,13.43525],[-87.60565,13.44071],[-87.6062,13.44083],[-87.60733,13.44034],[-87.60905,13.43762],[-87.61024,13.43886],[-87.60594,13.4511],[-87.60851,13.45287],[-87.59867,13.46081],[-87.59055,13.46224],[-87.58927,13.45898],[-87.58651,13.46473],[-87.5819,13.46415],[-87.58217,13.46041],[-87.57987,13.45943],[-87.57825,13.46063],[-87.57686,13.46414],[-87.57351,13.46713],[-87.57351,13.46114],[-87.5704,13.46114],[-87.56939,13.46471],[-87.56777,13.46295],[-87.56936,13.46502],[-87.57345,13.46145],[-87.57345,13.46731],[-87.58114,13.46022],[-87.57678,13.46878],[-87.57682,13.47397],[-87.58177,13.46452],[-87.58695,13.46526],[-87.59476,13.46287],[-87.5997,13.46463],[-87.59479,13.46999],[-87.60048,13.46651],[-87.6004,13.46485],[-87.5982,13.46262],[-87.613,13.46072],[-87.62208,13.46667],[-87.63245,13.466],[-87.638,13.47365],[-87.63502,13.47917],[-87.62974,13.47881],[-87.62875,13.48167],[-87.62925,13.48339],[-87.63334,13.4817],[-87.63244,13.48544],[-87.63411,13.48188],[-87.62987,13.4796],[-87.63511,13.48011],[-87.63831,13.47591],[-87.63987,13.48502],[-87.64144,13.4773],[-87.63547,13.46603],[-87.6422,13.46137],[-87.64636,13.46318],[-87.64257,13.47281],[-87.64439,13.47669],[-87.65081,13.47991],[-87.65844,13.47525],[-87.659,13.48378],[-87.66124,13.48506],[-87.66504,13.48476],[-87.66962,13.49188],[-87.67551,13.49086],[-87.66943,13.49149],[-87.66763,13.48369],[-87.66015,13.48408],[-87.66013,13.48004],[-87.66483,13.47947],[-87.66053,13.47954],[-87.65867,13.47456],[-87.65069,13.47905],[-87.64394,13.47461],[-87.6481,13.46387],[-87.65341,13.4634],[-87.64797,13.46316],[-87.64696,13.45571],[-87.65537,13.45343],[-87.66056,13.46088],[-87.66381,13.46067],[-87.65982,13.46373],[-87.66165,13.4691],[-87.65694,13.46939],[-87.66232,13.47017],[-87.66178,13.46636],[-87.6658,13.46478],[-87.66585,13.46948],[-87.67203,13.469],[-87.67344,13.46668],[-87.66844,13.46851],[-87.66665,13.46457],[-87.66094,13.46556],[-87.6652,13.46079],[-87.65809,13.45661],[-87.65555,13.44809],[-87.65771,13.44347],[-87.67812,13.43256],[-87.68334,13.43536],[-87.68368,13.44074],[-87.68726,13.43948],[-87.68471,13.44645],[-87.68909,13.44788],[-87.69172,13.44596],[-87.6899,13.44848],[-87.69433,13.44983],[-87.70241,13.44708],[-87.69034,13.44834],[-87.69226,13.44595],[-87.68788,13.44584],[-87.68734,13.43632],[-87.67865,13.43092],[-87.69067,13.43165],[-87.69345,13.4285],[-87.69267,13.43012],[-87.69398,13.43136],[-87.69305,13.43398],[-87.69602,13.43201],[-87.69309,13.43031],[-87.69384,13.42852],[-87.69131,13.42701],[-87.6944,13.42788],[-87.69635,13.42143],[-87.69411,13.42758],[-87.69204,13.42654],[-87.69073,13.42703],[-87.69128,13.43066],[-87.6831,13.43096],[-87.68092,13.42787],[-87.68423,13.4251],[-87.68462,13.42337],[-87.67885,13.42673],[-87.67867,13.4234],[-87.67346,13.42],[-87.67521,13.4172],[-87.67369,13.41466],[-87.67939,13.41481],[-87.68175,13.41258],[-87.67155,13.41423],[-87.67133,13.4089],[-87.65791,13.39394],[-87.66027,13.3899],[-87.67219,13.39484],[-87.6792,13.37142],[-87.68486,13.36923],[-87.69227,13.37322],[-87.69545,13.36667],[-87.71496,13.36583],[-87.71887,13.36338],[-87.71835,13.35788],[-87.72534,13.36065],[-87.72526,13.35696],[-87.73913,13.35746],[-87.7454,13.3537],[-87.76538,13.37707],[-87.78425,13.37691],[-87.78513,13.38066],[-87.79817,13.38449],[-87.804,13.39732],[-87.8006,13.40739],[-87.8041,13.39919],[-87.80415,13.39381],[-87.81942,13.40791],[-87.79334,13.41166],[-87.78421,13.42927],[-87.77585,13.42488],[-87.75853,13.44087],[-87.74753,13.43685],[-87.73369,13.44678],[-87.72382,13.44239],[-87.72185,13.45961],[-87.71643,13.46634],[-87.72375,13.49281],[-87.72077,13.50533],[-87.73705,13.51184],[-87.74627,13.50638],[-87.74965,13.51697],[-87.75418,13.5182],[-87.76246,13.50829],[-87.77346,13.51001],[-87.77843,13.51362],[-87.77717,13.51944],[-87.79345,13.524],[-87.78081,13.53535],[-87.78695,13.54133],[-87.78541,13.55479],[-87.77857,13.56689],[-87.78348,13.57002],[-87.77212,13.57489],[-87.77448,13.58304],[-87.76935,13.58591],[-87.7679,13.59566],[-87.7544,13.60391],[-87.75626,13.61812],[-87.75164,13.64482],[-87.75271,13.65655],[-87.75683,13.65962],[-87.75315,13.66796],[-87.75545,13.68928],[-87.73276,13.71521],[-87.72647,13.73432],[-87.73519,13.74088],[-87.73693,13.74816],[-87.72633,13.76316],[-87.7182,13.7677],[-87.70894,13.79004],[-87.70838,13.80368],[-87.71296,13.81573],[-87.71651,13.82],[-87.72778,13.82081],[-87.73531,13.83009],[-87.74242,13.83044],[-87.7465,13.83423],[-87.74519,13.8413],[-87.73117,13.84811],[-87.70491,13.85161],[-87.68008,13.84552],[-87.66893,13.83369],[-87.64471,13.83017],[-87.64254,13.78155],[-87.64754,13.76932],[-87.64922,13.74328],[-87.62948,13.74031],[-87.58364,13.71123],[-87.54364,13.71694],[-87.54228,13.71025],[-87.52062,13.69688],[-87.51893,13.6915],[-87.45961,13.67093]]],[[[-87.45453,13.41362],[-87.44477,13.41211],[-87.45125,13.41097],[-87.45371,13.40253],[-87.43563,13.40074],[-87.43118,13.38983],[-87.44119,13.38631],[-87.44732,13.39777],[-87.4563,13.39316],[-87.45935,13.39515],[-87.45689,13.40426],[-87.45986,13.40869],[-87.45453,13.41362]]],[[[-87.456,13.39163],[-87.44718,13.39169],[-87.44943,13.3889],[-87.44692,13.39061],[-87.44491,13.38585],[-87.44833,13.38439],[-87.43187,13.38379],[-87.43905,13.37775],[-87.43969,13.38035],[-87.44287,13.38012],[-87.43935,13.37807],[-87.44367,13.37418],[-87.45761,13.37515],[-87.45728,13.37883],[-87.46524,13.37292],[-87.46483,13.37681],[-87.46825,13.37388],[-87.47468,13.37978],[-87.4692,13.37868],[-87.46491,13.38027],[-87.46283,13.38462],[-87.4606,13.3824],[-87.45945,13.38317],[-87.45994,13.39188],[-87.46821,13.38831],[-87.47103,13.39139],[-87.46414,13.39137],[-87.46183,13.39584],[-87.456,13.39163]]],[[[-87.46096,13.40765],[-87.46059,13.39677],[-87.46328,13.39635],[-87.46425,13.39383],[-87.46811,13.39503],[-87.46594,13.39675],[-87.46655,13.39838],[-87.47036,13.39613],[-87.46945,13.3999],[-87.46448,13.39916],[-87.46845,13.40267],[-87.46096,13.40765]]],[[[-87.46126,13.38908],[-87.46017,13.38317],[-87.4626,13.38532],[-87.47118,13.37922],[-87.47762,13.38667],[-87.47602,13.39082],[-87.47381,13.38665],[-87.46126,13.38908]]],[[[-87.47727,13.35975],[-87.49048,13.36404],[-87.49189,13.36741],[-87.4875,13.36711],[-87.48597,13.3682],[-87.4897,13.37722],[-87.48761,13.36775],[-87.50921,13.37615],[-87.50667,13.3793],[-87.50198,13.37709],[-87.49555,13.38081],[-87.494,13.38315],[-87.50155,13.37769],[-87.50599,13.38],[-87.49708,13.3895],[-87.49408,13.38655],[-87.48687,13.38575],[-87.49306,13.38708],[-87.48961,13.39075],[-87.48948,13.39496],[-87.4848,13.395],[-87.47692,13.37365],[-87.48232,13.37861],[-87.4817,13.37504],[-87.47536,13.36998],[-87.47543,13.36307],[-87.47797,13.36583],[-87.47727,13.35975]]],[[[-87.55789,13.3561],[-87.5474,13.37041],[-87.54428,13.36688],[-87.54063,13.36859],[-87.54276,13.36608],[-87.54012,13.36686],[-87.53995,13.36993],[-87.54461,13.36847],[-87.53846,13.37394],[-87.53613,13.37259],[-87.53915,13.36987],[-87.53808,13.36426],[-87.53773,13.36877],[-87.53464,13.36624],[-87.53698,13.37096],[-87.53228,13.36701],[-87.52317,13.36706],[-87.53165,13.37329],[-87.52611,13.37134],[-87.52285,13.37645],[-87.51857,13.37508],[-87.51792,13.37937],[-87.51419,13.36782],[-87.5195,13.36702],[-87.514,13.36726],[-87.51446,13.37061],[-87.50801,13.3668],[-87.50158,13.36922],[-87.5024,13.35856],[-87.50693,13.35889],[-87.50878,13.35413],[-87.50928,13.3613],[-87.51631,13.35771],[-87.51789,13.36099],[-87.52074,13.35566],[-87.52052,13.36091],[-87.52335,13.35834],[-87.52412,13.36344],[-87.52696,13.3644],[-87.52368,13.35806],[-87.52145,13.35833],[-87.52124,13.35516],[-87.51893,13.3554],[-87.52186,13.35235],[-87.51889,13.3513],[-87.53289,13.34434],[-87.54456,13.35111],[-87.53926,13.35207],[-87.53664,13.3551],[-87.53097,13.35165],[-87.52938,13.35895],[-87.53211,13.35459],[-87.53747,13.35769],[-87.53959,13.35293],[-87.54973,13.352],[-87.55747,13.35582],[-87.54992,13.36183],[-87.55789,13.3561]]],[[[-87.58255,13.35947],[-87.56306,13.35812],[-87.55526,13.34576],[-87.54488,13.3457],[-87.5429,13.3421],[-87.55931,13.33598],[-87.57516,13.3355],[-87.57393,13.34911],[-87.59163,13.35521],[-87.58255,13.35947]]],[[[-87.56064,13.37734],[-87.5517,13.37465],[-87.55549,13.3727],[-87.55332,13.3699],[-87.56049,13.36691],[-87.56163,13.37088],[-87.57098,13.37094],[-87.56554,13.37187],[-87.56982,13.37577],[-87.56874,13.37934],[-87.56753,13.37572],[-87.55907,13.3715],[-87.56064,13.37734]]],[[[-87.58703,13.41879],[-87.5858,13.40837],[-87.58166,13.40922],[-87.58052,13.40177],[-87.58816,13.39928],[-87.58823,13.38721],[-87.6049,13.38345],[-87.6173,13.37552],[-87.61165,13.3925],[-87.60122,13.39649],[-87.59803,13.40713],[-87.59899,13.41129],[-87.59611,13.418],[-87.59427,13.4171],[-87.59128,13.41713],[-87.58703,13.41879]]],[[[-87.5977,13.42237],[-87.59645,13.4179],[-87.59925,13.41206],[-87.59872,13.40699],[-87.6071,13.4101],[-87.60471,13.40591],[-87.6084,13.40186],[-87.61219,13.40785],[-87.63028,13.4159],[-87.62491,13.42039],[-87.61967,13.41805],[-87.5977,13.42237]]],[[[-87.62142,13.42813],[-87.6166,13.42259],[-87.62088,13.42959],[-87.61757,13.43065],[-87.61892,13.43744],[-87.62457,13.43601],[-87.62221,13.4442],[-87.60775,13.45165],[-87.61104,13.44034],[-87.61054,13.43792],[-87.609,13.43703],[-87.61319,13.43154],[-87.60804,13.42392],[-87.62179,13.41959],[-87.62142,13.42813]]],[[[-87.61994,13.29052],[-87.61464,13.28621],[-87.61665,13.27798],[-87.61169,13.27365],[-87.61663,13.25634],[-87.63351,13.2492],[-87.65995,13.25176],[-87.66389,13.27542],[-87.65876,13.28042],[-87.65723,13.2935],[-87.65075,13.29613],[-87.64985,13.29299],[-87.64158,13.29863],[-87.62513,13.28815],[-87.61994,13.29052]]],[[[-87.6741,13.42354],[-87.67071,13.42392],[-87.67207,13.43269],[-87.65537,13.43426],[-87.65222,13.4283],[-87.65999,13.42825],[-87.66022,13.43125],[-87.66209,13.43061],[-87.6599,13.42796],[-87.65155,13.4254],[-87.65334,13.40797],[-87.65917,13.41957],[-87.66151,13.41902],[-87.65599,13.4079],[-87.663,13.4053],[-87.65938,13.41032],[-87.66439,13.41123],[-87.66671,13.41671],[-87.67225,13.41567],[-87.67,13.41732],[-87.66916,13.41967],[-87.67409,13.41639],[-87.67191,13.41982],[-87.6741,13.42354]]],[[[-87.67817,13.30428],[-87.68522,13.31385],[-87.67458,13.33147],[-87.66749,13.31809],[-87.6773,13.31248],[-87.67817,13.30428]]]]}},{"type":"Feature","id":"10453824B47889694645812","properties":{"admin_level":1,"department_code":"10453824B47889694645812","department":"Yoro","department_key":"yoro","centroid_lat":15.2996,"centroid_lon":-87.2897},"geometry":{"type":"Polygon","coordinates":[[[-86.40116,15.57383],[-86.39127,15.55752],[-86.37895,15.54657],[-86.37631,15.53645],[-86.35774,15.53491],[-86.34974,15.54012],[-86.32137,15.54153],[-86.31947,15.53795],[-86.31521,15.54076],[-86.31358,15.53651],[-86.29994,15.53688],[-86.29011,15.53127],[-86.28034,15.53422],[-86.27681,15.52839],[-86.27132,15.52981],[-86.26657,15.52207],[-86.2499,15.52882],[-86.23843,15.52363],[-86.2286,15.49579],[-86.2323,15.48381],[-86.22904,15.4777],[-86.23497,15.47009],[-86.22934,15.46079],[-86.24234,15.44982],[-86.2323,15.43799],[-86.23198,15.40746],[-86.27887,15.37374],[-86.29084,15.37487],[-86.37208,15.32434],[-86.39384,15.32372],[-86.40099,15.33057],[-86.39108,15.3445],[-86.39723,15.36395],[-86.40442,15.37299],[-86.40777,15.37452],[-86.41057,15.37016],[-86.41606,15.37476],[-86.42435,15.37408],[-86.4387,15.39991],[-86.47358,15.40587],[-86.47358,15.39654],[-86.48766,15.39321],[-86.495,15.38663],[-86.51708,15.39058],[-86.5457,15.37351],[-86.59579,15.35245],[-86.61625,15.33752],[-86.63184,15.3413],[-86.64561,15.33574],[-86.64885,15.33188],[-86.64617,15.32592],[-86.64993,15.30315],[-86.67181,15.28164],[-86.70106,15.26523],[-86.72118,15.2681],[-86.73204,15.2646],[-86.7517,15.26977],[-86.75961,15.27925],[-86.76156,15.28915],[-86.7764,15.29605],[-86.78172,15.28507],[-86.79394,15.27845],[-86.81645,15.2848],[-86.8191,15.27172],[-86.83352,15.26802],[-86.8483,15.25643],[-86.85724,15.25721],[-86.8678,15.23967],[-86.86972,15.23163],[-86.86516,15.21975],[-86.86506,15.20234],[-86.85519,15.17034],[-86.86011,15.16518],[-86.85772,15.15984],[-86.86824,15.14645],[-86.86155,15.14321],[-86.86471,15.1351],[-86.88076,15.11882],[-86.87945,15.10658],[-86.88576,15.10246],[-86.8826,15.08293],[-86.88734,15.07723],[-86.91191,15.0669],[-86.91798,15.0681],[-86.92521,15.03966],[-86.96479,15.04521],[-86.9802,15.03213],[-86.99125,15.01532],[-87.02951,15.026],[-87.06229,15.02271],[-87.07752,15.01527],[-87.10533,15.03114],[-87.12606,15.02891],[-87.13381,15.03312],[-87.13739,15.02761],[-87.17297,15.02347],[-87.18718,15.00751],[-87.184,14.99909],[-87.18714,14.98335],[-87.18497,14.97001],[-87.20398,14.958],[-87.20959,14.94938],[-87.21443,14.94916],[-87.21432,14.93627],[-87.20785,14.92535],[-87.21755,14.91302],[-87.19669,14.90716],[-87.19859,14.89545],[-87.1927,14.89041],[-87.19981,14.87501],[-87.2069,14.87477],[-87.21159,14.8816],[-87.25346,14.89891],[-87.26451,14.90623],[-87.27277,14.92174],[-87.28084,14.92686],[-87.28983,14.92487],[-87.29382,14.91442],[-87.29925,14.91355],[-87.31403,14.93196],[-87.31955,14.92725],[-87.32611,14.93117],[-87.34306,14.93038],[-87.35748,14.94116],[-87.37692,14.93816],[-87.39467,14.91902],[-87.404,14.91798],[-87.40679,14.9077],[-87.41784,14.90971],[-87.42426,14.90451],[-87.43284,14.9106],[-87.44975,14.90917],[-87.45529,14.91519],[-87.45334,14.92646],[-87.45851,14.92926],[-87.45355,14.93752],[-87.4646,14.94593],[-87.46007,14.95526],[-87.46479,14.96401],[-87.46215,14.9711],[-87.47715,14.96967],[-87.47424,14.97939],[-87.48507,14.97676],[-87.49567,14.98213],[-87.49569,14.98932],[-87.504,14.994],[-87.50616,15.01195],[-87.5028,15.0162],[-87.50752,15.02619],[-87.51752,15.03987],[-87.5397,15.05388],[-87.55108,15.0552],[-87.57071,15.04319],[-87.58932,15.02078],[-87.62173,15.01132],[-87.64148,15.02037],[-87.67005,15.02167],[-87.70656,15.01106],[-87.73345,15.01288],[-87.74533,15.02892],[-87.75006,15.04652],[-87.7444,15.06037],[-87.74445,15.07465],[-87.73195,15.08196],[-87.73782,15.09012],[-87.73449,15.1114],[-87.74547,15.1177],[-87.75502,15.13373],[-87.77036,15.13974],[-87.78078,15.13451],[-87.79659,15.13995],[-87.79533,15.15112],[-87.80268,15.15627],[-87.81323,15.15019],[-87.81894,15.16107],[-87.83219,15.15771],[-87.84609,15.15963],[-87.85088,15.1634],[-87.84834,15.17435],[-87.86057,15.18136],[-87.86708,15.19265],[-87.90154,15.19068],[-87.91251,15.19882],[-87.92543,15.19956],[-87.92646,15.20744],[-87.91628,15.21025],[-87.92494,15.21376],[-87.91829,15.22222],[-87.91865,15.22842],[-87.92657,15.23314],[-87.92052,15.24051],[-87.92147,15.24513],[-87.92494,15.24585],[-87.93628,15.23464],[-87.93822,15.24498],[-87.93181,15.26987],[-87.92318,15.27498],[-87.91024,15.274],[-87.91188,15.28998],[-87.92592,15.29155],[-87.92866,15.29516],[-87.9234,15.30347],[-87.90513,15.30618],[-87.9075,15.31351],[-87.91639,15.31672],[-87.91713,15.32436],[-87.894,15.3235],[-87.88793,15.33111],[-87.88509,15.34598],[-87.87206,15.33456],[-87.86533,15.33605],[-87.86414,15.34619],[-87.87707,15.34536],[-87.88023,15.35206],[-87.84663,15.37902],[-87.83845,15.40402],[-87.82543,15.40052],[-87.81864,15.40655],[-87.82562,15.43263],[-87.86285,15.4488],[-87.86466,15.45509],[-87.85931,15.45918],[-87.83296,15.45895],[-87.82692,15.43883],[-87.82016,15.44128],[-87.80724,15.46003],[-87.80909,15.46754],[-87.82737,15.47594],[-87.82199,15.48887],[-87.83636,15.49972],[-87.83478,15.50811],[-87.8261,15.5144],[-87.83194,15.52815],[-87.82168,15.52943],[-87.8137,15.52085],[-87.80673,15.51981],[-87.80471,15.52521],[-87.8136,15.53344],[-87.8157,15.55124],[-87.79882,15.5595],[-87.80534,15.57897],[-87.79483,15.58325],[-87.77552,15.56736],[-87.77155,15.57524],[-87.77722,15.57813],[-87.78318,15.59595],[-87.77653,15.59839],[-87.76438,15.59388],[-87.76284,15.61042],[-87.77413,15.61968],[-87.7691,15.63319],[-87.77082,15.63773],[-87.77619,15.64166],[-87.80339,15.63972],[-87.8112,15.65059],[-87.80511,15.6586],[-87.80764,15.66563],[-87.81168,15.66538],[-87.81634,15.65392],[-87.82941,15.66031],[-87.82232,15.68141],[-87.81605,15.68439],[-87.80506,15.68225],[-87.8065,15.69122],[-87.81854,15.68554],[-87.83142,15.68976],[-87.83815,15.68681],[-87.82601,15.70033],[-87.80292,15.70843],[-87.80309,15.71926],[-87.79732,15.72508],[-87.79176,15.72363],[-87.78527,15.71116],[-87.77577,15.71157],[-87.76968,15.70411],[-87.747,15.70005],[-87.73582,15.68376],[-87.72924,15.68259],[-87.7189,15.67175],[-87.70531,15.67029],[-87.7062,15.66658],[-87.69592,15.66505],[-87.68411,15.65496],[-87.67977,15.6475],[-87.68471,15.64093],[-87.67565,15.5825],[-87.6615,15.57615],[-87.64253,15.57451],[-87.62642,15.56655],[-87.62067,15.55576],[-87.60806,15.55311],[-87.58986,15.53815],[-87.61675,15.51431],[-87.617,15.50736],[-87.57121,15.50765],[-87.55432,15.51462],[-87.54277,15.51414],[-87.52671,15.52277],[-87.51483,15.51361],[-87.50985,15.51854],[-87.49682,15.5213],[-87.47752,15.53841],[-87.45877,15.54576],[-87.44864,15.53102],[-87.44256,15.52898],[-87.43403,15.53237],[-87.43677,15.52259],[-87.43411,15.51816],[-87.43782,15.51737],[-87.43469,15.51371],[-87.44008,15.51122],[-87.44044,15.49725],[-87.43165,15.49185],[-87.43822,15.48545],[-87.42567,15.48034],[-87.42204,15.46262],[-87.41858,15.46608],[-87.41767,15.45958],[-87.40972,15.45982],[-87.40962,15.45471],[-87.4052,15.45861],[-87.39888,15.45583],[-87.40308,15.45107],[-87.39812,15.45214],[-87.39873,15.44876],[-87.39083,15.45226],[-87.39197,15.44457],[-87.38628,15.44676],[-87.38455,15.43993],[-87.37812,15.43769],[-87.36081,15.44488],[-87.34485,15.45823],[-87.32276,15.45382],[-87.31563,15.44627],[-87.2841,15.44852],[-87.27467,15.4386],[-87.24544,15.43649],[-87.21343,15.42271],[-87.18884,15.42271],[-87.18008,15.41924],[-87.1742,15.42114],[-87.16509,15.44163],[-87.15138,15.45963],[-87.10848,15.45579],[-87.09123,15.47316],[-87.07329,15.47361],[-87.04883,15.4878],[-87.04966,15.49906],[-87.0423,15.50356],[-87.04397,15.51001],[-87.00546,15.53265],[-86.99299,15.55014],[-86.98379,15.55626],[-86.97117,15.54654],[-86.96593,15.55001],[-86.92392,15.54691],[-86.90714,15.56076],[-86.89731,15.55427],[-86.88366,15.5601],[-86.87462,15.55806],[-86.85902,15.56596],[-86.85065,15.56505],[-86.84945,15.54628],[-86.83237,15.54235],[-86.81924,15.5529],[-86.80844,15.55572],[-86.80267,15.54855],[-86.77542,15.54352],[-86.7643,15.54543],[-86.7636,15.55074],[-86.73977,15.55543],[-86.67981,15.58871],[-86.64157,15.60452],[-86.58679,15.59472],[-86.57199,15.58658],[-86.53449,15.5912],[-86.52495,15.58108],[-86.48311,15.59307],[-86.47741,15.59825],[-86.40116,15.57383]]]}}]}